Benchmark 1: bin/R -f ../nbodyFragment.R

R version 4.1.1 RC (2021-08-03 r80701) -- "Kick Things"
Copyright (C) 2021 The R Foundation for Statistical Computing
Platform: x86_64-pc-linux-gnu (64-bit)

R is free software and comes with ABSOLUTELY NO WARRANTY.
You are welcome to redistribute it under certain conditions.
Type 'license()' or 'licence()' for distribution details.

R is a collaborative project with many contributors.
Type 'contributors()' for more information and
'citation()' on how to cite R or R packages in publications.

Type 'demo()' for some demos, 'help()' for on-line help, or
'help.start()' for an HTML browser interface to help.
Type 'q()' to quit R.

> 
> advance <- function(dt) {
+     dxx <- matrix(0, n_bodies, n_bodies)
+     dyy <- matrix(0, n_bodies, n_bodies)
+     dzz <- matrix(0, n_bodies, n_bodies)
+     for (i in 1:n_bodies) {
+         for (j in 1:n_bodies) {
+             dxx[[i, j]] <- body_x[[i]] - body_x[[j]]
+             dyy[[i, j]] <- body_y[[i]] - body_y[[j]]
+             dzz[[i, j]] <- body_z[[i]] - body_z[[j]]
+         }
+     }
+ 
+     for (i in 1:(n_bodies - 1)) {
+         j_from <- min(i + 1, n_bodies)
+         for (j in j_from:n_bodies) {
+             dx <- body_x[[i]] - body_x[[j]]
+             dy <- body_y[[i]] - body_y[[j]]
+             dz <- body_z[[i]] - body_z[[j]]
+             distance <- sqrt(dx * dx + dy * dy + dz * dz)
+             mag <- dt / (distance * distance * distance)
+             body_vx[[i]] <<- body_vx[[i]] - dx * body_mass[[j]] * mag
+             body_vy[[i]] <<- body_vy[[i]] - dy * body_mass[[j]] * mag
+             body_vz[[i]] <<- body_vz[[i]] - dz * body_mass[[j]] * mag
+             body_vx[[j]] <<- body_vx[[j]] + dx * body_mass[[i]] * mag
+             body_vy[[j]] <<- body_vy[[j]] + dy * body_mass[[i]] * mag
+             body_vz[[j]] <<- body_vz[[j]] + dz * body_mass[[i]] * mag
+         }
+     }
+ 
+     for (i in 1:n_bodies) {
+         body_x[[i]] <<- body_x[[i]] + dt * body_vx[[i]]
+         body_y[[i]] <<- body_y[[i]] + dt * body_vy[[i]]
+         body_z[[i]] <<- body_z[[i]] + dt * body_vz[[i]]
+     }
+ }
> 
> rir.compile(advance)
function (dt) 
{
    dxx <- matrix(0, n_bodies, n_bodies)
    dyy <- matrix(0, n_bodies, n_bodies)
    dzz <- matrix(0, n_bodies, n_bodies)
    for (i in 1:n_bodies) {
        for (j in 1:n_bodies) {
            dxx[[i, j]] <- body_x[[i]] - body_x[[j]]
            dyy[[i, j]] <- body_y[[i]] - body_y[[j]]
            dzz[[i, j]] <- body_z[[i]] - body_z[[j]]
        }
    }
    for (i in 1:(n_bodies - 1)) {
        j_from <- min(i + 1, n_bodies)
        for (j in j_from:n_bodies) {
            dx <- body_x[[i]] - body_x[[j]]
            dy <- body_y[[i]] - body_y[[j]]
            dz <- body_z[[i]] - body_z[[j]]
            distance <- sqrt(dx * dx + dy * dy + dz * dz)
            mag <- dt/(distance * distance * distance)
            body_vx[[i]] <<- body_vx[[i]] - dx * body_mass[[j]] * 
                mag
            body_vy[[i]] <<- body_vy[[i]] - dy * body_mass[[j]] * 
                mag
            body_vz[[i]] <<- body_vz[[i]] - dz * body_mass[[j]] * 
                mag
            body_vx[[j]] <<- body_vx[[j]] + dx * body_mass[[i]] * 
                mag
            body_vy[[j]] <<- body_vy[[j]] + dy * body_mass[[i]] * 
                mag
            body_vz[[j]] <<- body_vz[[j]] + dz * body_mass[[i]] * 
                mag
        }
    }
    for (i in 1:n_bodies) {
        body_x[[i]] <<- body_x[[i]] + dt * body_vx[[i]]
        body_y[[i]] <<- body_y[[i]] + dt * body_vy[[i]]
        body_z[[i]] <<- body_z[[i]] + dt * body_vz[[i]]
    }
}
<bytecode: 0x563909e04ed0>
> rir.disassemble(advance)
== closure 0x56390a85fa50 (env 0x563908ac3218) ==
== dispatch table 0x563909e04f00 ==
= version 0 (0x56390a0ff248) =
[sigature] needsEnv 
[flags]    
[stats]    invoked: 0, deopt: 0
0:
      0   ldfun_  matrix
      5   [ 0, <0>, valid  ] Call#0
     10   push_  0
     15   mk_promise_  0
     20   mk_promise_  1
     25   ; matrix(0, n_bodies, n_bodies)
          call_  3
     42   [ <?> ] Type#2
     47   stvar_cached_  dxx{0}
     56   ldfun_  matrix
     61   [ 0, <0>, valid  ] Call#1
     66   push_  0
     71   mk_promise_  2
     76   mk_promise_  3
     81   ; matrix(0, n_bodies, n_bodies)
          call_  3
     98   [ <?> ] Type#5
    103   stvar_cached_  dyy{2}
    112   ldfun_  matrix
    117   [ 0, <0>, valid  ] Call#2
    122   push_  0
    127   mk_promise_  4
    132   mk_promise_  5
    137   ; matrix(0, n_bodies, n_bodies)
          call_  3
    154   [ <?> ] Type#8
    159   stvar_cached_  dzz{3}
    168   push_  1
    173   visible_  
    174   force_  
    175   ldvar_cached_  n_bodies{1}
    184   [ <?> ] Type#9
    189   force_  
    190   ; :(1, n_bodies)
          colon_input_effects_  
    191   [ _ ] Test#0
    196   brtrue_  1
    201   ; :(1, n_bodies)
          colon_  
    202   ldfun_  for
    207   swap_  
    208   mk_eager_promise_  6
    213   mk_promise_  7
    218   ; for(i, :(1, n_bodies), {(for(j, :(1, n_bodies)|...
          call_  2
    235   pop_  
    236   br_  48
1:
    241   swap_  
    242   colon_cast_lhs_  
    243   [ <?> ] Type#126
    248   ensure_named_  
    249   swap_  
    250   colon_cast_rhs_  
    251   ensure_named_  
    252   [ <?> ] Type#127
    257   dup2_  
    258   ; NULL
          le_  
    259   [ _ ] Test#22
    264   brfalse_  2
    269   push_  1L
    274   br_  3
2:
    279   push_  -1L
3:
    284   swap_  
    285   pick_  2
4:
    290   dup2_  
    291   ; NULL
          ne_  
    292   brfalse_  47
    297   dup_  
    298   stvar_cached_  i{4}
    307   pull_  2
    312   ensure_named_  
    313   ; NULL
          add_  
    314   push_  1
    319   visible_  
    320   force_  
    321   ldvar_cached_  n_bodies{1}
    330   [ <?> ] Type#128
    335   force_  
    336   ; :(1, n_bodies)
          colon_input_effects_  
    337   [ _ ] Test#23
    342   brtrue_  5
    347   ; :(1, n_bodies)
          colon_  
    348   ldfun_  for
    353   swap_  
    354   mk_eager_promise_  8
    359   mk_promise_  9
    364   ; for(j, :(1, n_bodies), {(<-([[(dxx, i, j), -([|...
          call_  2
    381   pop_  
    382   br_  46
5:
    387   swap_  
    388   colon_cast_lhs_  
    389   [ <?> ] Type#167
    394   ensure_named_  
    395   swap_  
    396   colon_cast_rhs_  
    397   ensure_named_  
    398   [ <?> ] Type#168
    403   dup2_  
    404   ; NULL
          le_  
    405   [ _ ] Test#30
    410   brfalse_  6
    415   push_  1L
    420   br_  7
6:
    425   push_  -1L
7:
    430   swap_  
    431   pick_  2
    436   dup2_  
    437   ; NULL
          ne_  
    438   [ _ ] Test#31
    443   brfalse_  45
    448   dup_  
    449   stvar_cached_  j{5}
    458   pull_  2
    463   ensure_named_  
    464   ; NULL
          add_  
    465   ldvar_cached_  body_x{6}
    474   [ <?> ] Type#169
    479   dup_  
    480   is_  NonObject
    485   [ _ ] Test#32
    490   brfalse_  8
    495   br_  9
8:
    500   mk_promise_  a
    505   br_  10
9:
    510   ldvar_cached_  i{4}
    519   [ <?> ] TypeOnce#171 (bit: #0)
10:
    524   ; [[(body_x, i)
          extract2_1_  
    525   [ <?> ] Type#172
    530   visible_  
    531   ldvar_cached_  body_x{6}
    540   [ <?> ] Type#173
    545   dup_  
    546   is_  NonObject
    551   [ _ ] Test#33
    556   brfalse_  11
    561   br_  12
11:
    566   mk_promise_  b
    571   br_  13
12:
    576   ldvar_cached_  j{5}
    585   [ <?> ] Type#175
13:
    590   ; [[(body_x, j)
          extract2_1_  
    591   [ <?> ] Type#176
    596   visible_  
    597   ; -([[(body_x, i), [[(body_x, j))
          sub_  
    598   [ <?> ] Type#177
    603   ldvar_for_update_cache_  dxx{0}
    612   [ <?> ] Type#178
    617   ldvar_cached_  i{4}
    626   ldvar_cached_  j{5}
    635   ; <-([[(dxx, i, j), -([[(body_x, i), [[(body_x, j)))
          subassign2_2_  
    636   stvar_cached_  dxx{0}
    645   ldvar_cached_  body_y{7}
    654   [ <?> ] Type#181
    659   dup_  
    660   is_  NonObject
    665   [ _ ] Test#34
    670   brfalse_  14
    675   br_  15
14:
    680   mk_promise_  c
    685   br_  16
15:
    690   ldvar_cached_  i{4}
16:
    699   ; [[(body_y, i)
          extract2_1_  
    700   [ <?> ] Type#184
    705   visible_  
    706   ldvar_cached_  body_y{7}
    715   [ <?> ] Type#185
    720   dup_  
    721   is_  NonObject
    726   [ _ ] Test#35
    731   brfalse_  17
    736   br_  18
17:
    741   mk_promise_  d
    746   br_  19
18:
    751   ldvar_cached_  j{5}
19:
    760   ; [[(body_y, j)
          extract2_1_  
    761   [ <?> ] Type#188
    766   visible_  
    767   ; -([[(body_y, i), [[(body_y, j))
          sub_  
    768   [ <?> ] Type#189
    773   ldvar_for_update_cache_  dyy{2}
    782   [ <?> ] Type#190
    787   ldvar_cached_  i{4}
    796   ldvar_cached_  j{5}
    805   ; <-([[(dyy, i, j), -([[(body_y, i), [[(body_y, j)))
          subassign2_2_  
    806   stvar_cached_  dyy{2}
    815   ldvar_cached_  body_z{8}
    824   [ <?> ] Type#193
    829   dup_  
    830   is_  NonObject
    835   [ _ ] Test#36
    840   brfalse_  20
    845   br_  21
20:
    850   mk_promise_  e
    855   br_  22
21:
    860   ldvar_cached_  i{4}
22:
    869   ; [[(body_z, i)
          extract2_1_  
    870   [ <?> ] Type#196
    875   visible_  
    876   ldvar_cached_  body_z{8}
    885   [ <?> ] Type#197
    890   dup_  
    891   is_  NonObject
    896   [ _ ] Test#37
    901   brfalse_  23
    906   br_  24
23:
    911   mk_promise_  f
    916   br_  25
24:
    921   ldvar_cached_  j{5}
25:
    930   ; [[(body_z, j)
          extract2_1_  
    931   [ <?> ] Type#200
    936   visible_  
    937   ; -([[(body_z, i), [[(body_z, j))
          sub_  
    938   [ <?> ] Type#201
    943   ldvar_for_update_cache_  dzz{3}
    952   [ <?> ] Type#202
    957   ldvar_cached_  i{4}
    966   ldvar_cached_  j{5}
    975   ; <-([[(dzz, i, j), -([[(body_z, i), [[(body_z, j)))
          subassign2_2_  
    976   stvar_cached_  dzz{3}
26:
    985   dup2_  
    986   ; NULL
          ne_  
    987   brfalse_  45
    992   dup_  
    993   stvar_cached_  j{5}
   1002   pull_  2
   1007   ensure_named_  
   1008   ; NULL
          add_  
   1009   ldvar_cached_  body_x{6}
   1018   [ <?> ] Type#205
   1023   dup_  
   1024   is_  NonObject
   1029   [ _ ] Test#38
   1034   brfalse_  27
   1039   br_  28
27:
   1044   mk_promise_  10
   1049   br_  29
28:
   1054   ldvar_cached_  i{4}
   1063   [ <?> ] TypeOnce#207 (bit: #1)
29:
   1068   ; [[(body_x, i)
          extract2_1_  
   1069   [ <?> ] Type#208
   1074   visible_  
   1075   ldvar_cached_  body_x{6}
   1084   [ <?> ] Type#209
   1089   dup_  
   1090   is_  NonObject
   1095   [ _ ] Test#39
   1100   brfalse_  30
   1105   br_  31
30:
   1110   mk_promise_  11
   1115   br_  32
31:
   1120   ldvar_cached_  j{5}
   1129   [ <?> ] Type#211
32:
   1134   ; [[(body_x, j)
          extract2_1_  
   1135   [ <?> ] Type#212
   1140   visible_  
   1141   ; -([[(body_x, i), [[(body_x, j))
          sub_  
   1142   [ <?> ] Type#213
   1147   ldvar_for_update_cache_  dxx{0}
   1156   [ <?> ] Type#214
   1161   ldvar_cached_  i{4}
   1170   ldvar_cached_  j{5}
   1179   ; <-([[(dxx, i, j), -([[(body_x, i), [[(body_x, j)))
          subassign2_2_  
   1180   stvar_cached_  dxx{0}
   1189   ldvar_cached_  body_y{7}
   1198   [ <?> ] Type#217
   1203   dup_  
   1204   is_  NonObject
   1209   [ _ ] Test#40
   1214   brfalse_  33
   1219   br_  34
33:
   1224   mk_promise_  12
   1229   br_  35
34:
   1234   ldvar_cached_  i{4}
35:
   1243   ; [[(body_y, i)
          extract2_1_  
   1244   [ <?> ] Type#220
   1249   visible_  
   1250   ldvar_cached_  body_y{7}
   1259   [ <?> ] Type#221
   1264   dup_  
   1265   is_  NonObject
   1270   [ _ ] Test#41
   1275   brfalse_  36
   1280   br_  37
36:
   1285   mk_promise_  13
   1290   br_  38
37:
   1295   ldvar_cached_  j{5}
38:
   1304   ; [[(body_y, j)
          extract2_1_  
   1305   [ <?> ] Type#224
   1310   visible_  
   1311   ; -([[(body_y, i), [[(body_y, j))
          sub_  
   1312   [ <?> ] Type#225
   1317   ldvar_for_update_cache_  dyy{2}
   1326   [ <?> ] Type#226
   1331   ldvar_cached_  i{4}
   1340   ldvar_cached_  j{5}
   1349   ; <-([[(dyy, i, j), -([[(body_y, i), [[(body_y, j)))
          subassign2_2_  
   1350   stvar_cached_  dyy{2}
   1359   ldvar_cached_  body_z{8}
   1368   [ <?> ] Type#229
   1373   dup_  
   1374   is_  NonObject
   1379   [ _ ] Test#42
   1384   brfalse_  39
   1389   br_  40
39:
   1394   mk_promise_  14
   1399   br_  41
40:
   1404   ldvar_cached_  i{4}
41:
   1413   ; [[(body_z, i)
          extract2_1_  
   1414   [ <?> ] Type#232
   1419   visible_  
   1420   ldvar_cached_  body_z{8}
   1429   [ <?> ] Type#233
   1434   dup_  
   1435   is_  NonObject
   1440   [ _ ] Test#43
   1445   brfalse_  42
   1450   br_  43
42:
   1455   mk_promise_  15
   1460   br_  44
43:
   1465   ldvar_cached_  j{5}
44:
   1474   ; [[(body_z, j)
          extract2_1_  
   1475   [ <?> ] Type#236
   1480   visible_  
   1481   ; -([[(body_z, i), [[(body_z, j))
          sub_  
   1482   [ <?> ] Type#237
   1487   ldvar_for_update_cache_  dzz{3}
   1496   [ <?> ] Type#238
   1501   ldvar_cached_  i{4}
   1510   ldvar_cached_  j{5}
   1519   ; <-([[(dzz, i, j), -([[(body_z, i), [[(body_z, j)))
          subassign2_2_  
   1520   stvar_cached_  dzz{3}
   1529   br_  26
45:
   1534   popn_  3
46:
   1539   br_  4
47:
   1544   popn_  3
48:
   1549   push_  1
   1554   visible_  
   1555   force_  
   1556   ldvar_cached_  n_bodies{1}
   1565   [ <?> ] Type#241
   1570   push_  1
   1575   visible_  
   1576   ; -(n_bodies, 1)
          sub_  
   1577   [ <?> ] Type#242
   1582   visible_  
   1583   force_  
   1584   ; :(1, ((-(n_bodies, 1)))
          colon_input_effects_  
   1585   [ _ ] Test#44
   1590   brtrue_  49
   1595   ; :(1, ((-(n_bodies, 1)))
          colon_  
   1596   ldfun_  for
   1601   swap_  
   1602   mk_eager_promise_  16
   1607   mk_promise_  17
   1612   ; for(i, :(1, ((-(n_bodies, 1))), {(<-(j_from, m|...
          call_  2
   1629   pop_  
   1630   br_  174
49:
   1635   swap_  
   1636   colon_cast_lhs_  
   1637   [ <?> ] Type#666
   1642   ensure_named_  
   1643   swap_  
   1644   colon_cast_rhs_  
   1645   ensure_named_  
   1646   [ <?> ] Type#667
   1651   dup2_  
   1652   ; NULL
          le_  
   1653   [ _ ] Test#102
   1658   brfalse_  50
   1663   push_  1L
   1668   br_  51
50:
   1673   push_  -1L
51:
   1678   swap_  
   1679   pick_  2
52:
   1684   dup2_  
   1685   ; NULL
          ne_  
   1686   brfalse_  173
   1691   dup_  
   1692   stvar_cached_  i{4}
   1701   pull_  2
   1706   ensure_named_  
   1707   ; NULL
          add_  
   1708   push_  <blt min>
   1713   dup_  
   1714   ldvar_noforce_  min
   1719   identical_noforce_  
   1720   [ _ ] Test#103
   1725   brtrue_  53
   1730   pop_  
   1731   ldfun_  min
   1736   [ 0, <0>, valid  ] Call#7
   1741   mk_promise_  18
   1746   mk_promise_  19
   1751   ; min(+(i, 1), n_bodies)
          call_  2
   1768   br_  54
53:
   1773   ldvar_cached_  i{4}
   1782   [ <?> ] TypeOnce#671 (bit: #2)
   1787   push_  1
   1792   visible_  
   1793   ; +(i, 1)
          add_  
   1794   [ <?> ] Type#672
   1799   ldvar_cached_  n_bodies{1}
   1808   [ <?> ] Type#673
   1813   ; min(+(i, 1), n_bodies)
          call_  2
54:
   1830   [ <?> ] Type#674
   1835   stvar_cached_  j_from{9}
   1844   ldvar_cached_  j_from{9}
   1853   force_  
   1854   ldvar_cached_  n_bodies{1}
   1863   [ <?> ] Type#676
   1868   force_  
   1869   ; :(j_from, n_bodies)
          colon_input_effects_  
   1870   [ _ ] Test#104
   1875   brtrue_  55
   1880   ; :(j_from, n_bodies)
          colon_  
   1881   ldfun_  for
   1886   swap_  
   1887   mk_eager_promise_  1a
   1892   mk_promise_  1b
   1897   ; for(j, :(j_from, n_bodies), {(<-(dx, -([[(body|...
          call_  2
   1914   pop_  
   1915   br_  172
55:
   1920   swap_  
   1921   colon_cast_lhs_  
   1922   [ <?> ] Type#816
   1927   ensure_named_  
   1928   swap_  
   1929   colon_cast_rhs_  
   1930   ensure_named_  
   1931   [ <?> ] Type#817
   1936   dup2_  
   1937   ; NULL
          le_  
   1938   [ _ ] Test#123
   1943   brfalse_  56
   1948   push_  1L
   1953   br_  57
56:
   1958   push_  -1L
57:
   1963   swap_  
   1964   pick_  2
   1969   dup2_  
   1970   ; NULL
          ne_  
   1971   [ _ ] Test#124
   1976   brfalse_  171
   1981   dup_  
   1982   stvar_cached_  j{5}
   1991   pull_  2
   1996   ensure_named_  
   1997   ; NULL
          add_  
   1998   ldvar_cached_  body_x{6}
   2007   [ <?> ] Type#818
   2012   dup_  
   2013   is_  NonObject
   2018   [ _ ] Test#125
   2023   brfalse_  58
   2028   br_  59
58:
   2033   mk_promise_  1c
   2038   br_  60
59:
   2043   ldvar_cached_  i{4}
   2052   [ <?> ] TypeOnce#820 (bit: #3)
60:
   2057   ; [[(body_x, i)
          extract2_1_  
   2058   [ <?> ] Type#821
   2063   visible_  
   2064   ldvar_cached_  body_x{6}
   2073   [ <?> ] Type#822
   2078   dup_  
   2079   is_  NonObject
   2084   [ _ ] Test#126
   2089   brfalse_  61
   2094   br_  62
61:
   2099   mk_promise_  1d
   2104   br_  63
62:
   2109   ldvar_cached_  j{5}
   2118   [ <?> ] Type#824
63:
   2123   ; [[(body_x, j)
          extract2_1_  
   2124   [ <?> ] Type#825
   2129   visible_  
   2130   ; -([[(body_x, i), [[(body_x, j))
          sub_  
   2131   [ <?> ] Type#826
   2136   stvar_cached_  dx{10}
   2145   ldvar_cached_  body_y{7}
   2154   [ <?> ] Type#827
   2159   dup_  
   2160   is_  NonObject
   2165   [ _ ] Test#127
   2170   brfalse_  64
   2175   br_  65
64:
   2180   mk_promise_  1e
   2185   br_  66
65:
   2190   ldvar_cached_  i{4}
66:
   2199   ; [[(body_y, i)
          extract2_1_  
   2200   [ <?> ] Type#830
   2205   visible_  
   2206   ldvar_cached_  body_y{7}
   2215   [ <?> ] Type#831
   2220   dup_  
   2221   is_  NonObject
   2226   [ _ ] Test#128
   2231   brfalse_  67
   2236   br_  68
67:
   2241   mk_promise_  1f
   2246   br_  69
68:
   2251   ldvar_cached_  j{5}
69:
   2260   ; [[(body_y, j)
          extract2_1_  
   2261   [ <?> ] Type#834
   2266   visible_  
   2267   ; -([[(body_y, i), [[(body_y, j))
          sub_  
   2268   [ <?> ] Type#835
   2273   stvar_cached_  dy{11}
   2282   ldvar_cached_  body_z{8}
   2291   [ <?> ] Type#836
   2296   dup_  
   2297   is_  NonObject
   2302   [ _ ] Test#129
   2307   brfalse_  70
   2312   br_  71
70:
   2317   mk_promise_  20
   2322   br_  72
71:
   2327   ldvar_cached_  i{4}
72:
   2336   ; [[(body_z, i)
          extract2_1_  
   2337   [ <?> ] Type#839
   2342   visible_  
   2343   ldvar_cached_  body_z{8}
   2352   [ <?> ] Type#840
   2357   dup_  
   2358   is_  NonObject
   2363   [ _ ] Test#130
   2368   brfalse_  73
   2373   br_  74
73:
   2378   mk_promise_  21
   2383   br_  75
74:
   2388   ldvar_cached_  j{5}
75:
   2397   ; [[(body_z, j)
          extract2_1_  
   2398   [ <?> ] Type#843
   2403   visible_  
   2404   ; -([[(body_z, i), [[(body_z, j))
          sub_  
   2405   [ <?> ] Type#844
   2410   stvar_cached_  dz{12}
   2419   push_  <blt sqrt>
   2424   dup_  
   2425   ldvar_noforce_  sqrt
   2430   identical_noforce_  
   2431   [ _ ] Test#131
   2436   brtrue_  76
   2441   pop_  
   2442   ldfun_  sqrt
   2447   [ 0, <0>, valid  ] Call#9
   2452   mk_promise_  22
   2457   ; sqrt(+(+(*(dx, dx), *(dy, dy)), *(dz, dz)))
          call_  1
   2474   br_  77
76:
   2479   ldvar_cached_  dx{10}
   2488   ldvar_cached_  dx{10}
   2497   ; *(dx, dx)
          mul_  
   2498   [ <?> ] Type#858
   2503   ldvar_cached_  dy{11}
   2512   ldvar_cached_  dy{11}
   2521   ; *(dy, dy)
          mul_  
   2522   [ <?> ] Type#861
   2527   ; +(*(dx, dx), *(dy, dy))
          add_  
   2528   [ <?> ] Type#862
   2533   ldvar_cached_  dz{12}
   2542   ldvar_cached_  dz{12}
   2551   ; *(dz, dz)
          mul_  
   2552   [ <?> ] Type#865
   2557   ; +(+(*(dx, dx), *(dy, dy)), *(dz, dz))
          add_  
   2558   [ <?> ] Type#866
   2563   ; sqrt(+(+(*(dx, dx), *(dy, dy)), *(dz, dz)))
          call_  1
77:
   2580   [ <?> ] Type#867
   2585   stvar_cached_  distance{13}
   2594   ldvar_cached_  dt{15}
   2603   [ <?> ] TypeOnce#868 (bit: #4)
   2608   ldvar_cached_  distance{13}
   2617   ldvar_cached_  distance{13}
   2626   ; *(distance, distance)
          mul_  
   2627   [ <?> ] Type#871
   2632   ldvar_cached_  distance{13}
   2641   ; *(*(distance, distance), distance)
          mul_  
   2642   [ <?> ] Type#873
   2647   visible_  
   2648   ; /(dt, ((*(*(distance, distance), distance)))
          div_  
   2649   [ <?> ] Type#874
   2654   stvar_cached_  mag{14}
   2663   ldvar_for_update_cache_  body_vx{16}
   2672   set_shared_  
   2673   pop_  
   2674   ldvar_cached_  body_vx{16}
   2683   [ <?> ] Type#875
   2688   dup_  
   2689   is_  NonObject
   2694   [ _ ] Test#132
   2699   brfalse_  78
   2704   br_  79
78:
   2709   mk_promise_  23
   2714   br_  80
79:
   2719   ldvar_cached_  i{4}
80:
   2728   ; [[(body_vx, i)
          extract2_1_  
   2729   [ <?> ] Type#878
   2734   visible_  
   2735   ldvar_cached_  dx{10}
   2744   ldvar_cached_  body_mass{17}
   2753   [ <?> ] Type#880
   2758   dup_  
   2759   is_  NonObject
   2764   [ _ ] Test#133
   2769   brfalse_  81
   2774   br_  82
81:
   2779   mk_promise_  24
   2784   br_  83
82:
   2789   ldvar_cached_  j{5}
83:
   2798   ; [[(body_mass, j)
          extract2_1_  
   2799   [ <?> ] Type#883
   2804   visible_  
   2805   ; *(dx, [[(body_mass, j))
          mul_  
   2806   [ <?> ] Type#884
   2811   ldvar_cached_  mag{14}
   2820   ; *(*(dx, [[(body_mass, j)), mag)
          mul_  
   2821   [ <?> ] Type#886
   2826   ; -([[(body_vx, i), *(*(dx, [[(body_mass, j)), mag))
          sub_  
   2827   [ <?> ] Type#887
   2832   ldvar_super_  body_vx
   2837   [ <?> ] Type#888
   2842   ldvar_cached_  i{4}
   2851   ; <<-([[(body_vx, i), -([[(body_vx, i), *(*(dx, |...
          subassign2_1_  
   2852   stvar_super_  body_vx
   2857   ldvar_for_update_cache_  body_vy{18}
   2866   set_shared_  
   2867   pop_  
   2868   ldvar_cached_  body_vy{18}
   2877   [ <?> ] Type#890
   2882   dup_  
   2883   is_  NonObject
   2888   [ _ ] Test#134
   2893   brfalse_  84
   2898   br_  85
84:
   2903   mk_promise_  25
   2908   br_  86
85:
   2913   ldvar_cached_  i{4}
86:
   2922   ; [[(body_vy, i)
          extract2_1_  
   2923   [ <?> ] Type#893
   2928   visible_  
   2929   ldvar_cached_  dy{11}
   2938   ldvar_cached_  body_mass{17}
   2947   [ <?> ] Type#895
   2952   dup_  
   2953   is_  NonObject
   2958   [ _ ] Test#135
   2963   brfalse_  87
   2968   br_  88
87:
   2973   mk_promise_  26
   2978   br_  89
88:
   2983   ldvar_cached_  j{5}
89:
   2992   ; [[(body_mass, j)
          extract2_1_  
   2993   [ <?> ] Type#898
   2998   visible_  
   2999   ; *(dy, [[(body_mass, j))
          mul_  
   3000   [ <?> ] Type#899
   3005   ldvar_cached_  mag{14}
   3014   ; *(*(dy, [[(body_mass, j)), mag)
          mul_  
   3015   [ <?> ] Type#901
   3020   ; -([[(body_vy, i), *(*(dy, [[(body_mass, j)), mag))
          sub_  
   3021   [ <?> ] Type#902
   3026   ldvar_super_  body_vy
   3031   [ <?> ] Type#903
   3036   ldvar_cached_  i{4}
   3045   ; <<-([[(body_vy, i), -([[(body_vy, i), *(*(dy, |...
          subassign2_1_  
   3046   stvar_super_  body_vy
   3051   ldvar_for_update_cache_  body_vz{19}
   3060   set_shared_  
   3061   pop_  
   3062   ldvar_cached_  body_vz{19}
   3071   [ <?> ] Type#905
   3076   dup_  
   3077   is_  NonObject
   3082   [ _ ] Test#136
   3087   brfalse_  90
   3092   br_  91
90:
   3097   mk_promise_  27
   3102   br_  92
91:
   3107   ldvar_cached_  i{4}
92:
   3116   ; [[(body_vz, i)
          extract2_1_  
   3117   [ <?> ] Type#908
   3122   visible_  
   3123   ldvar_cached_  dz{12}
   3132   ldvar_cached_  body_mass{17}
   3141   [ <?> ] Type#910
   3146   dup_  
   3147   is_  NonObject
   3152   [ _ ] Test#137
   3157   brfalse_  93
   3162   br_  94
93:
   3167   mk_promise_  28
   3172   br_  95
94:
   3177   ldvar_cached_  j{5}
95:
   3186   ; [[(body_mass, j)
          extract2_1_  
   3187   [ <?> ] Type#913
   3192   visible_  
   3193   ; *(dz, [[(body_mass, j))
          mul_  
   3194   [ <?> ] Type#914
   3199   ldvar_cached_  mag{14}
   3208   ; *(*(dz, [[(body_mass, j)), mag)
          mul_  
   3209   [ <?> ] Type#916
   3214   ; -([[(body_vz, i), *(*(dz, [[(body_mass, j)), mag))
          sub_  
   3215   [ <?> ] Type#917
   3220   ldvar_super_  body_vz
   3225   [ <?> ] Type#918
   3230   ldvar_cached_  i{4}
   3239   ; <<-([[(body_vz, i), -([[(body_vz, i), *(*(dz, |...
          subassign2_1_  
   3240   stvar_super_  body_vz
   3245   ldvar_for_update_cache_  body_vx{16}
   3254   set_shared_  
   3255   pop_  
   3256   ldvar_cached_  body_vx{16}
   3265   [ <?> ] Type#920
   3270   dup_  
   3271   is_  NonObject
   3276   [ _ ] Test#138
   3281   brfalse_  96
   3286   br_  97
96:
   3291   mk_promise_  29
   3296   br_  98
97:
   3301   ldvar_cached_  j{5}
98:
   3310   ; [[(body_vx, j)
          extract2_1_  
   3311   [ <?> ] Type#923
   3316   visible_  
   3317   ldvar_cached_  dx{10}
   3326   ldvar_cached_  body_mass{17}
   3335   [ <?> ] Type#925
   3340   dup_  
   3341   is_  NonObject
   3346   [ _ ] Test#139
   3351   brfalse_  99
   3356   br_  100
99:
   3361   mk_promise_  2a
   3366   br_  101
100:
   3371   ldvar_cached_  i{4}
101:
   3380   ; [[(body_mass, i)
          extract2_1_  
   3381   [ <?> ] Type#928
   3386   visible_  
   3387   ; *(dx, [[(body_mass, i))
          mul_  
   3388   [ <?> ] Type#929
   3393   ldvar_cached_  mag{14}
   3402   ; *(*(dx, [[(body_mass, i)), mag)
          mul_  
   3403   [ <?> ] Type#931
   3408   ; +([[(body_vx, j), *(*(dx, [[(body_mass, i)), mag))
          add_  
   3409   [ <?> ] Type#932
   3414   ldvar_super_  body_vx
   3419   [ <?> ] Type#933
   3424   ldvar_cached_  j{5}
   3433   ; <<-([[(body_vx, j), +([[(body_vx, j), *(*(dx, |...
          subassign2_1_  
   3434   stvar_super_  body_vx
   3439   ldvar_for_update_cache_  body_vy{18}
   3448   set_shared_  
   3449   pop_  
   3450   ldvar_cached_  body_vy{18}
   3459   [ <?> ] Type#935
   3464   dup_  
   3465   is_  NonObject
   3470   [ _ ] Test#140
   3475   brfalse_  102
   3480   br_  103
102:
   3485   mk_promise_  2b
   3490   br_  104
103:
   3495   ldvar_cached_  j{5}
104:
   3504   ; [[(body_vy, j)
          extract2_1_  
   3505   [ <?> ] Type#938
   3510   visible_  
   3511   ldvar_cached_  dy{11}
   3520   ldvar_cached_  body_mass{17}
   3529   [ <?> ] Type#940
   3534   dup_  
   3535   is_  NonObject
   3540   [ _ ] Test#141
   3545   brfalse_  105
   3550   br_  106
105:
   3555   mk_promise_  2c
   3560   br_  107
106:
   3565   ldvar_cached_  i{4}
107:
   3574   ; [[(body_mass, i)
          extract2_1_  
   3575   [ <?> ] Type#943
   3580   visible_  
   3581   ; *(dy, [[(body_mass, i))
          mul_  
   3582   [ <?> ] Type#944
   3587   ldvar_cached_  mag{14}
   3596   ; *(*(dy, [[(body_mass, i)), mag)
          mul_  
   3597   [ <?> ] Type#946
   3602   ; +([[(body_vy, j), *(*(dy, [[(body_mass, i)), mag))
          add_  
   3603   [ <?> ] Type#947
   3608   ldvar_super_  body_vy
   3613   [ <?> ] Type#948
   3618   ldvar_cached_  j{5}
   3627   ; <<-([[(body_vy, j), +([[(body_vy, j), *(*(dy, |...
          subassign2_1_  
   3628   stvar_super_  body_vy
   3633   ldvar_for_update_cache_  body_vz{19}
   3642   set_shared_  
   3643   pop_  
   3644   ldvar_cached_  body_vz{19}
   3653   [ <?> ] Type#950
   3658   dup_  
   3659   is_  NonObject
   3664   [ _ ] Test#142
   3669   brfalse_  108
   3674   br_  109
108:
   3679   mk_promise_  2d
   3684   br_  110
109:
   3689   ldvar_cached_  j{5}
110:
   3698   ; [[(body_vz, j)
          extract2_1_  
   3699   [ <?> ] Type#953
   3704   visible_  
   3705   ldvar_cached_  dz{12}
   3714   ldvar_cached_  body_mass{17}
   3723   [ <?> ] Type#955
   3728   dup_  
   3729   is_  NonObject
   3734   [ _ ] Test#143
   3739   brfalse_  111
   3744   br_  112
111:
   3749   mk_promise_  2e
   3754   br_  113
112:
   3759   ldvar_cached_  i{4}
113:
   3768   ; [[(body_mass, i)
          extract2_1_  
   3769   [ <?> ] Type#958
   3774   visible_  
   3775   ; *(dz, [[(body_mass, i))
          mul_  
   3776   [ <?> ] Type#959
   3781   ldvar_cached_  mag{14}
   3790   ; *(*(dz, [[(body_mass, i)), mag)
          mul_  
   3791   [ <?> ] Type#961
   3796   ; +([[(body_vz, j), *(*(dz, [[(body_mass, i)), mag))
          add_  
   3797   [ <?> ] Type#962
   3802   ldvar_super_  body_vz
   3807   [ <?> ] Type#963
   3812   ldvar_cached_  j{5}
   3821   ; <<-([[(body_vz, j), +([[(body_vz, j), *(*(dz, |...
          subassign2_1_  
   3822   stvar_super_  body_vz
114:
   3827   dup2_  
   3828   ; NULL
          ne_  
   3829   brfalse_  171
   3834   dup_  
   3835   stvar_cached_  j{5}
   3844   pull_  2
   3849   ensure_named_  
   3850   ; NULL
          add_  
   3851   ldvar_cached_  body_x{6}
   3860   [ <?> ] Type#965
   3865   dup_  
   3866   is_  NonObject
   3871   [ _ ] Test#144
   3876   brfalse_  115
   3881   br_  116
115:
   3886   mk_promise_  2f
   3891   br_  117
116:
   3896   ldvar_cached_  i{4}
   3905   [ <?> ] TypeOnce#967 (bit: #5)
117:
   3910   ; [[(body_x, i)
          extract2_1_  
   3911   [ <?> ] Type#968
   3916   visible_  
   3917   ldvar_cached_  body_x{6}
   3926   [ <?> ] Type#969
   3931   dup_  
   3932   is_  NonObject
   3937   [ _ ] Test#145
   3942   brfalse_  118
   3947   br_  119
118:
   3952   mk_promise_  30
   3957   br_  120
119:
   3962   ldvar_cached_  j{5}
   3971   [ <?> ] Type#971
120:
   3976   ; [[(body_x, j)
          extract2_1_  
   3977   [ <?> ] Type#972
   3982   visible_  
   3983   ; -([[(body_x, i), [[(body_x, j))
          sub_  
   3984   [ <?> ] Type#973
   3989   stvar_cached_  dx{10}
   3998   ldvar_cached_  body_y{7}
   4007   [ <?> ] Type#974
   4012   dup_  
   4013   is_  NonObject
   4018   [ _ ] Test#146
   4023   brfalse_  121
   4028   br_  122
121:
   4033   mk_promise_  31
   4038   br_  123
122:
   4043   ldvar_cached_  i{4}
123:
   4052   ; [[(body_y, i)
          extract2_1_  
   4053   [ <?> ] Type#977
   4058   visible_  
   4059   ldvar_cached_  body_y{7}
   4068   [ <?> ] Type#978
   4073   dup_  
   4074   is_  NonObject
   4079   [ _ ] Test#147
   4084   brfalse_  124
   4089   br_  125
124:
   4094   mk_promise_  32
   4099   br_  126
125:
   4104   ldvar_cached_  j{5}
126:
   4113   ; [[(body_y, j)
          extract2_1_  
   4114   [ <?> ] Type#981
   4119   visible_  
   4120   ; -([[(body_y, i), [[(body_y, j))
          sub_  
   4121   [ <?> ] Type#982
   4126   stvar_cached_  dy{11}
   4135   ldvar_cached_  body_z{8}
   4144   [ <?> ] Type#983
   4149   dup_  
   4150   is_  NonObject
   4155   [ _ ] Test#148
   4160   brfalse_  127
   4165   br_  128
127:
   4170   mk_promise_  33
   4175   br_  129
128:
   4180   ldvar_cached_  i{4}
129:
   4189   ; [[(body_z, i)
          extract2_1_  
   4190   [ <?> ] Type#986
   4195   visible_  
   4196   ldvar_cached_  body_z{8}
   4205   [ <?> ] Type#987
   4210   dup_  
   4211   is_  NonObject
   4216   [ _ ] Test#149
   4221   brfalse_  130
   4226   br_  131
130:
   4231   mk_promise_  34
   4236   br_  132
131:
   4241   ldvar_cached_  j{5}
132:
   4250   ; [[(body_z, j)
          extract2_1_  
   4251   [ <?> ] Type#990
   4256   visible_  
   4257   ; -([[(body_z, i), [[(body_z, j))
          sub_  
   4258   [ <?> ] Type#991
   4263   stvar_cached_  dz{12}
   4272   push_  <blt sqrt>
   4277   dup_  
   4278   ldvar_noforce_  sqrt
   4283   identical_noforce_  
   4284   [ _ ] Test#150
   4289   brtrue_  133
   4294   pop_  
   4295   ldfun_  sqrt
   4300   [ 0, <0>, valid  ] Call#10
   4305   mk_promise_  35
   4310   ; sqrt(+(+(*(dx, dx), *(dy, dy)), *(dz, dz)))
          call_  1
   4327   br_  134
133:
   4332   ldvar_cached_  dx{10}
   4341   ldvar_cached_  dx{10}
   4350   ; *(dx, dx)
          mul_  
   4351   [ <?> ] Type#1005
   4356   ldvar_cached_  dy{11}
   4365   ldvar_cached_  dy{11}
   4374   ; *(dy, dy)
          mul_  
   4375   [ <?> ] Type#1008
   4380   ; +(*(dx, dx), *(dy, dy))
          add_  
   4381   [ <?> ] Type#1009
   4386   ldvar_cached_  dz{12}
   4395   ldvar_cached_  dz{12}
   4404   ; *(dz, dz)
          mul_  
   4405   [ <?> ] Type#1012
   4410   ; +(+(*(dx, dx), *(dy, dy)), *(dz, dz))
          add_  
   4411   [ <?> ] Type#1013
   4416   ; sqrt(+(+(*(dx, dx), *(dy, dy)), *(dz, dz)))
          call_  1
134:
   4433   [ <?> ] Type#1014
   4438   stvar_cached_  distance{13}
   4447   ldvar_cached_  dt{15}
   4456   [ <?> ] TypeOnce#1015 (bit: #6)
   4461   ldvar_cached_  distance{13}
   4470   ldvar_cached_  distance{13}
   4479   ; *(distance, distance)
          mul_  
   4480   [ <?> ] Type#1018
   4485   ldvar_cached_  distance{13}
   4494   ; *(*(distance, distance), distance)
          mul_  
   4495   [ <?> ] Type#1020
   4500   visible_  
   4501   ; /(dt, ((*(*(distance, distance), distance)))
          div_  
   4502   [ <?> ] Type#1021
   4507   stvar_cached_  mag{14}
   4516   ldvar_for_update_cache_  body_vx{16}
   4525   set_shared_  
   4526   pop_  
   4527   ldvar_cached_  body_vx{16}
   4536   [ <?> ] Type#1022
   4541   dup_  
   4542   is_  NonObject
   4547   [ _ ] Test#151
   4552   brfalse_  135
   4557   br_  136
135:
   4562   mk_promise_  36
   4567   br_  137
136:
   4572   ldvar_cached_  i{4}
137:
   4581   ; [[(body_vx, i)
          extract2_1_  
   4582   [ <?> ] Type#1025
   4587   visible_  
   4588   ldvar_cached_  dx{10}
   4597   ldvar_cached_  body_mass{17}
   4606   [ <?> ] Type#1027
   4611   dup_  
   4612   is_  NonObject
   4617   [ _ ] Test#152
   4622   brfalse_  138
   4627   br_  139
138:
   4632   mk_promise_  37
   4637   br_  140
139:
   4642   ldvar_cached_  j{5}
140:
   4651   ; [[(body_mass, j)
          extract2_1_  
   4652   [ <?> ] Type#1030
   4657   visible_  
   4658   ; *(dx, [[(body_mass, j))
          mul_  
   4659   [ <?> ] Type#1031
   4664   ldvar_cached_  mag{14}
   4673   ; *(*(dx, [[(body_mass, j)), mag)
          mul_  
   4674   [ <?> ] Type#1033
   4679   ; -([[(body_vx, i), *(*(dx, [[(body_mass, j)), mag))
          sub_  
   4680   [ <?> ] Type#1034
   4685   ldvar_super_  body_vx
   4690   [ <?> ] Type#1035
   4695   ldvar_cached_  i{4}
   4704   ; <<-([[(body_vx, i), -([[(body_vx, i), *(*(dx, |...
          subassign2_1_  
   4705   stvar_super_  body_vx
   4710   ldvar_for_update_cache_  body_vy{18}
   4719   set_shared_  
   4720   pop_  
   4721   ldvar_cached_  body_vy{18}
   4730   [ <?> ] Type#1037
   4735   dup_  
   4736   is_  NonObject
   4741   [ _ ] Test#153
   4746   brfalse_  141
   4751   br_  142
141:
   4756   mk_promise_  38
   4761   br_  143
142:
   4766   ldvar_cached_  i{4}
143:
   4775   ; [[(body_vy, i)
          extract2_1_  
   4776   [ <?> ] Type#1040
   4781   visible_  
   4782   ldvar_cached_  dy{11}
   4791   ldvar_cached_  body_mass{17}
   4800   [ <?> ] Type#1042
   4805   dup_  
   4806   is_  NonObject
   4811   [ _ ] Test#154
   4816   brfalse_  144
   4821   br_  145
144:
   4826   mk_promise_  39
   4831   br_  146
145:
   4836   ldvar_cached_  j{5}
146:
   4845   ; [[(body_mass, j)
          extract2_1_  
   4846   [ <?> ] Type#1045
   4851   visible_  
   4852   ; *(dy, [[(body_mass, j))
          mul_  
   4853   [ <?> ] Type#1046
   4858   ldvar_cached_  mag{14}
   4867   ; *(*(dy, [[(body_mass, j)), mag)
          mul_  
   4868   [ <?> ] Type#1048
   4873   ; -([[(body_vy, i), *(*(dy, [[(body_mass, j)), mag))
          sub_  
   4874   [ <?> ] Type#1049
   4879   ldvar_super_  body_vy
   4884   [ <?> ] Type#1050
   4889   ldvar_cached_  i{4}
   4898   ; <<-([[(body_vy, i), -([[(body_vy, i), *(*(dy, |...
          subassign2_1_  
   4899   stvar_super_  body_vy
   4904   ldvar_for_update_cache_  body_vz{19}
   4913   set_shared_  
   4914   pop_  
   4915   ldvar_cached_  body_vz{19}
   4924   [ <?> ] Type#1052
   4929   dup_  
   4930   is_  NonObject
   4935   [ _ ] Test#155
   4940   brfalse_  147
   4945   br_  148
147:
   4950   mk_promise_  3a
   4955   br_  149
148:
   4960   ldvar_cached_  i{4}
149:
   4969   ; [[(body_vz, i)
          extract2_1_  
   4970   [ <?> ] Type#1055
   4975   visible_  
   4976   ldvar_cached_  dz{12}
   4985   ldvar_cached_  body_mass{17}
   4994   [ <?> ] Type#1057
   4999   dup_  
   5000   is_  NonObject
   5005   [ _ ] Test#156
   5010   brfalse_  150
   5015   br_  151
150:
   5020   mk_promise_  3b
   5025   br_  152
151:
   5030   ldvar_cached_  j{5}
152:
   5039   ; [[(body_mass, j)
          extract2_1_  
   5040   [ <?> ] Type#1060
   5045   visible_  
   5046   ; *(dz, [[(body_mass, j))
          mul_  
   5047   [ <?> ] Type#1061
   5052   ldvar_cached_  mag{14}
   5061   ; *(*(dz, [[(body_mass, j)), mag)
          mul_  
   5062   [ <?> ] Type#1063
   5067   ; -([[(body_vz, i), *(*(dz, [[(body_mass, j)), mag))
          sub_  
   5068   [ <?> ] Type#1064
   5073   ldvar_super_  body_vz
   5078   [ <?> ] Type#1065
   5083   ldvar_cached_  i{4}
   5092   ; <<-([[(body_vz, i), -([[(body_vz, i), *(*(dz, |...
          subassign2_1_  
   5093   stvar_super_  body_vz
   5098   ldvar_for_update_cache_  body_vx{16}
   5107   set_shared_  
   5108   pop_  
   5109   ldvar_cached_  body_vx{16}
   5118   [ <?> ] Type#1067
   5123   dup_  
   5124   is_  NonObject
   5129   [ _ ] Test#157
   5134   brfalse_  153
   5139   br_  154
153:
   5144   mk_promise_  3c
   5149   br_  155
154:
   5154   ldvar_cached_  j{5}
155:
   5163   ; [[(body_vx, j)
          extract2_1_  
   5164   [ <?> ] Type#1070
   5169   visible_  
   5170   ldvar_cached_  dx{10}
   5179   ldvar_cached_  body_mass{17}
   5188   [ <?> ] Type#1072
   5193   dup_  
   5194   is_  NonObject
   5199   [ _ ] Test#158
   5204   brfalse_  156
   5209   br_  157
156:
   5214   mk_promise_  3d
   5219   br_  158
157:
   5224   ldvar_cached_  i{4}
158:
   5233   ; [[(body_mass, i)
          extract2_1_  
   5234   [ <?> ] Type#1075
   5239   visible_  
   5240   ; *(dx, [[(body_mass, i))
          mul_  
   5241   [ <?> ] Type#1076
   5246   ldvar_cached_  mag{14}
   5255   ; *(*(dx, [[(body_mass, i)), mag)
          mul_  
   5256   [ <?> ] Type#1078
   5261   ; +([[(body_vx, j), *(*(dx, [[(body_mass, i)), mag))
          add_  
   5262   [ <?> ] Type#1079
   5267   ldvar_super_  body_vx
   5272   [ <?> ] Type#1080
   5277   ldvar_cached_  j{5}
   5286   ; <<-([[(body_vx, j), +([[(body_vx, j), *(*(dx, |...
          subassign2_1_  
   5287   stvar_super_  body_vx
   5292   ldvar_for_update_cache_  body_vy{18}
   5301   set_shared_  
   5302   pop_  
   5303   ldvar_cached_  body_vy{18}
   5312   [ <?> ] Type#1082
   5317   dup_  
   5318   is_  NonObject
   5323   [ _ ] Test#159
   5328   brfalse_  159
   5333   br_  160
159:
   5338   mk_promise_  3e
   5343   br_  161
160:
   5348   ldvar_cached_  j{5}
161:
   5357   ; [[(body_vy, j)
          extract2_1_  
   5358   [ <?> ] Type#1085
   5363   visible_  
   5364   ldvar_cached_  dy{11}
   5373   ldvar_cached_  body_mass{17}
   5382   [ <?> ] Type#1087
   5387   dup_  
   5388   is_  NonObject
   5393   [ _ ] Test#160
   5398   brfalse_  162
   5403   br_  163
162:
   5408   mk_promise_  3f
   5413   br_  164
163:
   5418   ldvar_cached_  i{4}
164:
   5427   ; [[(body_mass, i)
          extract2_1_  
   5428   [ <?> ] Type#1090
   5433   visible_  
   5434   ; *(dy, [[(body_mass, i))
          mul_  
   5435   [ <?> ] Type#1091
   5440   ldvar_cached_  mag{14}
   5449   ; *(*(dy, [[(body_mass, i)), mag)
          mul_  
   5450   [ <?> ] Type#1093
   5455   ; +([[(body_vy, j), *(*(dy, [[(body_mass, i)), mag))
          add_  
   5456   [ <?> ] Type#1094
   5461   ldvar_super_  body_vy
   5466   [ <?> ] Type#1095
   5471   ldvar_cached_  j{5}
   5480   ; <<-([[(body_vy, j), +([[(body_vy, j), *(*(dy, |...
          subassign2_1_  
   5481   stvar_super_  body_vy
   5486   ldvar_for_update_cache_  body_vz{19}
   5495   set_shared_  
   5496   pop_  
   5497   ldvar_cached_  body_vz{19}
   5506   [ <?> ] Type#1097
   5511   dup_  
   5512   is_  NonObject
   5517   [ _ ] Test#161
   5522   brfalse_  165
   5527   br_  166
165:
   5532   mk_promise_  40
   5537   br_  167
166:
   5542   ldvar_cached_  j{5}
167:
   5551   ; [[(body_vz, j)
          extract2_1_  
   5552   [ <?> ] Type#1100
   5557   visible_  
   5558   ldvar_cached_  dz{12}
   5567   ldvar_cached_  body_mass{17}
   5576   [ <?> ] Type#1102
   5581   dup_  
   5582   is_  NonObject
   5587   [ _ ] Test#162
   5592   brfalse_  168
   5597   br_  169
168:
   5602   mk_promise_  41
   5607   br_  170
169:
   5612   ldvar_cached_  i{4}
170:
   5621   ; [[(body_mass, i)
          extract2_1_  
   5622   [ <?> ] Type#1105
   5627   visible_  
   5628   ; *(dz, [[(body_mass, i))
          mul_  
   5629   [ <?> ] Type#1106
   5634   ldvar_cached_  mag{14}
   5643   ; *(*(dz, [[(body_mass, i)), mag)
          mul_  
   5644   [ <?> ] Type#1108
   5649   ; +([[(body_vz, j), *(*(dz, [[(body_mass, i)), mag))
          add_  
   5650   [ <?> ] Type#1109
   5655   ldvar_super_  body_vz
   5660   [ <?> ] Type#1110
   5665   ldvar_cached_  j{5}
   5674   ; <<-([[(body_vz, j), +([[(body_vz, j), *(*(dz, |...
          subassign2_1_  
   5675   stvar_super_  body_vz
   5680   br_  114
171:
   5685   popn_  3
172:
   5690   br_  52
173:
   5695   popn_  3
174:
   5700   push_  1
   5705   visible_  
   5706   force_  
   5707   ldvar_cached_  n_bodies{1}
   5716   [ <?> ] Type#1112
   5721   force_  
   5722   ; :(1, n_bodies)
          colon_input_effects_  
   5723   [ _ ] Test#163
   5728   brtrue_  175
   5733   ; :(1, n_bodies)
          colon_  
   5734   ldfun_  for
   5739   swap_  
   5740   mk_eager_promise_  42
   5745   mk_promise_  43
   5750   ; for(i, :(1, n_bodies), {(<<-([[(body_x, i), +(|...
          call_  2
   5767   [ <?> ] Type#1154
   5772   br_  216
175:
   5777   swap_  
   5778   colon_cast_lhs_  
   5779   [ <?> ] Type#1155
   5784   ensure_named_  
   5785   swap_  
   5786   colon_cast_rhs_  
   5787   ensure_named_  
   5788   [ <?> ] Type#1156
   5793   dup2_  
   5794   ; NULL
          le_  
   5795   [ _ ] Test#170
   5800   brfalse_  176
   5805   push_  1L
   5810   br_  177
176:
   5815   push_  -1L
177:
   5820   swap_  
   5821   pick_  2
   5826   dup2_  
   5827   ; NULL
          ne_  
   5828   [ _ ] Test#171
   5833   brfalse_  215
   5838   dup_  
   5839   stvar_cached_  i{4}
   5848   pull_  2
   5853   ensure_named_  
   5854   ; NULL
          add_  
   5855   ldvar_for_update_cache_  body_x{6}
   5864   set_shared_  
   5865   pop_  
   5866   ldvar_cached_  body_x{6}
   5875   [ <?> ] Type#1157
   5880   dup_  
   5881   is_  NonObject
   5886   [ _ ] Test#172
   5891   brfalse_  178
   5896   br_  179
178:
   5901   mk_promise_  44
   5906   br_  180
179:
   5911   ldvar_cached_  i{4}
   5920   [ <?> ] TypeOnce#1159 (bit: #7)
180:
   5925   ; [[(body_x, i)
          extract2_1_  
   5926   [ <?> ] Type#1160
   5931   visible_  
   5932   ldvar_cached_  dt{15}
   5941   [ <?> ] TypeOnce#1161 (bit: #8)
   5946   ldvar_cached_  body_vx{16}
   5955   [ <?> ] Type#1162
   5960   dup_  
   5961   is_  NonObject
   5966   [ _ ] Test#173
   5971   brfalse_  181
   5976   br_  182
181:
   5981   mk_promise_  45
   5986   br_  183
182:
   5991   ldvar_cached_  i{4}
183:
   6000   ; [[(body_vx, i)
          extract2_1_  
   6001   [ <?> ] Type#1165
   6006   visible_  
   6007   ; *(dt, [[(body_vx, i))
          mul_  
   6008   [ <?> ] Type#1166
   6013   ; +([[(body_x, i), *(dt, [[(body_vx, i)))
          add_  
   6014   [ <?> ] Type#1167
   6019   ldvar_super_  body_x
   6024   [ <?> ] Type#1168
   6029   ldvar_cached_  i{4}
   6038   ; <<-([[(body_x, i), +([[(body_x, i), *(dt, [[(b|...
          subassign2_1_  
   6039   stvar_super_  body_x
   6044   ldvar_for_update_cache_  body_y{7}
   6053   set_shared_  
   6054   pop_  
   6055   ldvar_cached_  body_y{7}
   6064   [ <?> ] Type#1170
   6069   dup_  
   6070   is_  NonObject
   6075   [ _ ] Test#174
   6080   brfalse_  184
   6085   br_  185
184:
   6090   mk_promise_  46
   6095   br_  186
185:
   6100   ldvar_cached_  i{4}
186:
   6109   ; [[(body_y, i)
          extract2_1_  
   6110   [ <?> ] Type#1173
   6115   visible_  
   6116   ldvar_cached_  dt{15}
   6125   ldvar_cached_  body_vy{18}
   6134   [ <?> ] Type#1175
   6139   dup_  
   6140   is_  NonObject
   6145   [ _ ] Test#175
   6150   brfalse_  187
   6155   br_  188
187:
   6160   mk_promise_  47
   6165   br_  189
188:
   6170   ldvar_cached_  i{4}
189:
   6179   ; [[(body_vy, i)
          extract2_1_  
   6180   [ <?> ] Type#1178
   6185   visible_  
   6186   ; *(dt, [[(body_vy, i))
          mul_  
   6187   [ <?> ] Type#1179
   6192   ; +([[(body_y, i), *(dt, [[(body_vy, i)))
          add_  
   6193   [ <?> ] Type#1180
   6198   ldvar_super_  body_y
   6203   [ <?> ] Type#1181
   6208   ldvar_cached_  i{4}
   6217   ; <<-([[(body_y, i), +([[(body_y, i), *(dt, [[(b|...
          subassign2_1_  
   6218   stvar_super_  body_y
   6223   ldvar_for_update_cache_  body_z{8}
   6232   set_shared_  
   6233   pop_  
   6234   ldvar_cached_  body_z{8}
   6243   [ <?> ] Type#1183
   6248   dup_  
   6249   is_  NonObject
   6254   [ _ ] Test#176
   6259   brfalse_  190
   6264   br_  191
190:
   6269   mk_promise_  48
   6274   br_  192
191:
   6279   ldvar_cached_  i{4}
192:
   6288   ; [[(body_z, i)
          extract2_1_  
   6289   [ <?> ] Type#1186
   6294   visible_  
   6295   ldvar_cached_  dt{15}
   6304   ldvar_cached_  body_vz{19}
   6313   [ <?> ] Type#1188
   6318   dup_  
   6319   is_  NonObject
   6324   [ _ ] Test#177
   6329   brfalse_  193
   6334   br_  194
193:
   6339   mk_promise_  49
   6344   br_  195
194:
   6349   ldvar_cached_  i{4}
195:
   6358   ; [[(body_vz, i)
          extract2_1_  
   6359   [ <?> ] Type#1191
   6364   visible_  
   6365   ; *(dt, [[(body_vz, i))
          mul_  
   6366   [ <?> ] Type#1192
   6371   ; +([[(body_z, i), *(dt, [[(body_vz, i)))
          add_  
   6372   [ <?> ] Type#1193
   6377   ldvar_super_  body_z
   6382   [ <?> ] Type#1194
   6387   ldvar_cached_  i{4}
   6396   ; <<-([[(body_z, i), +([[(body_z, i), *(dt, [[(b|...
          subassign2_1_  
   6397   stvar_super_  body_z
196:
   6402   dup2_  
   6403   ; NULL
          ne_  
   6404   brfalse_  215
   6409   dup_  
   6410   stvar_cached_  i{4}
   6419   pull_  2
   6424   ensure_named_  
   6425   ; NULL
          add_  
   6426   ldvar_for_update_cache_  body_x{6}
   6435   set_shared_  
   6436   pop_  
   6437   ldvar_cached_  body_x{6}
   6446   [ <?> ] Type#1196
   6451   dup_  
   6452   is_  NonObject
   6457   [ _ ] Test#178
   6462   brfalse_  197
   6467   br_  198
197:
   6472   mk_promise_  4a
   6477   br_  199
198:
   6482   ldvar_cached_  i{4}
   6491   [ <?> ] TypeOnce#1198 (bit: #9)
199:
   6496   ; [[(body_x, i)
          extract2_1_  
   6497   [ <?> ] Type#1199
   6502   visible_  
   6503   ldvar_cached_  dt{15}
   6512   [ <?> ] TypeOnce#1200 (bit: #10)
   6517   ldvar_cached_  body_vx{16}
   6526   [ <?> ] Type#1201
   6531   dup_  
   6532   is_  NonObject
   6537   [ _ ] Test#179
   6542   brfalse_  200
   6547   br_  201
200:
   6552   mk_promise_  4b
   6557   br_  202
201:
   6562   ldvar_cached_  i{4}
202:
   6571   ; [[(body_vx, i)
          extract2_1_  
   6572   [ <?> ] Type#1204
   6577   visible_  
   6578   ; *(dt, [[(body_vx, i))
          mul_  
   6579   [ <?> ] Type#1205
   6584   ; +([[(body_x, i), *(dt, [[(body_vx, i)))
          add_  
   6585   [ <?> ] Type#1206
   6590   ldvar_super_  body_x
   6595   [ <?> ] Type#1207
   6600   ldvar_cached_  i{4}
   6609   ; <<-([[(body_x, i), +([[(body_x, i), *(dt, [[(b|...
          subassign2_1_  
   6610   stvar_super_  body_x
   6615   ldvar_for_update_cache_  body_y{7}
   6624   set_shared_  
   6625   pop_  
   6626   ldvar_cached_  body_y{7}
   6635   [ <?> ] Type#1209
   6640   dup_  
   6641   is_  NonObject
   6646   [ _ ] Test#180
   6651   brfalse_  203
   6656   br_  204
203:
   6661   mk_promise_  4c
   6666   br_  205
204:
   6671   ldvar_cached_  i{4}
205:
   6680   ; [[(body_y, i)
          extract2_1_  
   6681   [ <?> ] Type#1212
   6686   visible_  
   6687   ldvar_cached_  dt{15}
   6696   ldvar_cached_  body_vy{18}
   6705   [ <?> ] Type#1214
   6710   dup_  
   6711   is_  NonObject
   6716   [ _ ] Test#181
   6721   brfalse_  206
   6726   br_  207
206:
   6731   mk_promise_  4d
   6736   br_  208
207:
   6741   ldvar_cached_  i{4}
208:
   6750   ; [[(body_vy, i)
          extract2_1_  
   6751   [ <?> ] Type#1217
   6756   visible_  
   6757   ; *(dt, [[(body_vy, i))
          mul_  
   6758   [ <?> ] Type#1218
   6763   ; +([[(body_y, i), *(dt, [[(body_vy, i)))
          add_  
   6764   [ <?> ] Type#1219
   6769   ldvar_super_  body_y
   6774   [ <?> ] Type#1220
   6779   ldvar_cached_  i{4}
   6788   ; <<-([[(body_y, i), +([[(body_y, i), *(dt, [[(b|...
          subassign2_1_  
   6789   stvar_super_  body_y
   6794   ldvar_for_update_cache_  body_z{8}
   6803   set_shared_  
   6804   pop_  
   6805   ldvar_cached_  body_z{8}
   6814   [ <?> ] Type#1222
   6819   dup_  
   6820   is_  NonObject
   6825   [ _ ] Test#182
   6830   brfalse_  209
   6835   br_  210
209:
   6840   mk_promise_  4e
   6845   br_  211
210:
   6850   ldvar_cached_  i{4}
211:
   6859   ; [[(body_z, i)
          extract2_1_  
   6860   [ <?> ] Type#1225
   6865   visible_  
   6866   ldvar_cached_  dt{15}
   6875   ldvar_cached_  body_vz{19}
   6884   [ <?> ] Type#1227
   6889   dup_  
   6890   is_  NonObject
   6895   [ _ ] Test#183
   6900   brfalse_  212
   6905   br_  213
212:
   6910   mk_promise_  4f
   6915   br_  214
213:
   6920   ldvar_cached_  i{4}
214:
   6929   ; [[(body_vz, i)
          extract2_1_  
   6930   [ <?> ] Type#1230
   6935   visible_  
   6936   ; *(dt, [[(body_vz, i))
          mul_  
   6937   [ <?> ] Type#1231
   6942   ; +([[(body_z, i), *(dt, [[(body_vz, i)))
          add_  
   6943   [ <?> ] Type#1232
   6948   ldvar_super_  body_z
   6953   [ <?> ] Type#1233
   6958   ldvar_cached_  i{4}
   6967   ; <<-([[(body_z, i), +([[(body_z, i), *(dt, [[(b|...
          subassign2_1_  
   6968   stvar_super_  body_z
   6973   br_  196
215:
   6978   popn_  3
   6983   push_  NULL
   6988   invisible_  
216:
   6989   ret_  

[Prom (index 0)]
0:
      0   ldvar_  n_bodies
      5   [ <?> ] Type#0
     10   ret_  

[Prom (index 1)]
0:
      0   ldvar_  n_bodies
      5   [ <?> ] Type#1
     10   ret_  

[Prom (index 2)]
0:
      0   ldvar_  n_bodies
      5   [ <?> ] Type#3
     10   ret_  

[Prom (index 3)]
0:
      0   ldvar_  n_bodies
      5   [ <?> ] Type#4
     10   ret_  

[Prom (index 4)]
0:
      0   ldvar_  n_bodies
      5   [ <?> ] Type#6
     10   ret_  

[Prom (index 5)]
0:
      0   ldvar_  n_bodies
      5   [ <?> ] Type#7
     10   ret_  

[Prom (index 6)]
0:
      0   push_  1
      5   visible_  
      6   ldvar_  n_bodies
     11   [ <?> ] Type#10
     16   ; :(1, n_bodies)
          colon_  
     17   [ <?> ] Type#11
     22   ret_  

[Prom (index 7)]
0:
      0   push_  1
      5   visible_  
      6   force_  
      7   ldvar_  n_bodies
     12   [ <?> ] Type#12
     17   force_  
     18   ; :(1, n_bodies)
          colon_input_effects_  
     19   [ _ ] Test#1
     24   brtrue_  1
     29   ; :(1, n_bodies)
          colon_  
     30   ldfun_  for
     35   swap_  
     36   mk_eager_promise_  0
     41   mk_promise_  1
     46   ; for(j, :(1, n_bodies), {(<-([[(dxx, i, j), -([|...
          call_  2
     63   [ <?> ] Type#51
     68   br_  42
1:
     73   swap_  
     74   colon_cast_lhs_  
     75   [ <?> ] Type#52
     80   ensure_named_  
     81   swap_  
     82   colon_cast_rhs_  
     83   ensure_named_  
     84   [ <?> ] Type#53
     89   dup2_  
     90   ; NULL
          le_  
     91   [ _ ] Test#8
     96   brfalse_  2
    101   push_  1L
    106   br_  3
2:
    111   push_  -1L
3:
    116   swap_  
    117   pick_  2
    122   dup2_  
    123   ; NULL
          ne_  
    124   [ _ ] Test#9
    129   brfalse_  41
    134   dup_  
    135   stvar_  j
    140   pull_  2
    145   ensure_named_  
    146   ; NULL
          add_  
    147   ldvar_  body_x
    152   [ <?> ] Type#54
    157   dup_  
    158   is_  NonObject
    163   [ _ ] Test#10
    168   brfalse_  4
    173   br_  5
4:
    178   mk_promise_  2
    183   br_  6
5:
    188   ldvar_  i
    193   [ <?> ] TypeOnce#56 (bit: #0)
6:
    198   ; [[(body_x, i)
          extract2_1_  
    199   [ <?> ] Type#57
    204   visible_  
    205   ldvar_  body_x
    210   [ <?> ] Type#58
    215   dup_  
    216   is_  NonObject
    221   [ _ ] Test#11
    226   brfalse_  7
    231   br_  8
7:
    236   mk_promise_  3
    241   br_  9
8:
    246   ldvar_  j
    251   [ <?> ] TypeOnce#60 (bit: #1)
9:
    256   ; [[(body_x, j)
          extract2_1_  
    257   [ <?> ] Type#61
    262   visible_  
    263   ; -([[(body_x, i), [[(body_x, j))
          sub_  
    264   [ <?> ] Type#62
    269   ldvar_for_update_  dxx
    274   [ <?> ] Type#63
    279   ldvar_  i
    284   ldvar_  j
    289   ; <-([[(dxx, i, j), -([[(body_x, i), [[(body_x, j)))
          subassign2_2_  
    290   stvar_  dxx
    295   ldvar_  body_y
    300   [ <?> ] Type#66
    305   dup_  
    306   is_  NonObject
    311   [ _ ] Test#12
    316   brfalse_  10
    321   br_  11
10:
    326   mk_promise_  4
    331   br_  12
11:
    336   ldvar_  i
12:
    341   ; [[(body_y, i)
          extract2_1_  
    342   [ <?> ] Type#69
    347   visible_  
    348   ldvar_  body_y
    353   [ <?> ] Type#70
    358   dup_  
    359   is_  NonObject
    364   [ _ ] Test#13
    369   brfalse_  13
    374   br_  14
13:
    379   mk_promise_  5
    384   br_  15
14:
    389   ldvar_  j
15:
    394   ; [[(body_y, j)
          extract2_1_  
    395   [ <?> ] Type#73
    400   visible_  
    401   ; -([[(body_y, i), [[(body_y, j))
          sub_  
    402   [ <?> ] Type#74
    407   ldvar_for_update_  dyy
    412   [ <?> ] Type#75
    417   ldvar_  i
    422   ldvar_  j
    427   ; <-([[(dyy, i, j), -([[(body_y, i), [[(body_y, j)))
          subassign2_2_  
    428   stvar_  dyy
    433   ldvar_  body_z
    438   [ <?> ] Type#78
    443   dup_  
    444   is_  NonObject
    449   [ _ ] Test#14
    454   brfalse_  16
    459   br_  17
16:
    464   mk_promise_  6
    469   br_  18
17:
    474   ldvar_  i
18:
    479   ; [[(body_z, i)
          extract2_1_  
    480   [ <?> ] Type#81
    485   visible_  
    486   ldvar_  body_z
    491   [ <?> ] Type#82
    496   dup_  
    497   is_  NonObject
    502   [ _ ] Test#15
    507   brfalse_  19
    512   br_  20
19:
    517   mk_promise_  7
    522   br_  21
20:
    527   ldvar_  j
21:
    532   ; [[(body_z, j)
          extract2_1_  
    533   [ <?> ] Type#85
    538   visible_  
    539   ; -([[(body_z, i), [[(body_z, j))
          sub_  
    540   [ <?> ] Type#86
    545   ldvar_for_update_  dzz
    550   [ <?> ] Type#87
    555   ldvar_  i
    560   ldvar_  j
    565   ; <-([[(dzz, i, j), -([[(body_z, i), [[(body_z, j)))
          subassign2_2_  
    566   stvar_  dzz
22:
    571   dup2_  
    572   ; NULL
          ne_  
    573   brfalse_  41
    578   dup_  
    579   stvar_  j
    584   pull_  2
    589   ensure_named_  
    590   ; NULL
          add_  
    591   ldvar_  body_x
    596   [ <?> ] Type#90
    601   dup_  
    602   is_  NonObject
    607   [ _ ] Test#16
    612   brfalse_  23
    617   br_  24
23:
    622   mk_promise_  8
    627   br_  25
24:
    632   ldvar_  i
    637   [ <?> ] TypeOnce#92 (bit: #2)
25:
    642   ; [[(body_x, i)
          extract2_1_  
    643   [ <?> ] Type#93
    648   visible_  
    649   ldvar_  body_x
    654   [ <?> ] Type#94
    659   dup_  
    660   is_  NonObject
    665   [ _ ] Test#17
    670   brfalse_  26
    675   br_  27
26:
    680   mk_promise_  9
    685   br_  28
27:
    690   ldvar_  j
    695   [ <?> ] TypeOnce#96 (bit: #3)
28:
    700   ; [[(body_x, j)
          extract2_1_  
    701   [ <?> ] Type#97
    706   visible_  
    707   ; -([[(body_x, i), [[(body_x, j))
          sub_  
    708   [ <?> ] Type#98
    713   ldvar_for_update_  dxx
    718   [ <?> ] Type#99
    723   ldvar_  i
    728   ldvar_  j
    733   ; <-([[(dxx, i, j), -([[(body_x, i), [[(body_x, j)))
          subassign2_2_  
    734   stvar_  dxx
    739   ldvar_  body_y
    744   [ <?> ] Type#102
    749   dup_  
    750   is_  NonObject
    755   [ _ ] Test#18
    760   brfalse_  29
    765   br_  30
29:
    770   mk_promise_  a
    775   br_  31
30:
    780   ldvar_  i
31:
    785   ; [[(body_y, i)
          extract2_1_  
    786   [ <?> ] Type#105
    791   visible_  
    792   ldvar_  body_y
    797   [ <?> ] Type#106
    802   dup_  
    803   is_  NonObject
    808   [ _ ] Test#19
    813   brfalse_  32
    818   br_  33
32:
    823   mk_promise_  b
    828   br_  34
33:
    833   ldvar_  j
34:
    838   ; [[(body_y, j)
          extract2_1_  
    839   [ <?> ] Type#109
    844   visible_  
    845   ; -([[(body_y, i), [[(body_y, j))
          sub_  
    846   [ <?> ] Type#110
    851   ldvar_for_update_  dyy
    856   [ <?> ] Type#111
    861   ldvar_  i
    866   ldvar_  j
    871   ; <-([[(dyy, i, j), -([[(body_y, i), [[(body_y, j)))
          subassign2_2_  
    872   stvar_  dyy
    877   ldvar_  body_z
    882   [ <?> ] Type#114
    887   dup_  
    888   is_  NonObject
    893   [ _ ] Test#20
    898   brfalse_  35
    903   br_  36
35:
    908   mk_promise_  c
    913   br_  37
36:
    918   ldvar_  i
37:
    923   ; [[(body_z, i)
          extract2_1_  
    924   [ <?> ] Type#117
    929   visible_  
    930   ldvar_  body_z
    935   [ <?> ] Type#118
    940   dup_  
    941   is_  NonObject
    946   [ _ ] Test#21
    951   brfalse_  38
    956   br_  39
38:
    961   mk_promise_  d
    966   br_  40
39:
    971   ldvar_  j
40:
    976   ; [[(body_z, j)
          extract2_1_  
    977   [ <?> ] Type#121
    982   visible_  
    983   ; -([[(body_z, i), [[(body_z, j))
          sub_  
    984   [ <?> ] Type#122
    989   ldvar_for_update_  dzz
    994   [ <?> ] Type#123
    999   ldvar_  i
   1004   ldvar_  j
   1009   ; <-([[(dzz, i, j), -([[(body_z, i), [[(body_z, j)))
          subassign2_2_  
   1010   stvar_  dzz
   1015   br_  22
41:
   1020   popn_  3
   1025   push_  NULL
   1030   invisible_  
42:
   1031   ret_  

[Prom (index 7.0)]
0:
      0   push_  1
      5   visible_  
      6   ldvar_  n_bodies
     11   [ <?> ] Type#13
     16   ; :(1, n_bodies)
          colon_  
     17   [ <?> ] Type#14
     22   ret_  

[Prom (index 7.1)]
0:
      0   ldvar_  body_x
      5   [ <?> ] Type#15
     10   dup_  
     11   is_  NonObject
     16   [ _ ] Test#2
     21   brfalse_  1
     26   br_  2
1:
     31   mk_promise_  0
     36   br_  3
2:
     41   ldvar_  i
     46   [ <?> ] Type#17
3:
     51   ; [[(body_x, i)
          extract2_1_  
     52   [ <?> ] Type#18
     57   visible_  
     58   ldvar_  body_x
     63   [ <?> ] Type#19
     68   dup_  
     69   is_  NonObject
     74   [ _ ] Test#3
     79   brfalse_  4
     84   br_  5
4:
     89   mk_promise_  1
     94   br_  6
5:
     99   ldvar_  j
    104   [ <?> ] Type#21
6:
    109   ; [[(body_x, j)
          extract2_1_  
    110   [ <?> ] Type#22
    115   visible_  
    116   ; -([[(body_x, i), [[(body_x, j))
          sub_  
    117   [ <?> ] Type#23
    122   ldvar_for_update_  dxx
    127   [ <?> ] Type#24
    132   ldvar_  i
    137   ldvar_  j
    142   ; <-([[(dxx, i, j), -([[(body_x, i), [[(body_x, j)))
          subassign2_2_  
    143   stvar_  dxx
    148   ldvar_  body_y
    153   [ <?> ] Type#27
    158   dup_  
    159   is_  NonObject
    164   [ _ ] Test#4
    169   brfalse_  7
    174   br_  8
7:
    179   mk_promise_  2
    184   br_  9
8:
    189   ldvar_  i
9:
    194   ; [[(body_y, i)
          extract2_1_  
    195   [ <?> ] Type#30
    200   visible_  
    201   ldvar_  body_y
    206   [ <?> ] Type#31
    211   dup_  
    212   is_  NonObject
    217   [ _ ] Test#5
    222   brfalse_  10
    227   br_  11
10:
    232   mk_promise_  3
    237   br_  12
11:
    242   ldvar_  j
12:
    247   ; [[(body_y, j)
          extract2_1_  
    248   [ <?> ] Type#34
    253   visible_  
    254   ; -([[(body_y, i), [[(body_y, j))
          sub_  
    255   [ <?> ] Type#35
    260   ldvar_for_update_  dyy
    265   [ <?> ] Type#36
    270   ldvar_  i
    275   ldvar_  j
    280   ; <-([[(dyy, i, j), -([[(body_y, i), [[(body_y, j)))
          subassign2_2_  
    281   stvar_  dyy
    286   ldvar_  body_z
    291   [ <?> ] Type#39
    296   dup_  
    297   is_  NonObject
    302   [ _ ] Test#6
    307   brfalse_  13
    312   br_  14
13:
    317   mk_promise_  4
    322   br_  15
14:
    327   ldvar_  i
15:
    332   ; [[(body_z, i)
          extract2_1_  
    333   [ <?> ] Type#42
    338   visible_  
    339   ldvar_  body_z
    344   [ <?> ] Type#43
    349   dup_  
    350   is_  NonObject
    355   [ _ ] Test#7
    360   brfalse_  16
    365   br_  17
16:
    370   mk_promise_  5
    375   br_  18
17:
    380   ldvar_  j
18:
    385   ; [[(body_z, j)
          extract2_1_  
    386   [ <?> ] Type#46
    391   visible_  
    392   ; -([[(body_z, i), [[(body_z, j))
          sub_  
    393   [ <?> ] Type#47
    398   dup_  
    399   set_shared_  
    400   ldvar_for_update_  dzz
    405   [ <?> ] Type#48
    410   ldvar_  i
    415   ldvar_  j
    420   ; <-([[(dzz, i, j), -([[(body_z, i), [[(body_z, j)))
          subassign2_2_  
    421   stvar_  dzz
    426   invisible_  
    427   ret_  

[Prom (index 7.1.0)]
0:
      0   ldvar_  i
      5   [ <?> ] Type#16
     10   ret_  

[Prom (index 7.1.1)]
0:
      0   ldvar_  j
      5   [ <?> ] Type#20
     10   ret_  

[Prom (index 7.1.2)]
0:
      0   ldvar_  i
      5   [ <?> ] Type#28
     10   ret_  

[Prom (index 7.1.3)]
0:
      0   ldvar_  j
      5   [ <?> ] Type#32
     10   ret_  

[Prom (index 7.1.4)]
0:
      0   ldvar_  i
      5   [ <?> ] Type#40
     10   ret_  

[Prom (index 7.1.5)]
0:
      0   ldvar_  j
      5   [ <?> ] Type#44
     10   ret_  

[Prom (index 7.2)]
0:
      0   ldvar_  i
      5   [ <?> ] TypeOnce#55 (bit: #0)
     10   ret_  

[Prom (index 7.3)]
0:
      0   ldvar_  j
      5   [ <?> ] TypeOnce#59 (bit: #0)
     10   ret_  

[Prom (index 7.4)]
0:
      0   ldvar_  i
      5   [ <?> ] TypeOnce#67 (bit: #0)
     10   ret_  

[Prom (index 7.5)]
0:
      0   ldvar_  j
      5   [ <?> ] TypeOnce#71 (bit: #0)
     10   ret_  

[Prom (index 7.6)]
0:
      0   ldvar_  i
      5   [ <?> ] TypeOnce#79 (bit: #0)
     10   ret_  

[Prom (index 7.7)]
0:
      0   ldvar_  j
      5   [ <?> ] TypeOnce#83 (bit: #0)
     10   ret_  

[Prom (index 7.8)]
0:
      0   ldvar_  i
      5   [ <?> ] TypeOnce#91 (bit: #0)
     10   ret_  

[Prom (index 7.9)]
0:
      0   ldvar_  j
      5   [ <?> ] TypeOnce#95 (bit: #0)
     10   ret_  

[Prom (index 7.10)]
0:
      0   ldvar_  i
      5   [ <?> ] TypeOnce#103 (bit: #0)
     10   ret_  

[Prom (index 7.11)]
0:
      0   ldvar_  j
      5   [ <?> ] TypeOnce#107 (bit: #0)
     10   ret_  

[Prom (index 7.12)]
0:
      0   ldvar_  i
      5   [ <?> ] TypeOnce#115 (bit: #0)
     10   ret_  

[Prom (index 7.13)]
0:
      0   ldvar_  j
      5   [ <?> ] TypeOnce#119 (bit: #0)
     10   ret_  

[Prom (index 8)]
0:
      0   push_  1
      5   visible_  
      6   ldvar_  n_bodies
     11   [ <?> ] Type#129
     16   ; :(1, n_bodies)
          colon_  
     17   [ <?> ] Type#130
     22   ret_  

[Prom (index 9)]
0:
      0   ldvar_  body_x
      5   [ <?> ] Type#131
     10   dup_  
     11   is_  NonObject
     16   [ _ ] Test#24
     21   brfalse_  1
     26   br_  2
1:
     31   mk_promise_  0
     36   br_  3
2:
     41   ldvar_  i
     46   [ <?> ] TypeOnce#133 (bit: #0)
3:
     51   ; [[(body_x, i)
          extract2_1_  
     52   [ <?> ] Type#134
     57   visible_  
     58   ldvar_  body_x
     63   [ <?> ] Type#135
     68   dup_  
     69   is_  NonObject
     74   [ _ ] Test#25
     79   brfalse_  4
     84   br_  5
4:
     89   mk_promise_  1
     94   br_  6
5:
     99   ldvar_  j
    104   [ <?> ] TypeOnce#137 (bit: #1)
6:
    109   ; [[(body_x, j)
          extract2_1_  
    110   [ <?> ] Type#138
    115   visible_  
    116   ; -([[(body_x, i), [[(body_x, j))
          sub_  
    117   [ <?> ] Type#139
    122   ldvar_for_update_  dxx
    127   [ <?> ] Type#140
    132   ldvar_  i
    137   ldvar_  j
    142   ; <-([[(dxx, i, j), -([[(body_x, i), [[(body_x, j)))
          subassign2_2_  
    143   stvar_  dxx
    148   ldvar_  body_y
    153   [ <?> ] Type#143
    158   dup_  
    159   is_  NonObject
    164   [ _ ] Test#26
    169   brfalse_  7
    174   br_  8
7:
    179   mk_promise_  2
    184   br_  9
8:
    189   ldvar_  i
9:
    194   ; [[(body_y, i)
          extract2_1_  
    195   [ <?> ] Type#146
    200   visible_  
    201   ldvar_  body_y
    206   [ <?> ] Type#147
    211   dup_  
    212   is_  NonObject
    217   [ _ ] Test#27
    222   brfalse_  10
    227   br_  11
10:
    232   mk_promise_  3
    237   br_  12
11:
    242   ldvar_  j
12:
    247   ; [[(body_y, j)
          extract2_1_  
    248   [ <?> ] Type#150
    253   visible_  
    254   ; -([[(body_y, i), [[(body_y, j))
          sub_  
    255   [ <?> ] Type#151
    260   ldvar_for_update_  dyy
    265   [ <?> ] Type#152
    270   ldvar_  i
    275   ldvar_  j
    280   ; <-([[(dyy, i, j), -([[(body_y, i), [[(body_y, j)))
          subassign2_2_  
    281   stvar_  dyy
    286   ldvar_  body_z
    291   [ <?> ] Type#155
    296   dup_  
    297   is_  NonObject
    302   [ _ ] Test#28
    307   brfalse_  13
    312   br_  14
13:
    317   mk_promise_  4
    322   br_  15
14:
    327   ldvar_  i
15:
    332   ; [[(body_z, i)
          extract2_1_  
    333   [ <?> ] Type#158
    338   visible_  
    339   ldvar_  body_z
    344   [ <?> ] Type#159
    349   dup_  
    350   is_  NonObject
    355   [ _ ] Test#29
    360   brfalse_  16
    365   br_  17
16:
    370   mk_promise_  5
    375   br_  18
17:
    380   ldvar_  j
18:
    385   ; [[(body_z, j)
          extract2_1_  
    386   [ <?> ] Type#162
    391   visible_  
    392   ; -([[(body_z, i), [[(body_z, j))
          sub_  
    393   [ <?> ] Type#163
    398   dup_  
    399   set_shared_  
    400   ldvar_for_update_  dzz
    405   [ <?> ] Type#164
    410   ldvar_  i
    415   ldvar_  j
    420   ; <-([[(dzz, i, j), -([[(body_z, i), [[(body_z, j)))
          subassign2_2_  
    421   stvar_  dzz
    426   invisible_  
    427   ret_  

[Prom (index 9.0)]
0:
      0   ldvar_  i
      5   [ <?> ] TypeOnce#132 (bit: #0)
     10   ret_  

[Prom (index 9.1)]
0:
      0   ldvar_  j
      5   [ <?> ] TypeOnce#136 (bit: #0)
     10   ret_  

[Prom (index 9.2)]
0:
      0   ldvar_  i
      5   [ <?> ] TypeOnce#144 (bit: #0)
     10   ret_  

[Prom (index 9.3)]
0:
      0   ldvar_  j
      5   [ <?> ] TypeOnce#148 (bit: #0)
     10   ret_  

[Prom (index 9.4)]
0:
      0   ldvar_  i
      5   [ <?> ] TypeOnce#156 (bit: #0)
     10   ret_  

[Prom (index 9.5)]
0:
      0   ldvar_  j
      5   [ <?> ] TypeOnce#160 (bit: #0)
     10   ret_  

[Prom (index 10)]
0:
      0   ldvar_  i
      5   [ <?> ] TypeOnce#170 (bit: #0)
     10   ret_  

[Prom (index 11)]
0:
      0   ldvar_  j
      5   [ <?> ] TypeOnce#174 (bit: #0)
     10   ret_  

[Prom (index 12)]
0:
      0   ldvar_  i
      5   [ <?> ] TypeOnce#182 (bit: #0)
     10   ret_  

[Prom (index 13)]
0:
      0   ldvar_  j
      5   [ <?> ] TypeOnce#186 (bit: #0)
     10   ret_  

[Prom (index 14)]
0:
      0   ldvar_  i
      5   [ <?> ] TypeOnce#194 (bit: #0)
     10   ret_  

[Prom (index 15)]
0:
      0   ldvar_  j
      5   [ <?> ] TypeOnce#198 (bit: #0)
     10   ret_  

[Prom (index 16)]
0:
      0   ldvar_  i
      5   [ <?> ] TypeOnce#206 (bit: #0)
     10   ret_  

[Prom (index 17)]
0:
      0   ldvar_  j
      5   [ <?> ] TypeOnce#210 (bit: #0)
     10   ret_  

[Prom (index 18)]
0:
      0   ldvar_  i
      5   [ <?> ] TypeOnce#218 (bit: #0)
     10   ret_  

[Prom (index 19)]
0:
      0   ldvar_  j
      5   [ <?> ] TypeOnce#222 (bit: #0)
     10   ret_  

[Prom (index 20)]
0:
      0   ldvar_  i
      5   [ <?> ] TypeOnce#230 (bit: #0)
     10   ret_  

[Prom (index 21)]
0:
      0   ldvar_  j
      5   [ <?> ] TypeOnce#234 (bit: #0)
     10   ret_  

[Prom (index 22)]
0:
      0   push_  1
      5   visible_  
      6   ldvar_  n_bodies
     11   [ <?> ] Type#243
     16   push_  1
     21   visible_  
     22   ; -(n_bodies, 1)
          sub_  
     23   [ <?> ] Type#244
     28   visible_  
     29   ; :(1, ((-(n_bodies, 1)))
          colon_  
     30   [ <?> ] Type#245
     35   ret_  

[Prom (index 23)]
0:
      0   ldfun_  min
      5   [ 0, <0>, valid  ] Call#3
     10   mk_promise_  0
     15   mk_promise_  1
     20   ; min(+(i, 1), n_bodies)
          call_  2
     37   [ <?> ] Type#249
     42   stvar_  j_from
     47   ldvar_  j_from
     52   force_  
     53   ldvar_  n_bodies
     58   [ <?> ] Type#251
     63   force_  
     64   ; :(j_from, n_bodies)
          colon_input_effects_  
     65   [ _ ] Test#45
     70   brtrue_  1
     75   ; :(j_from, n_bodies)
          colon_  
     76   ldfun_  for
     81   swap_  
     82   mk_eager_promise_  2
     87   mk_promise_  3
     92   ; for(j, :(j_from, n_bodies), {(<-(dx, -([[(body|...
          call_  2
    109   [ <?> ] Type#391
    114   br_  114
1:
    119   swap_  
    120   colon_cast_lhs_  
    121   [ <?> ] Type#392
    126   ensure_named_  
    127   swap_  
    128   colon_cast_rhs_  
    129   ensure_named_  
    130   [ <?> ] Type#393
    135   dup2_  
    136   ; NULL
          le_  
    137   [ _ ] Test#64
    142   brfalse_  2
    147   push_  1L
    152   br_  3
2:
    157   push_  -1L
3:
    162   swap_  
    163   pick_  2
    168   dup2_  
    169   ; NULL
          ne_  
    170   [ _ ] Test#65
    175   brfalse_  113
    180   dup_  
    181   stvar_  j
    186   pull_  2
    191   ensure_named_  
    192   ; NULL
          add_  
    193   ldvar_  body_x
    198   [ <?> ] Type#394
    203   dup_  
    204   is_  NonObject
    209   [ _ ] Test#66
    214   brfalse_  4
    219   br_  5
4:
    224   mk_promise_  4
    229   br_  6
5:
    234   ldvar_  i
    239   [ <?> ] TypeOnce#396 (bit: #0)
6:
    244   ; [[(body_x, i)
          extract2_1_  
    245   [ <?> ] Type#397
    250   visible_  
    251   ldvar_  body_x
    256   [ <?> ] Type#398
    261   dup_  
    262   is_  NonObject
    267   [ _ ] Test#67
    272   brfalse_  7
    277   br_  8
7:
    282   mk_promise_  5
    287   br_  9
8:
    292   ldvar_  j
    297   [ <?> ] TypeOnce#400 (bit: #1)
9:
    302   ; [[(body_x, j)
          extract2_1_  
    303   [ <?> ] Type#401
    308   visible_  
    309   ; -([[(body_x, i), [[(body_x, j))
          sub_  
    310   [ <?> ] Type#402
    315   stvar_  dx
    320   ldvar_  body_y
    325   [ <?> ] Type#403
    330   dup_  
    331   is_  NonObject
    336   [ _ ] Test#68
    341   brfalse_  10
    346   br_  11
10:
    351   mk_promise_  6
    356   br_  12
11:
    361   ldvar_  i
12:
    366   ; [[(body_y, i)
          extract2_1_  
    367   [ <?> ] Type#406
    372   visible_  
    373   ldvar_  body_y
    378   [ <?> ] Type#407
    383   dup_  
    384   is_  NonObject
    389   [ _ ] Test#69
    394   brfalse_  13
    399   br_  14
13:
    404   mk_promise_  7
    409   br_  15
14:
    414   ldvar_  j
15:
    419   ; [[(body_y, j)
          extract2_1_  
    420   [ <?> ] Type#410
    425   visible_  
    426   ; -([[(body_y, i), [[(body_y, j))
          sub_  
    427   [ <?> ] Type#411
    432   stvar_  dy
    437   ldvar_  body_z
    442   [ <?> ] Type#412
    447   dup_  
    448   is_  NonObject
    453   [ _ ] Test#70
    458   brfalse_  16
    463   br_  17
16:
    468   mk_promise_  8
    473   br_  18
17:
    478   ldvar_  i
18:
    483   ; [[(body_z, i)
          extract2_1_  
    484   [ <?> ] Type#415
    489   visible_  
    490   ldvar_  body_z
    495   [ <?> ] Type#416
    500   dup_  
    501   is_  NonObject
    506   [ _ ] Test#71
    511   brfalse_  19
    516   br_  20
19:
    521   mk_promise_  9
    526   br_  21
20:
    531   ldvar_  j
21:
    536   ; [[(body_z, j)
          extract2_1_  
    537   [ <?> ] Type#419
    542   visible_  
    543   ; -([[(body_z, i), [[(body_z, j))
          sub_  
    544   [ <?> ] Type#420
    549   stvar_  dz
    554   ldfun_  sqrt
    559   [ 0, <0>, valid  ] Call#5
    564   mk_promise_  a
    569   ; sqrt(+(+(*(dx, dx), *(dy, dy)), *(dz, dz)))
          call_  1
    586   [ <?> ] Type#432
    591   stvar_  distance
    596   ldvar_  dt
    601   [ <?> ] TypeOnce#433 (bit: #2)
    606   ldvar_  distance
    611   ldvar_  distance
    616   ; *(distance, distance)
          mul_  
    617   [ <?> ] Type#436
    622   ldvar_  distance
    627   ; *(*(distance, distance), distance)
          mul_  
    628   [ <?> ] Type#438
    633   visible_  
    634   ; /(dt, ((*(*(distance, distance), distance)))
          div_  
    635   [ <?> ] Type#439
    640   stvar_  mag
    645   ldvar_for_update_  body_vx
    650   set_shared_  
    651   pop_  
    652   ldvar_  body_vx
    657   [ <?> ] Type#440
    662   dup_  
    663   is_  NonObject
    668   [ _ ] Test#72
    673   brfalse_  22
    678   br_  23
22:
    683   mk_promise_  b
    688   br_  24
23:
    693   ldvar_  i
24:
    698   ; [[(body_vx, i)
          extract2_1_  
    699   [ <?> ] Type#443
    704   visible_  
    705   ldvar_  dx
    710   ldvar_  body_mass
    715   [ <?> ] Type#445
    720   dup_  
    721   is_  NonObject
    726   [ _ ] Test#73
    731   brfalse_  25
    736   br_  26
25:
    741   mk_promise_  c
    746   br_  27
26:
    751   ldvar_  j
27:
    756   ; [[(body_mass, j)
          extract2_1_  
    757   [ <?> ] Type#448
    762   visible_  
    763   ; *(dx, [[(body_mass, j))
          mul_  
    764   [ <?> ] Type#449
    769   ldvar_  mag
    774   ; *(*(dx, [[(body_mass, j)), mag)
          mul_  
    775   [ <?> ] Type#451
    780   ; -([[(body_vx, i), *(*(dx, [[(body_mass, j)), mag))
          sub_  
    781   [ <?> ] Type#452
    786   ldvar_super_  body_vx
    791   [ <?> ] Type#453
    796   ldvar_  i
    801   ; <<-([[(body_vx, i), -([[(body_vx, i), *(*(dx, |...
          subassign2_1_  
    802   stvar_super_  body_vx
    807   ldvar_for_update_  body_vy
    812   set_shared_  
    813   pop_  
    814   ldvar_  body_vy
    819   [ <?> ] Type#455
    824   dup_  
    825   is_  NonObject
    830   [ _ ] Test#74
    835   brfalse_  28
    840   br_  29
28:
    845   mk_promise_  d
    850   br_  30
29:
    855   ldvar_  i
30:
    860   ; [[(body_vy, i)
          extract2_1_  
    861   [ <?> ] Type#458
    866   visible_  
    867   ldvar_  dy
    872   ldvar_  body_mass
    877   [ <?> ] Type#460
    882   dup_  
    883   is_  NonObject
    888   [ _ ] Test#75
    893   brfalse_  31
    898   br_  32
31:
    903   mk_promise_  e
    908   br_  33
32:
    913   ldvar_  j
33:
    918   ; [[(body_mass, j)
          extract2_1_  
    919   [ <?> ] Type#463
    924   visible_  
    925   ; *(dy, [[(body_mass, j))
          mul_  
    926   [ <?> ] Type#464
    931   ldvar_  mag
    936   ; *(*(dy, [[(body_mass, j)), mag)
          mul_  
    937   [ <?> ] Type#466
    942   ; -([[(body_vy, i), *(*(dy, [[(body_mass, j)), mag))
          sub_  
    943   [ <?> ] Type#467
    948   ldvar_super_  body_vy
    953   [ <?> ] Type#468
    958   ldvar_  i
    963   ; <<-([[(body_vy, i), -([[(body_vy, i), *(*(dy, |...
          subassign2_1_  
    964   stvar_super_  body_vy
    969   ldvar_for_update_  body_vz
    974   set_shared_  
    975   pop_  
    976   ldvar_  body_vz
    981   [ <?> ] Type#470
    986   dup_  
    987   is_  NonObject
    992   [ _ ] Test#76
    997   brfalse_  34
   1002   br_  35
34:
   1007   mk_promise_  f
   1012   br_  36
35:
   1017   ldvar_  i
36:
   1022   ; [[(body_vz, i)
          extract2_1_  
   1023   [ <?> ] Type#473
   1028   visible_  
   1029   ldvar_  dz
   1034   ldvar_  body_mass
   1039   [ <?> ] Type#475
   1044   dup_  
   1045   is_  NonObject
   1050   [ _ ] Test#77
   1055   brfalse_  37
   1060   br_  38
37:
   1065   mk_promise_  10
   1070   br_  39
38:
   1075   ldvar_  j
39:
   1080   ; [[(body_mass, j)
          extract2_1_  
   1081   [ <?> ] Type#478
   1086   visible_  
   1087   ; *(dz, [[(body_mass, j))
          mul_  
   1088   [ <?> ] Type#479
   1093   ldvar_  mag
   1098   ; *(*(dz, [[(body_mass, j)), mag)
          mul_  
   1099   [ <?> ] Type#481
   1104   ; -([[(body_vz, i), *(*(dz, [[(body_mass, j)), mag))
          sub_  
   1105   [ <?> ] Type#482
   1110   ldvar_super_  body_vz
   1115   [ <?> ] Type#483
   1120   ldvar_  i
   1125   ; <<-([[(body_vz, i), -([[(body_vz, i), *(*(dz, |...
          subassign2_1_  
   1126   stvar_super_  body_vz
   1131   ldvar_for_update_  body_vx
   1136   set_shared_  
   1137   pop_  
   1138   ldvar_  body_vx
   1143   [ <?> ] Type#485
   1148   dup_  
   1149   is_  NonObject
   1154   [ _ ] Test#78
   1159   brfalse_  40
   1164   br_  41
40:
   1169   mk_promise_  11
   1174   br_  42
41:
   1179   ldvar_  j
42:
   1184   ; [[(body_vx, j)
          extract2_1_  
   1185   [ <?> ] Type#488
   1190   visible_  
   1191   ldvar_  dx
   1196   ldvar_  body_mass
   1201   [ <?> ] Type#490
   1206   dup_  
   1207   is_  NonObject
   1212   [ _ ] Test#79
   1217   brfalse_  43
   1222   br_  44
43:
   1227   mk_promise_  12
   1232   br_  45
44:
   1237   ldvar_  i
45:
   1242   ; [[(body_mass, i)
          extract2_1_  
   1243   [ <?> ] Type#493
   1248   visible_  
   1249   ; *(dx, [[(body_mass, i))
          mul_  
   1250   [ <?> ] Type#494
   1255   ldvar_  mag
   1260   ; *(*(dx, [[(body_mass, i)), mag)
          mul_  
   1261   [ <?> ] Type#496
   1266   ; +([[(body_vx, j), *(*(dx, [[(body_mass, i)), mag))
          add_  
   1267   [ <?> ] Type#497
   1272   ldvar_super_  body_vx
   1277   [ <?> ] Type#498
   1282   ldvar_  j
   1287   ; <<-([[(body_vx, j), +([[(body_vx, j), *(*(dx, |...
          subassign2_1_  
   1288   stvar_super_  body_vx
   1293   ldvar_for_update_  body_vy
   1298   set_shared_  
   1299   pop_  
   1300   ldvar_  body_vy
   1305   [ <?> ] Type#500
   1310   dup_  
   1311   is_  NonObject
   1316   [ _ ] Test#80
   1321   brfalse_  46
   1326   br_  47
46:
   1331   mk_promise_  13
   1336   br_  48
47:
   1341   ldvar_  j
48:
   1346   ; [[(body_vy, j)
          extract2_1_  
   1347   [ <?> ] Type#503
   1352   visible_  
   1353   ldvar_  dy
   1358   ldvar_  body_mass
   1363   [ <?> ] Type#505
   1368   dup_  
   1369   is_  NonObject
   1374   [ _ ] Test#81
   1379   brfalse_  49
   1384   br_  50
49:
   1389   mk_promise_  14
   1394   br_  51
50:
   1399   ldvar_  i
51:
   1404   ; [[(body_mass, i)
          extract2_1_  
   1405   [ <?> ] Type#508
   1410   visible_  
   1411   ; *(dy, [[(body_mass, i))
          mul_  
   1412   [ <?> ] Type#509
   1417   ldvar_  mag
   1422   ; *(*(dy, [[(body_mass, i)), mag)
          mul_  
   1423   [ <?> ] Type#511
   1428   ; +([[(body_vy, j), *(*(dy, [[(body_mass, i)), mag))
          add_  
   1429   [ <?> ] Type#512
   1434   ldvar_super_  body_vy
   1439   [ <?> ] Type#513
   1444   ldvar_  j
   1449   ; <<-([[(body_vy, j), +([[(body_vy, j), *(*(dy, |...
          subassign2_1_  
   1450   stvar_super_  body_vy
   1455   ldvar_for_update_  body_vz
   1460   set_shared_  
   1461   pop_  
   1462   ldvar_  body_vz
   1467   [ <?> ] Type#515
   1472   dup_  
   1473   is_  NonObject
   1478   [ _ ] Test#82
   1483   brfalse_  52
   1488   br_  53
52:
   1493   mk_promise_  15
   1498   br_  54
53:
   1503   ldvar_  j
54:
   1508   ; [[(body_vz, j)
          extract2_1_  
   1509   [ <?> ] Type#518
   1514   visible_  
   1515   ldvar_  dz
   1520   ldvar_  body_mass
   1525   [ <?> ] Type#520
   1530   dup_  
   1531   is_  NonObject
   1536   [ _ ] Test#83
   1541   brfalse_  55
   1546   br_  56
55:
   1551   mk_promise_  16
   1556   br_  57
56:
   1561   ldvar_  i
57:
   1566   ; [[(body_mass, i)
          extract2_1_  
   1567   [ <?> ] Type#523
   1572   visible_  
   1573   ; *(dz, [[(body_mass, i))
          mul_  
   1574   [ <?> ] Type#524
   1579   ldvar_  mag
   1584   ; *(*(dz, [[(body_mass, i)), mag)
          mul_  
   1585   [ <?> ] Type#526
   1590   ; +([[(body_vz, j), *(*(dz, [[(body_mass, i)), mag))
          add_  
   1591   [ <?> ] Type#527
   1596   ldvar_super_  body_vz
   1601   [ <?> ] Type#528
   1606   ldvar_  j
   1611   ; <<-([[(body_vz, j), +([[(body_vz, j), *(*(dz, |...
          subassign2_1_  
   1612   stvar_super_  body_vz
58:
   1617   dup2_  
   1618   ; NULL
          ne_  
   1619   brfalse_  113
   1624   dup_  
   1625   stvar_  j
   1630   pull_  2
   1635   ensure_named_  
   1636   ; NULL
          add_  
   1637   ldvar_  body_x
   1642   [ <?> ] Type#530
   1647   dup_  
   1648   is_  NonObject
   1653   [ _ ] Test#84
   1658   brfalse_  59
   1663   br_  60
59:
   1668   mk_promise_  17
   1673   br_  61
60:
   1678   ldvar_  i
   1683   [ <?> ] TypeOnce#532 (bit: #3)
61:
   1688   ; [[(body_x, i)
          extract2_1_  
   1689   [ <?> ] Type#533
   1694   visible_  
   1695   ldvar_  body_x
   1700   [ <?> ] Type#534
   1705   dup_  
   1706   is_  NonObject
   1711   [ _ ] Test#85
   1716   brfalse_  62
   1721   br_  63
62:
   1726   mk_promise_  18
   1731   br_  64
63:
   1736   ldvar_  j
   1741   [ <?> ] TypeOnce#536 (bit: #4)
64:
   1746   ; [[(body_x, j)
          extract2_1_  
   1747   [ <?> ] Type#537
   1752   visible_  
   1753   ; -([[(body_x, i), [[(body_x, j))
          sub_  
   1754   [ <?> ] Type#538
   1759   stvar_  dx
   1764   ldvar_  body_y
   1769   [ <?> ] Type#539
   1774   dup_  
   1775   is_  NonObject
   1780   [ _ ] Test#86
   1785   brfalse_  65
   1790   br_  66
65:
   1795   mk_promise_  19
   1800   br_  67
66:
   1805   ldvar_  i
67:
   1810   ; [[(body_y, i)
          extract2_1_  
   1811   [ <?> ] Type#542
   1816   visible_  
   1817   ldvar_  body_y
   1822   [ <?> ] Type#543
   1827   dup_  
   1828   is_  NonObject
   1833   [ _ ] Test#87
   1838   brfalse_  68
   1843   br_  69
68:
   1848   mk_promise_  1a
   1853   br_  70
69:
   1858   ldvar_  j
70:
   1863   ; [[(body_y, j)
          extract2_1_  
   1864   [ <?> ] Type#546
   1869   visible_  
   1870   ; -([[(body_y, i), [[(body_y, j))
          sub_  
   1871   [ <?> ] Type#547
   1876   stvar_  dy
   1881   ldvar_  body_z
   1886   [ <?> ] Type#548
   1891   dup_  
   1892   is_  NonObject
   1897   [ _ ] Test#88
   1902   brfalse_  71
   1907   br_  72
71:
   1912   mk_promise_  1b
   1917   br_  73
72:
   1922   ldvar_  i
73:
   1927   ; [[(body_z, i)
          extract2_1_  
   1928   [ <?> ] Type#551
   1933   visible_  
   1934   ldvar_  body_z
   1939   [ <?> ] Type#552
   1944   dup_  
   1945   is_  NonObject
   1950   [ _ ] Test#89
   1955   brfalse_  74
   1960   br_  75
74:
   1965   mk_promise_  1c
   1970   br_  76
75:
   1975   ldvar_  j
76:
   1980   ; [[(body_z, j)
          extract2_1_  
   1981   [ <?> ] Type#555
   1986   visible_  
   1987   ; -([[(body_z, i), [[(body_z, j))
          sub_  
   1988   [ <?> ] Type#556
   1993   stvar_  dz
   1998   ldfun_  sqrt
   2003   [ 0, <0>, valid  ] Call#6
   2008   mk_promise_  1d
   2013   ; sqrt(+(+(*(dx, dx), *(dy, dy)), *(dz, dz)))
          call_  1
   2030   [ <?> ] Type#568
   2035   stvar_  distance
   2040   ldvar_  dt
   2045   [ <?> ] TypeOnce#569 (bit: #5)
   2050   ldvar_  distance
   2055   ldvar_  distance
   2060   ; *(distance, distance)
          mul_  
   2061   [ <?> ] Type#572
   2066   ldvar_  distance
   2071   ; *(*(distance, distance), distance)
          mul_  
   2072   [ <?> ] Type#574
   2077   visible_  
   2078   ; /(dt, ((*(*(distance, distance), distance)))
          div_  
   2079   [ <?> ] Type#575
   2084   stvar_  mag
   2089   ldvar_for_update_  body_vx
   2094   set_shared_  
   2095   pop_  
   2096   ldvar_  body_vx
   2101   [ <?> ] Type#576
   2106   dup_  
   2107   is_  NonObject
   2112   [ _ ] Test#90
   2117   brfalse_  77
   2122   br_  78
77:
   2127   mk_promise_  1e
   2132   br_  79
78:
   2137   ldvar_  i
79:
   2142   ; [[(body_vx, i)
          extract2_1_  
   2143   [ <?> ] Type#579
   2148   visible_  
   2149   ldvar_  dx
   2154   ldvar_  body_mass
   2159   [ <?> ] Type#581
   2164   dup_  
   2165   is_  NonObject
   2170   [ _ ] Test#91
   2175   brfalse_  80
   2180   br_  81
80:
   2185   mk_promise_  1f
   2190   br_  82
81:
   2195   ldvar_  j
82:
   2200   ; [[(body_mass, j)
          extract2_1_  
   2201   [ <?> ] Type#584
   2206   visible_  
   2207   ; *(dx, [[(body_mass, j))
          mul_  
   2208   [ <?> ] Type#585
   2213   ldvar_  mag
   2218   ; *(*(dx, [[(body_mass, j)), mag)
          mul_  
   2219   [ <?> ] Type#587
   2224   ; -([[(body_vx, i), *(*(dx, [[(body_mass, j)), mag))
          sub_  
   2225   [ <?> ] Type#588
   2230   ldvar_super_  body_vx
   2235   [ <?> ] Type#589
   2240   ldvar_  i
   2245   ; <<-([[(body_vx, i), -([[(body_vx, i), *(*(dx, |...
          subassign2_1_  
   2246   stvar_super_  body_vx
   2251   ldvar_for_update_  body_vy
   2256   set_shared_  
   2257   pop_  
   2258   ldvar_  body_vy
   2263   [ <?> ] Type#591
   2268   dup_  
   2269   is_  NonObject
   2274   [ _ ] Test#92
   2279   brfalse_  83
   2284   br_  84
83:
   2289   mk_promise_  20
   2294   br_  85
84:
   2299   ldvar_  i
85:
   2304   ; [[(body_vy, i)
          extract2_1_  
   2305   [ <?> ] Type#594
   2310   visible_  
   2311   ldvar_  dy
   2316   ldvar_  body_mass
   2321   [ <?> ] Type#596
   2326   dup_  
   2327   is_  NonObject
   2332   [ _ ] Test#93
   2337   brfalse_  86
   2342   br_  87
86:
   2347   mk_promise_  21
   2352   br_  88
87:
   2357   ldvar_  j
88:
   2362   ; [[(body_mass, j)
          extract2_1_  
   2363   [ <?> ] Type#599
   2368   visible_  
   2369   ; *(dy, [[(body_mass, j))
          mul_  
   2370   [ <?> ] Type#600
   2375   ldvar_  mag
   2380   ; *(*(dy, [[(body_mass, j)), mag)
          mul_  
   2381   [ <?> ] Type#602
   2386   ; -([[(body_vy, i), *(*(dy, [[(body_mass, j)), mag))
          sub_  
   2387   [ <?> ] Type#603
   2392   ldvar_super_  body_vy
   2397   [ <?> ] Type#604
   2402   ldvar_  i
   2407   ; <<-([[(body_vy, i), -([[(body_vy, i), *(*(dy, |...
          subassign2_1_  
   2408   stvar_super_  body_vy
   2413   ldvar_for_update_  body_vz
   2418   set_shared_  
   2419   pop_  
   2420   ldvar_  body_vz
   2425   [ <?> ] Type#606
   2430   dup_  
   2431   is_  NonObject
   2436   [ _ ] Test#94
   2441   brfalse_  89
   2446   br_  90
89:
   2451   mk_promise_  22
   2456   br_  91
90:
   2461   ldvar_  i
91:
   2466   ; [[(body_vz, i)
          extract2_1_  
   2467   [ <?> ] Type#609
   2472   visible_  
   2473   ldvar_  dz
   2478   ldvar_  body_mass
   2483   [ <?> ] Type#611
   2488   dup_  
   2489   is_  NonObject
   2494   [ _ ] Test#95
   2499   brfalse_  92
   2504   br_  93
92:
   2509   mk_promise_  23
   2514   br_  94
93:
   2519   ldvar_  j
94:
   2524   ; [[(body_mass, j)
          extract2_1_  
   2525   [ <?> ] Type#614
   2530   visible_  
   2531   ; *(dz, [[(body_mass, j))
          mul_  
   2532   [ <?> ] Type#615
   2537   ldvar_  mag
   2542   ; *(*(dz, [[(body_mass, j)), mag)
          mul_  
   2543   [ <?> ] Type#617
   2548   ; -([[(body_vz, i), *(*(dz, [[(body_mass, j)), mag))
          sub_  
   2549   [ <?> ] Type#618
   2554   ldvar_super_  body_vz
   2559   [ <?> ] Type#619
   2564   ldvar_  i
   2569   ; <<-([[(body_vz, i), -([[(body_vz, i), *(*(dz, |...
          subassign2_1_  
   2570   stvar_super_  body_vz
   2575   ldvar_for_update_  body_vx
   2580   set_shared_  
   2581   pop_  
   2582   ldvar_  body_vx
   2587   [ <?> ] Type#621
   2592   dup_  
   2593   is_  NonObject
   2598   [ _ ] Test#96
   2603   brfalse_  95
   2608   br_  96
95:
   2613   mk_promise_  24
   2618   br_  97
96:
   2623   ldvar_  j
97:
   2628   ; [[(body_vx, j)
          extract2_1_  
   2629   [ <?> ] Type#624
   2634   visible_  
   2635   ldvar_  dx
   2640   ldvar_  body_mass
   2645   [ <?> ] Type#626
   2650   dup_  
   2651   is_  NonObject
   2656   [ _ ] Test#97
   2661   brfalse_  98
   2666   br_  99
98:
   2671   mk_promise_  25
   2676   br_  100
99:
   2681   ldvar_  i
100:
   2686   ; [[(body_mass, i)
          extract2_1_  
   2687   [ <?> ] Type#629
   2692   visible_  
   2693   ; *(dx, [[(body_mass, i))
          mul_  
   2694   [ <?> ] Type#630
   2699   ldvar_  mag
   2704   ; *(*(dx, [[(body_mass, i)), mag)
          mul_  
   2705   [ <?> ] Type#632
   2710   ; +([[(body_vx, j), *(*(dx, [[(body_mass, i)), mag))
          add_  
   2711   [ <?> ] Type#633
   2716   ldvar_super_  body_vx
   2721   [ <?> ] Type#634
   2726   ldvar_  j
   2731   ; <<-([[(body_vx, j), +([[(body_vx, j), *(*(dx, |...
          subassign2_1_  
   2732   stvar_super_  body_vx
   2737   ldvar_for_update_  body_vy
   2742   set_shared_  
   2743   pop_  
   2744   ldvar_  body_vy
   2749   [ <?> ] Type#636
   2754   dup_  
   2755   is_  NonObject
   2760   [ _ ] Test#98
   2765   brfalse_  101
   2770   br_  102
101:
   2775   mk_promise_  26
   2780   br_  103
102:
   2785   ldvar_  j
103:
   2790   ; [[(body_vy, j)
          extract2_1_  
   2791   [ <?> ] Type#639
   2796   visible_  
   2797   ldvar_  dy
   2802   ldvar_  body_mass
   2807   [ <?> ] Type#641
   2812   dup_  
   2813   is_  NonObject
   2818   [ _ ] Test#99
   2823   brfalse_  104
   2828   br_  105
104:
   2833   mk_promise_  27
   2838   br_  106
105:
   2843   ldvar_  i
106:
   2848   ; [[(body_mass, i)
          extract2_1_  
   2849   [ <?> ] Type#644
   2854   visible_  
   2855   ; *(dy, [[(body_mass, i))
          mul_  
   2856   [ <?> ] Type#645
   2861   ldvar_  mag
   2866   ; *(*(dy, [[(body_mass, i)), mag)
          mul_  
   2867   [ <?> ] Type#647
   2872   ; +([[(body_vy, j), *(*(dy, [[(body_mass, i)), mag))
          add_  
   2873   [ <?> ] Type#648
   2878   ldvar_super_  body_vy
   2883   [ <?> ] Type#649
   2888   ldvar_  j
   2893   ; <<-([[(body_vy, j), +([[(body_vy, j), *(*(dy, |...
          subassign2_1_  
   2894   stvar_super_  body_vy
   2899   ldvar_for_update_  body_vz
   2904   set_shared_  
   2905   pop_  
   2906   ldvar_  body_vz
   2911   [ <?> ] Type#651
   2916   dup_  
   2917   is_  NonObject
   2922   [ _ ] Test#100
   2927   brfalse_  107
   2932   br_  108
107:
   2937   mk_promise_  28
   2942   br_  109
108:
   2947   ldvar_  j
109:
   2952   ; [[(body_vz, j)
          extract2_1_  
   2953   [ <?> ] Type#654
   2958   visible_  
   2959   ldvar_  dz
   2964   ldvar_  body_mass
   2969   [ <?> ] Type#656
   2974   dup_  
   2975   is_  NonObject
   2980   [ _ ] Test#101
   2985   brfalse_  110
   2990   br_  111
110:
   2995   mk_promise_  29
   3000   br_  112
111:
   3005   ldvar_  i
112:
   3010   ; [[(body_mass, i)
          extract2_1_  
   3011   [ <?> ] Type#659
   3016   visible_  
   3017   ; *(dz, [[(body_mass, i))
          mul_  
   3018   [ <?> ] Type#660
   3023   ldvar_  mag
   3028   ; *(*(dz, [[(body_mass, i)), mag)
          mul_  
   3029   [ <?> ] Type#662
   3034   ; +([[(body_vz, j), *(*(dz, [[(body_mass, i)), mag))
          add_  
   3035   [ <?> ] Type#663
   3040   ldvar_super_  body_vz
   3045   [ <?> ] Type#664
   3050   ldvar_  j
   3055   ; <<-([[(body_vz, j), +([[(body_vz, j), *(*(dz, |...
          subassign2_1_  
   3056   stvar_super_  body_vz
   3061   br_  58
113:
   3066   popn_  3
   3071   push_  NULL
   3076   invisible_  
114:
   3077   ret_  

[Prom (index 23.0)]
0:
      0   ldvar_  i
      5   [ <?> ] Type#246
     10   push_  1
     15   visible_  
     16   ; +(i, 1)
          add_  
     17   [ <?> ] Type#247
     22   ret_  

[Prom (index 23.1)]
0:
      0   ldvar_  n_bodies
      5   [ <?> ] Type#248
     10   ret_  

[Prom (index 23.2)]
0:
      0   ldvar_  j_from
      5   [ <?> ] Type#252
     10   ldvar_  n_bodies
     15   [ <?> ] Type#253
     20   ; :(j_from, n_bodies)
          colon_  
     21   [ <?> ] Type#254
     26   ret_  

[Prom (index 23.3)]
0:
      0   ldvar_  body_x
      5   [ <?> ] Type#255
     10   dup_  
     11   is_  NonObject
     16   [ _ ] Test#46
     21   brfalse_  1
     26   br_  2
1:
     31   mk_promise_  0
     36   br_  3
2:
     41   ldvar_  i
     46   [ <?> ] Type#257
3:
     51   ; [[(body_x, i)
          extract2_1_  
     52   [ <?> ] Type#258
     57   visible_  
     58   ldvar_  body_x
     63   [ <?> ] Type#259
     68   dup_  
     69   is_  NonObject
     74   [ _ ] Test#47
     79   brfalse_  4
     84   br_  5
4:
     89   mk_promise_  1
     94   br_  6
5:
     99   ldvar_  j
    104   [ <?> ] Type#261
6:
    109   ; [[(body_x, j)
          extract2_1_  
    110   [ <?> ] Type#262
    115   visible_  
    116   ; -([[(body_x, i), [[(body_x, j))
          sub_  
    117   [ <?> ] Type#263
    122   stvar_  dx
    127   ldvar_  body_y
    132   [ <?> ] Type#264
    137   dup_  
    138   is_  NonObject
    143   [ _ ] Test#48
    148   brfalse_  7
    153   br_  8
7:
    158   mk_promise_  2
    163   br_  9
8:
    168   ldvar_  i
9:
    173   ; [[(body_y, i)
          extract2_1_  
    174   [ <?> ] Type#267
    179   visible_  
    180   ldvar_  body_y
    185   [ <?> ] Type#268
    190   dup_  
    191   is_  NonObject
    196   [ _ ] Test#49
    201   brfalse_  10
    206   br_  11
10:
    211   mk_promise_  3
    216   br_  12
11:
    221   ldvar_  j
12:
    226   ; [[(body_y, j)
          extract2_1_  
    227   [ <?> ] Type#271
    232   visible_  
    233   ; -([[(body_y, i), [[(body_y, j))
          sub_  
    234   [ <?> ] Type#272
    239   stvar_  dy
    244   ldvar_  body_z
    249   [ <?> ] Type#273
    254   dup_  
    255   is_  NonObject
    260   [ _ ] Test#50
    265   brfalse_  13
    270   br_  14
13:
    275   mk_promise_  4
    280   br_  15
14:
    285   ldvar_  i
15:
    290   ; [[(body_z, i)
          extract2_1_  
    291   [ <?> ] Type#276
    296   visible_  
    297   ldvar_  body_z
    302   [ <?> ] Type#277
    307   dup_  
    308   is_  NonObject
    313   [ _ ] Test#51
    318   brfalse_  16
    323   br_  17
16:
    328   mk_promise_  5
    333   br_  18
17:
    338   ldvar_  j
18:
    343   ; [[(body_z, j)
          extract2_1_  
    344   [ <?> ] Type#280
    349   visible_  
    350   ; -([[(body_z, i), [[(body_z, j))
          sub_  
    351   [ <?> ] Type#281
    356   stvar_  dz
    361   ldfun_  sqrt
    366   [ 0, <0>, valid  ] Call#4
    371   mk_promise_  6
    376   ; sqrt(+(+(*(dx, dx), *(dy, dy)), *(dz, dz)))
          call_  1
    393   [ <?> ] Type#293
    398   stvar_  distance
    403   ldvar_  dt
    408   [ <?> ] Type#294
    413   ldvar_  distance
    418   ldvar_  distance
    423   ; *(distance, distance)
          mul_  
    424   [ <?> ] Type#297
    429   ldvar_  distance
    434   ; *(*(distance, distance), distance)
          mul_  
    435   [ <?> ] Type#299
    440   visible_  
    441   ; /(dt, ((*(*(distance, distance), distance)))
          div_  
    442   [ <?> ] Type#300
    447   stvar_  mag
    452   ldvar_for_update_  body_vx
    457   set_shared_  
    458   pop_  
    459   ldvar_  body_vx
    464   [ <?> ] Type#301
    469   dup_  
    470   is_  NonObject
    475   [ _ ] Test#52
    480   brfalse_  19
    485   br_  20
19:
    490   mk_promise_  7
    495   br_  21
20:
    500   ldvar_  i
21:
    505   ; [[(body_vx, i)
          extract2_1_  
    506   [ <?> ] Type#304
    511   visible_  
    512   ldvar_  dx
    517   ldvar_  body_mass
    522   [ <?> ] Type#306
    527   dup_  
    528   is_  NonObject
    533   [ _ ] Test#53
    538   brfalse_  22
    543   br_  23
22:
    548   mk_promise_  8
    553   br_  24
23:
    558   ldvar_  j
24:
    563   ; [[(body_mass, j)
          extract2_1_  
    564   [ <?> ] Type#309
    569   visible_  
    570   ; *(dx, [[(body_mass, j))
          mul_  
    571   [ <?> ] Type#310
    576   ldvar_  mag
    581   ; *(*(dx, [[(body_mass, j)), mag)
          mul_  
    582   [ <?> ] Type#312
    587   ; -([[(body_vx, i), *(*(dx, [[(body_mass, j)), mag))
          sub_  
    588   [ <?> ] Type#313
    593   ldvar_super_  body_vx
    598   [ <?> ] Type#314
    603   ldvar_  i
    608   ; <<-([[(body_vx, i), -([[(body_vx, i), *(*(dx, |...
          subassign2_1_  
    609   stvar_super_  body_vx
    614   ldvar_for_update_  body_vy
    619   set_shared_  
    620   pop_  
    621   ldvar_  body_vy
    626   [ <?> ] Type#316
    631   dup_  
    632   is_  NonObject
    637   [ _ ] Test#54
    642   brfalse_  25
    647   br_  26
25:
    652   mk_promise_  9
    657   br_  27
26:
    662   ldvar_  i
27:
    667   ; [[(body_vy, i)
          extract2_1_  
    668   [ <?> ] Type#319
    673   visible_  
    674   ldvar_  dy
    679   ldvar_  body_mass
    684   [ <?> ] Type#321
    689   dup_  
    690   is_  NonObject
    695   [ _ ] Test#55
    700   brfalse_  28
    705   br_  29
28:
    710   mk_promise_  a
    715   br_  30
29:
    720   ldvar_  j
30:
    725   ; [[(body_mass, j)
          extract2_1_  
    726   [ <?> ] Type#324
    731   visible_  
    732   ; *(dy, [[(body_mass, j))
          mul_  
    733   [ <?> ] Type#325
    738   ldvar_  mag
    743   ; *(*(dy, [[(body_mass, j)), mag)
          mul_  
    744   [ <?> ] Type#327
    749   ; -([[(body_vy, i), *(*(dy, [[(body_mass, j)), mag))
          sub_  
    750   [ <?> ] Type#328
    755   ldvar_super_  body_vy
    760   [ <?> ] Type#329
    765   ldvar_  i
    770   ; <<-([[(body_vy, i), -([[(body_vy, i), *(*(dy, |...
          subassign2_1_  
    771   stvar_super_  body_vy
    776   ldvar_for_update_  body_vz
    781   set_shared_  
    782   pop_  
    783   ldvar_  body_vz
    788   [ <?> ] Type#331
    793   dup_  
    794   is_  NonObject
    799   [ _ ] Test#56
    804   brfalse_  31
    809   br_  32
31:
    814   mk_promise_  b
    819   br_  33
32:
    824   ldvar_  i
33:
    829   ; [[(body_vz, i)
          extract2_1_  
    830   [ <?> ] Type#334
    835   visible_  
    836   ldvar_  dz
    841   ldvar_  body_mass
    846   [ <?> ] Type#336
    851   dup_  
    852   is_  NonObject
    857   [ _ ] Test#57
    862   brfalse_  34
    867   br_  35
34:
    872   mk_promise_  c
    877   br_  36
35:
    882   ldvar_  j
36:
    887   ; [[(body_mass, j)
          extract2_1_  
    888   [ <?> ] Type#339
    893   visible_  
    894   ; *(dz, [[(body_mass, j))
          mul_  
    895   [ <?> ] Type#340
    900   ldvar_  mag
    905   ; *(*(dz, [[(body_mass, j)), mag)
          mul_  
    906   [ <?> ] Type#342
    911   ; -([[(body_vz, i), *(*(dz, [[(body_mass, j)), mag))
          sub_  
    912   [ <?> ] Type#343
    917   ldvar_super_  body_vz
    922   [ <?> ] Type#344
    927   ldvar_  i
    932   ; <<-([[(body_vz, i), -([[(body_vz, i), *(*(dz, |...
          subassign2_1_  
    933   stvar_super_  body_vz
    938   ldvar_for_update_  body_vx
    943   set_shared_  
    944   pop_  
    945   ldvar_  body_vx
    950   [ <?> ] Type#346
    955   dup_  
    956   is_  NonObject
    961   [ _ ] Test#58
    966   brfalse_  37
    971   br_  38
37:
    976   mk_promise_  d
    981   br_  39
38:
    986   ldvar_  j
39:
    991   ; [[(body_vx, j)
          extract2_1_  
    992   [ <?> ] Type#349
    997   visible_  
    998   ldvar_  dx
   1003   ldvar_  body_mass
   1008   [ <?> ] Type#351
   1013   dup_  
   1014   is_  NonObject
   1019   [ _ ] Test#59
   1024   brfalse_  40
   1029   br_  41
40:
   1034   mk_promise_  e
   1039   br_  42
41:
   1044   ldvar_  i
42:
   1049   ; [[(body_mass, i)
          extract2_1_  
   1050   [ <?> ] Type#354
   1055   visible_  
   1056   ; *(dx, [[(body_mass, i))
          mul_  
   1057   [ <?> ] Type#355
   1062   ldvar_  mag
   1067   ; *(*(dx, [[(body_mass, i)), mag)
          mul_  
   1068   [ <?> ] Type#357
   1073   ; +([[(body_vx, j), *(*(dx, [[(body_mass, i)), mag))
          add_  
   1074   [ <?> ] Type#358
   1079   ldvar_super_  body_vx
   1084   [ <?> ] Type#359
   1089   ldvar_  j
   1094   ; <<-([[(body_vx, j), +([[(body_vx, j), *(*(dx, |...
          subassign2_1_  
   1095   stvar_super_  body_vx
   1100   ldvar_for_update_  body_vy
   1105   set_shared_  
   1106   pop_  
   1107   ldvar_  body_vy
   1112   [ <?> ] Type#361
   1117   dup_  
   1118   is_  NonObject
   1123   [ _ ] Test#60
   1128   brfalse_  43
   1133   br_  44
43:
   1138   mk_promise_  f
   1143   br_  45
44:
   1148   ldvar_  j
45:
   1153   ; [[(body_vy, j)
          extract2_1_  
   1154   [ <?> ] Type#364
   1159   visible_  
   1160   ldvar_  dy
   1165   ldvar_  body_mass
   1170   [ <?> ] Type#366
   1175   dup_  
   1176   is_  NonObject
   1181   [ _ ] Test#61
   1186   brfalse_  46
   1191   br_  47
46:
   1196   mk_promise_  10
   1201   br_  48
47:
   1206   ldvar_  i
48:
   1211   ; [[(body_mass, i)
          extract2_1_  
   1212   [ <?> ] Type#369
   1217   visible_  
   1218   ; *(dy, [[(body_mass, i))
          mul_  
   1219   [ <?> ] Type#370
   1224   ldvar_  mag
   1229   ; *(*(dy, [[(body_mass, i)), mag)
          mul_  
   1230   [ <?> ] Type#372
   1235   ; +([[(body_vy, j), *(*(dy, [[(body_mass, i)), mag))
          add_  
   1236   [ <?> ] Type#373
   1241   ldvar_super_  body_vy
   1246   [ <?> ] Type#374
   1251   ldvar_  j
   1256   ; <<-([[(body_vy, j), +([[(body_vy, j), *(*(dy, |...
          subassign2_1_  
   1257   stvar_super_  body_vy
   1262   ldvar_for_update_  body_vz
   1267   set_shared_  
   1268   pop_  
   1269   ldvar_  body_vz
   1274   [ <?> ] Type#376
   1279   dup_  
   1280   is_  NonObject
   1285   [ _ ] Test#62
   1290   brfalse_  49
   1295   br_  50
49:
   1300   mk_promise_  11
   1305   br_  51
50:
   1310   ldvar_  j
51:
   1315   ; [[(body_vz, j)
          extract2_1_  
   1316   [ <?> ] Type#379
   1321   visible_  
   1322   ldvar_  dz
   1327   ldvar_  body_mass
   1332   [ <?> ] Type#381
   1337   dup_  
   1338   is_  NonObject
   1343   [ _ ] Test#63
   1348   brfalse_  52
   1353   br_  53
52:
   1358   mk_promise_  12
   1363   br_  54
53:
   1368   ldvar_  i
54:
   1373   ; [[(body_mass, i)
          extract2_1_  
   1374   [ <?> ] Type#384
   1379   visible_  
   1380   ; *(dz, [[(body_mass, i))
          mul_  
   1381   [ <?> ] Type#385
   1386   ldvar_  mag
   1391   ; *(*(dz, [[(body_mass, i)), mag)
          mul_  
   1392   [ <?> ] Type#387
   1397   ; +([[(body_vz, j), *(*(dz, [[(body_mass, i)), mag))
          add_  
   1398   [ <?> ] Type#388
   1403   dup_  
   1404   set_shared_  
   1405   ldvar_super_  body_vz
   1410   [ <?> ] Type#389
   1415   ldvar_  j
   1420   ; <<-([[(body_vz, j), +([[(body_vz, j), *(*(dz, |...
          subassign2_1_  
   1421   stvar_super_  body_vz
   1426   invisible_  
   1427   ret_  

[Prom (index 23.3.0)]
0:
      0   ldvar_  i
      5   [ <?> ] Type#256
     10   ret_  

[Prom (index 23.3.1)]
0:
      0   ldvar_  j
      5   [ <?> ] Type#260
     10   ret_  

[Prom (index 23.3.2)]
0:
      0   ldvar_  i
      5   [ <?> ] Type#265
     10   ret_  

[Prom (index 23.3.3)]
0:
      0   ldvar_  j
      5   [ <?> ] Type#269
     10   ret_  

[Prom (index 23.3.4)]
0:
      0   ldvar_  i
      5   [ <?> ] Type#274
     10   ret_  

[Prom (index 23.3.5)]
0:
      0   ldvar_  j
      5   [ <?> ] Type#278
     10   ret_  

[Prom (index 23.3.6)]
0:
      0   ldvar_  dx
      5   [ <?> ] Type#282
     10   ldvar_  dx
     15   ; *(dx, dx)
          mul_  
     16   [ <?> ] Type#284
     21   ldvar_  dy
     26   [ <?> ] Type#285
     31   ldvar_  dy
     36   ; *(dy, dy)
          mul_  
     37   [ <?> ] Type#287
     42   ; +(*(dx, dx), *(dy, dy))
          add_  
     43   [ <?> ] Type#288
     48   ldvar_  dz
     53   [ <?> ] Type#289
     58   ldvar_  dz
     63   ; *(dz, dz)
          mul_  
     64   [ <?> ] Type#291
     69   ; +(+(*(dx, dx), *(dy, dy)), *(dz, dz))
          add_  
     70   [ <?> ] Type#292
     75   ret_  

[Prom (index 23.3.7)]
0:
      0   ldvar_  i
      5   [ <?> ] Type#302
     10   ret_  

[Prom (index 23.3.8)]
0:
      0   ldvar_  j
      5   [ <?> ] Type#307
     10   ret_  

[Prom (index 23.3.9)]
0:
      0   ldvar_  i
      5   [ <?> ] Type#317
     10   ret_  

[Prom (index 23.3.10)]
0:
      0   ldvar_  j
      5   [ <?> ] Type#322
     10   ret_  

[Prom (index 23.3.11)]
0:
      0   ldvar_  i
      5   [ <?> ] Type#332
     10   ret_  

[Prom (index 23.3.12)]
0:
      0   ldvar_  j
      5   [ <?> ] Type#337
     10   ret_  

[Prom (index 23.3.13)]
0:
      0   ldvar_  j
      5   [ <?> ] Type#347
     10   ret_  

[Prom (index 23.3.14)]
0:
      0   ldvar_  i
      5   [ <?> ] Type#352
     10   ret_  

[Prom (index 23.3.15)]
0:
      0   ldvar_  j
      5   [ <?> ] Type#362
     10   ret_  

[Prom (index 23.3.16)]
0:
      0   ldvar_  i
      5   [ <?> ] Type#367
     10   ret_  

[Prom (index 23.3.17)]
0:
      0   ldvar_  j
      5   [ <?> ] Type#377
     10   ret_  

[Prom (index 23.3.18)]
0:
      0   ldvar_  i
      5   [ <?> ] Type#382
     10   ret_  

[Prom (index 23.4)]
0:
      0   ldvar_  i
      5   [ <?> ] TypeOnce#395 (bit: #0)
     10   ret_  

[Prom (index 23.5)]
0:
      0   ldvar_  j
      5   [ <?> ] TypeOnce#399 (bit: #0)
     10   ret_  

[Prom (index 23.6)]
0:
      0   ldvar_  i
      5   [ <?> ] TypeOnce#404 (bit: #0)
     10   ret_  

[Prom (index 23.7)]
0:
      0   ldvar_  j
      5   [ <?> ] TypeOnce#408 (bit: #0)
     10   ret_  

[Prom (index 23.8)]
0:
      0   ldvar_  i
      5   [ <?> ] TypeOnce#413 (bit: #0)
     10   ret_  

[Prom (index 23.9)]
0:
      0   ldvar_  j
      5   [ <?> ] TypeOnce#417 (bit: #0)
     10   ret_  

[Prom (index 23.10)]
0:
      0   ldvar_  dx
      5   [ <?> ] TypeOnce#421 (bit: #0)
     10   ldvar_  dx
     15   ; *(dx, dx)
          mul_  
     16   [ <?> ] Type#423
     21   ldvar_  dy
     26   [ <?> ] TypeOnce#424 (bit: #1)
     31   ldvar_  dy
     36   ; *(dy, dy)
          mul_  
     37   [ <?> ] Type#426
     42   ; +(*(dx, dx), *(dy, dy))
          add_  
     43   [ <?> ] Type#427
     48   ldvar_  dz
     53   [ <?> ] TypeOnce#428 (bit: #2)
     58   ldvar_  dz
     63   ; *(dz, dz)
          mul_  
     64   [ <?> ] Type#430
     69   ; +(+(*(dx, dx), *(dy, dy)), *(dz, dz))
          add_  
     70   [ <?> ] Type#431
     75   ret_  

[Prom (index 23.11)]
0:
      0   ldvar_  i
      5   [ <?> ] TypeOnce#441 (bit: #0)
     10   ret_  

[Prom (index 23.12)]
0:
      0   ldvar_  j
      5   [ <?> ] TypeOnce#446 (bit: #0)
     10   ret_  

[Prom (index 23.13)]
0:
      0   ldvar_  i
      5   [ <?> ] TypeOnce#456 (bit: #0)
     10   ret_  

[Prom (index 23.14)]
0:
      0   ldvar_  j
      5   [ <?> ] TypeOnce#461 (bit: #0)
     10   ret_  

[Prom (index 23.15)]
0:
      0   ldvar_  i
      5   [ <?> ] TypeOnce#471 (bit: #0)
     10   ret_  

[Prom (index 23.16)]
0:
      0   ldvar_  j
      5   [ <?> ] TypeOnce#476 (bit: #0)
     10   ret_  

[Prom (index 23.17)]
0:
      0   ldvar_  j
      5   [ <?> ] TypeOnce#486 (bit: #0)
     10   ret_  

[Prom (index 23.18)]
0:
      0   ldvar_  i
      5   [ <?> ] TypeOnce#491 (bit: #0)
     10   ret_  

[Prom (index 23.19)]
0:
      0   ldvar_  j
      5   [ <?> ] TypeOnce#501 (bit: #0)
     10   ret_  

[Prom (index 23.20)]
0:
      0   ldvar_  i
      5   [ <?> ] TypeOnce#506 (bit: #0)
     10   ret_  

[Prom (index 23.21)]
0:
      0   ldvar_  j
      5   [ <?> ] TypeOnce#516 (bit: #0)
     10   ret_  

[Prom (index 23.22)]
0:
      0   ldvar_  i
      5   [ <?> ] TypeOnce#521 (bit: #0)
     10   ret_  

[Prom (index 23.23)]
0:
      0   ldvar_  i
      5   [ <?> ] TypeOnce#531 (bit: #0)
     10   ret_  

[Prom (index 23.24)]
0:
      0   ldvar_  j
      5   [ <?> ] TypeOnce#535 (bit: #0)
     10   ret_  

[Prom (index 23.25)]
0:
      0   ldvar_  i
      5   [ <?> ] TypeOnce#540 (bit: #0)
     10   ret_  

[Prom (index 23.26)]
0:
      0   ldvar_  j
      5   [ <?> ] TypeOnce#544 (bit: #0)
     10   ret_  

[Prom (index 23.27)]
0:
      0   ldvar_  i
      5   [ <?> ] TypeOnce#549 (bit: #0)
     10   ret_  

[Prom (index 23.28)]
0:
      0   ldvar_  j
      5   [ <?> ] TypeOnce#553 (bit: #0)
     10   ret_  

[Prom (index 23.29)]
0:
      0   ldvar_  dx
      5   [ <?> ] TypeOnce#557 (bit: #0)
     10   ldvar_  dx
     15   ; *(dx, dx)
          mul_  
     16   [ <?> ] Type#559
     21   ldvar_  dy
     26   [ <?> ] TypeOnce#560 (bit: #1)
     31   ldvar_  dy
     36   ; *(dy, dy)
          mul_  
     37   [ <?> ] Type#562
     42   ; +(*(dx, dx), *(dy, dy))
          add_  
     43   [ <?> ] Type#563
     48   ldvar_  dz
     53   [ <?> ] TypeOnce#564 (bit: #2)
     58   ldvar_  dz
     63   ; *(dz, dz)
          mul_  
     64   [ <?> ] Type#566
     69   ; +(+(*(dx, dx), *(dy, dy)), *(dz, dz))
          add_  
     70   [ <?> ] Type#567
     75   ret_  

[Prom (index 23.30)]
0:
      0   ldvar_  i
      5   [ <?> ] TypeOnce#577 (bit: #0)
     10   ret_  

[Prom (index 23.31)]
0:
      0   ldvar_  j
      5   [ <?> ] TypeOnce#582 (bit: #0)
     10   ret_  

[Prom (index 23.32)]
0:
      0   ldvar_  i
      5   [ <?> ] TypeOnce#592 (bit: #0)
     10   ret_  

[Prom (index 23.33)]
0:
      0   ldvar_  j
      5   [ <?> ] TypeOnce#597 (bit: #0)
     10   ret_  

[Prom (index 23.34)]
0:
      0   ldvar_  i
      5   [ <?> ] TypeOnce#607 (bit: #0)
     10   ret_  

[Prom (index 23.35)]
0:
      0   ldvar_  j
      5   [ <?> ] TypeOnce#612 (bit: #0)
     10   ret_  

[Prom (index 23.36)]
0:
      0   ldvar_  j
      5   [ <?> ] TypeOnce#622 (bit: #0)
     10   ret_  

[Prom (index 23.37)]
0:
      0   ldvar_  i
      5   [ <?> ] TypeOnce#627 (bit: #0)
     10   ret_  

[Prom (index 23.38)]
0:
      0   ldvar_  j
      5   [ <?> ] TypeOnce#637 (bit: #0)
     10   ret_  

[Prom (index 23.39)]
0:
      0   ldvar_  i
      5   [ <?> ] TypeOnce#642 (bit: #0)
     10   ret_  

[Prom (index 23.40)]
0:
      0   ldvar_  j
      5   [ <?> ] TypeOnce#652 (bit: #0)
     10   ret_  

[Prom (index 23.41)]
0:
      0   ldvar_  i
      5   [ <?> ] TypeOnce#657 (bit: #0)
     10   ret_  

[Prom (index 24)]
0:
      0   ldvar_  i
      5   [ <?> ] TypeOnce#668 (bit: #0)
     10   push_  1
     15   visible_  
     16   ; +(i, 1)
          add_  
     17   [ <?> ] Type#669
     22   ret_  

[Prom (index 25)]
0:
      0   ldvar_  n_bodies
      5   [ <?> ] Type#670
     10   ret_  

[Prom (index 26)]
0:
      0   ldvar_  j_from
      5   [ <?> ] TypeOnce#677 (bit: #0)
     10   ldvar_  n_bodies
     15   [ <?> ] Type#678
     20   ; :(j_from, n_bodies)
          colon_  
     21   [ <?> ] Type#679
     26   ret_  

[Prom (index 27)]
0:
      0   ldvar_  body_x
      5   [ <?> ] Type#680
     10   dup_  
     11   is_  NonObject
     16   [ _ ] Test#105
     21   brfalse_  1
     26   br_  2
1:
     31   mk_promise_  0
     36   br_  3
2:
     41   ldvar_  i
     46   [ <?> ] TypeOnce#682 (bit: #0)
3:
     51   ; [[(body_x, i)
          extract2_1_  
     52   [ <?> ] Type#683
     57   visible_  
     58   ldvar_  body_x
     63   [ <?> ] Type#684
     68   dup_  
     69   is_  NonObject
     74   [ _ ] Test#106
     79   brfalse_  4
     84   br_  5
4:
     89   mk_promise_  1
     94   br_  6
5:
     99   ldvar_  j
    104   [ <?> ] TypeOnce#686 (bit: #1)
6:
    109   ; [[(body_x, j)
          extract2_1_  
    110   [ <?> ] Type#687
    115   visible_  
    116   ; -([[(body_x, i), [[(body_x, j))
          sub_  
    117   [ <?> ] Type#688
    122   stvar_  dx
    127   ldvar_  body_y
    132   [ <?> ] Type#689
    137   dup_  
    138   is_  NonObject
    143   [ _ ] Test#107
    148   brfalse_  7
    153   br_  8
7:
    158   mk_promise_  2
    163   br_  9
8:
    168   ldvar_  i
9:
    173   ; [[(body_y, i)
          extract2_1_  
    174   [ <?> ] Type#692
    179   visible_  
    180   ldvar_  body_y
    185   [ <?> ] Type#693
    190   dup_  
    191   is_  NonObject
    196   [ _ ] Test#108
    201   brfalse_  10
    206   br_  11
10:
    211   mk_promise_  3
    216   br_  12
11:
    221   ldvar_  j
12:
    226   ; [[(body_y, j)
          extract2_1_  
    227   [ <?> ] Type#696
    232   visible_  
    233   ; -([[(body_y, i), [[(body_y, j))
          sub_  
    234   [ <?> ] Type#697
    239   stvar_  dy
    244   ldvar_  body_z
    249   [ <?> ] Type#698
    254   dup_  
    255   is_  NonObject
    260   [ _ ] Test#109
    265   brfalse_  13
    270   br_  14
13:
    275   mk_promise_  4
    280   br_  15
14:
    285   ldvar_  i
15:
    290   ; [[(body_z, i)
          extract2_1_  
    291   [ <?> ] Type#701
    296   visible_  
    297   ldvar_  body_z
    302   [ <?> ] Type#702
    307   dup_  
    308   is_  NonObject
    313   [ _ ] Test#110
    318   brfalse_  16
    323   br_  17
16:
    328   mk_promise_  5
    333   br_  18
17:
    338   ldvar_  j
18:
    343   ; [[(body_z, j)
          extract2_1_  
    344   [ <?> ] Type#705
    349   visible_  
    350   ; -([[(body_z, i), [[(body_z, j))
          sub_  
    351   [ <?> ] Type#706
    356   stvar_  dz
    361   ldfun_  sqrt
    366   [ 0, <0>, valid  ] Call#8
    371   mk_promise_  6
    376   ; sqrt(+(+(*(dx, dx), *(dy, dy)), *(dz, dz)))
          call_  1
    393   [ <?> ] Type#718
    398   stvar_  distance
    403   ldvar_  dt
    408   [ <?> ] TypeOnce#719 (bit: #2)
    413   ldvar_  distance
    418   ldvar_  distance
    423   ; *(distance, distance)
          mul_  
    424   [ <?> ] Type#722
    429   ldvar_  distance
    434   ; *(*(distance, distance), distance)
          mul_  
    435   [ <?> ] Type#724
    440   visible_  
    441   ; /(dt, ((*(*(distance, distance), distance)))
          div_  
    442   [ <?> ] Type#725
    447   stvar_  mag
    452   ldvar_for_update_  body_vx
    457   set_shared_  
    458   pop_  
    459   ldvar_  body_vx
    464   [ <?> ] Type#726
    469   dup_  
    470   is_  NonObject
    475   [ _ ] Test#111
    480   brfalse_  19
    485   br_  20
19:
    490   mk_promise_  7
    495   br_  21
20:
    500   ldvar_  i
21:
    505   ; [[(body_vx, i)
          extract2_1_  
    506   [ <?> ] Type#729
    511   visible_  
    512   ldvar_  dx
    517   ldvar_  body_mass
    522   [ <?> ] Type#731
    527   dup_  
    528   is_  NonObject
    533   [ _ ] Test#112
    538   brfalse_  22
    543   br_  23
22:
    548   mk_promise_  8
    553   br_  24
23:
    558   ldvar_  j
24:
    563   ; [[(body_mass, j)
          extract2_1_  
    564   [ <?> ] Type#734
    569   visible_  
    570   ; *(dx, [[(body_mass, j))
          mul_  
    571   [ <?> ] Type#735
    576   ldvar_  mag
    581   ; *(*(dx, [[(body_mass, j)), mag)
          mul_  
    582   [ <?> ] Type#737
    587   ; -([[(body_vx, i), *(*(dx, [[(body_mass, j)), mag))
          sub_  
    588   [ <?> ] Type#738
    593   ldvar_super_  body_vx
    598   [ <?> ] Type#739
    603   ldvar_  i
    608   ; <<-([[(body_vx, i), -([[(body_vx, i), *(*(dx, |...
          subassign2_1_  
    609   stvar_super_  body_vx
    614   ldvar_for_update_  body_vy
    619   set_shared_  
    620   pop_  
    621   ldvar_  body_vy
    626   [ <?> ] Type#741
    631   dup_  
    632   is_  NonObject
    637   [ _ ] Test#113
    642   brfalse_  25
    647   br_  26
25:
    652   mk_promise_  9
    657   br_  27
26:
    662   ldvar_  i
27:
    667   ; [[(body_vy, i)
          extract2_1_  
    668   [ <?> ] Type#744
    673   visible_  
    674   ldvar_  dy
    679   ldvar_  body_mass
    684   [ <?> ] Type#746
    689   dup_  
    690   is_  NonObject
    695   [ _ ] Test#114
    700   brfalse_  28
    705   br_  29
28:
    710   mk_promise_  a
    715   br_  30
29:
    720   ldvar_  j
30:
    725   ; [[(body_mass, j)
          extract2_1_  
    726   [ <?> ] Type#749
    731   visible_  
    732   ; *(dy, [[(body_mass, j))
          mul_  
    733   [ <?> ] Type#750
    738   ldvar_  mag
    743   ; *(*(dy, [[(body_mass, j)), mag)
          mul_  
    744   [ <?> ] Type#752
    749   ; -([[(body_vy, i), *(*(dy, [[(body_mass, j)), mag))
          sub_  
    750   [ <?> ] Type#753
    755   ldvar_super_  body_vy
    760   [ <?> ] Type#754
    765   ldvar_  i
    770   ; <<-([[(body_vy, i), -([[(body_vy, i), *(*(dy, |...
          subassign2_1_  
    771   stvar_super_  body_vy
    776   ldvar_for_update_  body_vz
    781   set_shared_  
    782   pop_  
    783   ldvar_  body_vz
    788   [ <?> ] Type#756
    793   dup_  
    794   is_  NonObject
    799   [ _ ] Test#115
    804   brfalse_  31
    809   br_  32
31:
    814   mk_promise_  b
    819   br_  33
32:
    824   ldvar_  i
33:
    829   ; [[(body_vz, i)
          extract2_1_  
    830   [ <?> ] Type#759
    835   visible_  
    836   ldvar_  dz
    841   ldvar_  body_mass
    846   [ <?> ] Type#761
    851   dup_  
    852   is_  NonObject
    857   [ _ ] Test#116
    862   brfalse_  34
    867   br_  35
34:
    872   mk_promise_  c
    877   br_  36
35:
    882   ldvar_  j
36:
    887   ; [[(body_mass, j)
          extract2_1_  
    888   [ <?> ] Type#764
    893   visible_  
    894   ; *(dz, [[(body_mass, j))
          mul_  
    895   [ <?> ] Type#765
    900   ldvar_  mag
    905   ; *(*(dz, [[(body_mass, j)), mag)
          mul_  
    906   [ <?> ] Type#767
    911   ; -([[(body_vz, i), *(*(dz, [[(body_mass, j)), mag))
          sub_  
    912   [ <?> ] Type#768
    917   ldvar_super_  body_vz
    922   [ <?> ] Type#769
    927   ldvar_  i
    932   ; <<-([[(body_vz, i), -([[(body_vz, i), *(*(dz, |...
          subassign2_1_  
    933   stvar_super_  body_vz
    938   ldvar_for_update_  body_vx
    943   set_shared_  
    944   pop_  
    945   ldvar_  body_vx
    950   [ <?> ] Type#771
    955   dup_  
    956   is_  NonObject
    961   [ _ ] Test#117
    966   brfalse_  37
    971   br_  38
37:
    976   mk_promise_  d
    981   br_  39
38:
    986   ldvar_  j
39:
    991   ; [[(body_vx, j)
          extract2_1_  
    992   [ <?> ] Type#774
    997   visible_  
    998   ldvar_  dx
   1003   ldvar_  body_mass
   1008   [ <?> ] Type#776
   1013   dup_  
   1014   is_  NonObject
   1019   [ _ ] Test#118
   1024   brfalse_  40
   1029   br_  41
40:
   1034   mk_promise_  e
   1039   br_  42
41:
   1044   ldvar_  i
42:
   1049   ; [[(body_mass, i)
          extract2_1_  
   1050   [ <?> ] Type#779
   1055   visible_  
   1056   ; *(dx, [[(body_mass, i))
          mul_  
   1057   [ <?> ] Type#780
   1062   ldvar_  mag
   1067   ; *(*(dx, [[(body_mass, i)), mag)
          mul_  
   1068   [ <?> ] Type#782
   1073   ; +([[(body_vx, j), *(*(dx, [[(body_mass, i)), mag))
          add_  
   1074   [ <?> ] Type#783
   1079   ldvar_super_  body_vx
   1084   [ <?> ] Type#784
   1089   ldvar_  j
   1094   ; <<-([[(body_vx, j), +([[(body_vx, j), *(*(dx, |...
          subassign2_1_  
   1095   stvar_super_  body_vx
   1100   ldvar_for_update_  body_vy
   1105   set_shared_  
   1106   pop_  
   1107   ldvar_  body_vy
   1112   [ <?> ] Type#786
   1117   dup_  
   1118   is_  NonObject
   1123   [ _ ] Test#119
   1128   brfalse_  43
   1133   br_  44
43:
   1138   mk_promise_  f
   1143   br_  45
44:
   1148   ldvar_  j
45:
   1153   ; [[(body_vy, j)
          extract2_1_  
   1154   [ <?> ] Type#789
   1159   visible_  
   1160   ldvar_  dy
   1165   ldvar_  body_mass
   1170   [ <?> ] Type#791
   1175   dup_  
   1176   is_  NonObject
   1181   [ _ ] Test#120
   1186   brfalse_  46
   1191   br_  47
46:
   1196   mk_promise_  10
   1201   br_  48
47:
   1206   ldvar_  i
48:
   1211   ; [[(body_mass, i)
          extract2_1_  
   1212   [ <?> ] Type#794
   1217   visible_  
   1218   ; *(dy, [[(body_mass, i))
          mul_  
   1219   [ <?> ] Type#795
   1224   ldvar_  mag
   1229   ; *(*(dy, [[(body_mass, i)), mag)
          mul_  
   1230   [ <?> ] Type#797
   1235   ; +([[(body_vy, j), *(*(dy, [[(body_mass, i)), mag))
          add_  
   1236   [ <?> ] Type#798
   1241   ldvar_super_  body_vy
   1246   [ <?> ] Type#799
   1251   ldvar_  j
   1256   ; <<-([[(body_vy, j), +([[(body_vy, j), *(*(dy, |...
          subassign2_1_  
   1257   stvar_super_  body_vy
   1262   ldvar_for_update_  body_vz
   1267   set_shared_  
   1268   pop_  
   1269   ldvar_  body_vz
   1274   [ <?> ] Type#801
   1279   dup_  
   1280   is_  NonObject
   1285   [ _ ] Test#121
   1290   brfalse_  49
   1295   br_  50
49:
   1300   mk_promise_  11
   1305   br_  51
50:
   1310   ldvar_  j
51:
   1315   ; [[(body_vz, j)
          extract2_1_  
   1316   [ <?> ] Type#804
   1321   visible_  
   1322   ldvar_  dz
   1327   ldvar_  body_mass
   1332   [ <?> ] Type#806
   1337   dup_  
   1338   is_  NonObject
   1343   [ _ ] Test#122
   1348   brfalse_  52
   1353   br_  53
52:
   1358   mk_promise_  12
   1363   br_  54
53:
   1368   ldvar_  i
54:
   1373   ; [[(body_mass, i)
          extract2_1_  
   1374   [ <?> ] Type#809
   1379   visible_  
   1380   ; *(dz, [[(body_mass, i))
          mul_  
   1381   [ <?> ] Type#810
   1386   ldvar_  mag
   1391   ; *(*(dz, [[(body_mass, i)), mag)
          mul_  
   1392   [ <?> ] Type#812
   1397   ; +([[(body_vz, j), *(*(dz, [[(body_mass, i)), mag))
          add_  
   1398   [ <?> ] Type#813
   1403   dup_  
   1404   set_shared_  
   1405   ldvar_super_  body_vz
   1410   [ <?> ] Type#814
   1415   ldvar_  j
   1420   ; <<-([[(body_vz, j), +([[(body_vz, j), *(*(dz, |...
          subassign2_1_  
   1421   stvar_super_  body_vz
   1426   invisible_  
   1427   ret_  

[Prom (index 27.0)]
0:
      0   ldvar_  i
      5   [ <?> ] TypeOnce#681 (bit: #0)
     10   ret_  

[Prom (index 27.1)]
0:
      0   ldvar_  j
      5   [ <?> ] TypeOnce#685 (bit: #0)
     10   ret_  

[Prom (index 27.2)]
0:
      0   ldvar_  i
      5   [ <?> ] TypeOnce#690 (bit: #0)
     10   ret_  

[Prom (index 27.3)]
0:
      0   ldvar_  j
      5   [ <?> ] TypeOnce#694 (bit: #0)
     10   ret_  

[Prom (index 27.4)]
0:
      0   ldvar_  i
      5   [ <?> ] TypeOnce#699 (bit: #0)
     10   ret_  

[Prom (index 27.5)]
0:
      0   ldvar_  j
      5   [ <?> ] TypeOnce#703 (bit: #0)
     10   ret_  

[Prom (index 27.6)]
0:
      0   ldvar_  dx
      5   [ <?> ] TypeOnce#707 (bit: #0)
     10   ldvar_  dx
     15   ; *(dx, dx)
          mul_  
     16   [ <?> ] Type#709
     21   ldvar_  dy
     26   [ <?> ] TypeOnce#710 (bit: #1)
     31   ldvar_  dy
     36   ; *(dy, dy)
          mul_  
     37   [ <?> ] Type#712
     42   ; +(*(dx, dx), *(dy, dy))
          add_  
     43   [ <?> ] Type#713
     48   ldvar_  dz
     53   [ <?> ] TypeOnce#714 (bit: #2)
     58   ldvar_  dz
     63   ; *(dz, dz)
          mul_  
     64   [ <?> ] Type#716
     69   ; +(+(*(dx, dx), *(dy, dy)), *(dz, dz))
          add_  
     70   [ <?> ] Type#717
     75   ret_  

[Prom (index 27.7)]
0:
      0   ldvar_  i
      5   [ <?> ] TypeOnce#727 (bit: #0)
     10   ret_  

[Prom (index 27.8)]
0:
      0   ldvar_  j
      5   [ <?> ] TypeOnce#732 (bit: #0)
     10   ret_  

[Prom (index 27.9)]
0:
      0   ldvar_  i
      5   [ <?> ] TypeOnce#742 (bit: #0)
     10   ret_  

[Prom (index 27.10)]
0:
      0   ldvar_  j
      5   [ <?> ] TypeOnce#747 (bit: #0)
     10   ret_  

[Prom (index 27.11)]
0:
      0   ldvar_  i
      5   [ <?> ] TypeOnce#757 (bit: #0)
     10   ret_  

[Prom (index 27.12)]
0:
      0   ldvar_  j
      5   [ <?> ] TypeOnce#762 (bit: #0)
     10   ret_  

[Prom (index 27.13)]
0:
      0   ldvar_  j
      5   [ <?> ] TypeOnce#772 (bit: #0)
     10   ret_  

[Prom (index 27.14)]
0:
      0   ldvar_  i
      5   [ <?> ] TypeOnce#777 (bit: #0)
     10   ret_  

[Prom (index 27.15)]
0:
      0   ldvar_  j
      5   [ <?> ] TypeOnce#787 (bit: #0)
     10   ret_  

[Prom (index 27.16)]
0:
      0   ldvar_  i
      5   [ <?> ] TypeOnce#792 (bit: #0)
     10   ret_  

[Prom (index 27.17)]
0:
      0   ldvar_  j
      5   [ <?> ] TypeOnce#802 (bit: #0)
     10   ret_  

[Prom (index 27.18)]
0:
      0   ldvar_  i
      5   [ <?> ] TypeOnce#807 (bit: #0)
     10   ret_  

[Prom (index 28)]
0:
      0   ldvar_  i
      5   [ <?> ] TypeOnce#819 (bit: #0)
     10   ret_  

[Prom (index 29)]
0:
      0   ldvar_  j
      5   [ <?> ] TypeOnce#823 (bit: #0)
     10   ret_  

[Prom (index 30)]
0:
      0   ldvar_  i
      5   [ <?> ] TypeOnce#828 (bit: #0)
     10   ret_  

[Prom (index 31)]
0:
      0   ldvar_  j
      5   [ <?> ] TypeOnce#832 (bit: #0)
     10   ret_  

[Prom (index 32)]
0:
      0   ldvar_  i
      5   [ <?> ] TypeOnce#837 (bit: #0)
     10   ret_  

[Prom (index 33)]
0:
      0   ldvar_  j
      5   [ <?> ] TypeOnce#841 (bit: #0)
     10   ret_  

[Prom (index 34)]
0:
      0   ldvar_  dx
      5   [ <?> ] TypeOnce#845 (bit: #0)
     10   ldvar_  dx
     15   ; *(dx, dx)
          mul_  
     16   [ <?> ] Type#847
     21   ldvar_  dy
     26   [ <?> ] TypeOnce#848 (bit: #1)
     31   ldvar_  dy
     36   ; *(dy, dy)
          mul_  
     37   [ <?> ] Type#850
     42   ; +(*(dx, dx), *(dy, dy))
          add_  
     43   [ <?> ] Type#851
     48   ldvar_  dz
     53   [ <?> ] TypeOnce#852 (bit: #2)
     58   ldvar_  dz
     63   ; *(dz, dz)
          mul_  
     64   [ <?> ] Type#854
     69   ; +(+(*(dx, dx), *(dy, dy)), *(dz, dz))
          add_  
     70   [ <?> ] Type#855
     75   ret_  

[Prom (index 35)]
0:
      0   ldvar_  i
      5   [ <?> ] TypeOnce#876 (bit: #0)
     10   ret_  

[Prom (index 36)]
0:
      0   ldvar_  j
      5   [ <?> ] TypeOnce#881 (bit: #0)
     10   ret_  

[Prom (index 37)]
0:
      0   ldvar_  i
      5   [ <?> ] TypeOnce#891 (bit: #0)
     10   ret_  

[Prom (index 38)]
0:
      0   ldvar_  j
      5   [ <?> ] TypeOnce#896 (bit: #0)
     10   ret_  

[Prom (index 39)]
0:
      0   ldvar_  i
      5   [ <?> ] TypeOnce#906 (bit: #0)
     10   ret_  

[Prom (index 40)]
0:
      0   ldvar_  j
      5   [ <?> ] TypeOnce#911 (bit: #0)
     10   ret_  

[Prom (index 41)]
0:
      0   ldvar_  j
      5   [ <?> ] TypeOnce#921 (bit: #0)
     10   ret_  

[Prom (index 42)]
0:
      0   ldvar_  i
      5   [ <?> ] TypeOnce#926 (bit: #0)
     10   ret_  

[Prom (index 43)]
0:
      0   ldvar_  j
      5   [ <?> ] TypeOnce#936 (bit: #0)
     10   ret_  

[Prom (index 44)]
0:
      0   ldvar_  i
      5   [ <?> ] TypeOnce#941 (bit: #0)
     10   ret_  

[Prom (index 45)]
0:
      0   ldvar_  j
      5   [ <?> ] TypeOnce#951 (bit: #0)
     10   ret_  

[Prom (index 46)]
0:
      0   ldvar_  i
      5   [ <?> ] TypeOnce#956 (bit: #0)
     10   ret_  

[Prom (index 47)]
0:
      0   ldvar_  i
      5   [ <?> ] TypeOnce#966 (bit: #0)
     10   ret_  

[Prom (index 48)]
0:
      0   ldvar_  j
      5   [ <?> ] TypeOnce#970 (bit: #0)
     10   ret_  

[Prom (index 49)]
0:
      0   ldvar_  i
      5   [ <?> ] TypeOnce#975 (bit: #0)
     10   ret_  

[Prom (index 50)]
0:
      0   ldvar_  j
      5   [ <?> ] TypeOnce#979 (bit: #0)
     10   ret_  

[Prom (index 51)]
0:
      0   ldvar_  i
      5   [ <?> ] TypeOnce#984 (bit: #0)
     10   ret_  

[Prom (index 52)]
0:
      0   ldvar_  j
      5   [ <?> ] TypeOnce#988 (bit: #0)
     10   ret_  

[Prom (index 53)]
0:
      0   ldvar_  dx
      5   [ <?> ] TypeOnce#992 (bit: #0)
     10   ldvar_  dx
     15   ; *(dx, dx)
          mul_  
     16   [ <?> ] Type#994
     21   ldvar_  dy
     26   [ <?> ] TypeOnce#995 (bit: #1)
     31   ldvar_  dy
     36   ; *(dy, dy)
          mul_  
     37   [ <?> ] Type#997
     42   ; +(*(dx, dx), *(dy, dy))
          add_  
     43   [ <?> ] Type#998
     48   ldvar_  dz
     53   [ <?> ] TypeOnce#999 (bit: #2)
     58   ldvar_  dz
     63   ; *(dz, dz)
          mul_  
     64   [ <?> ] Type#1001
     69   ; +(+(*(dx, dx), *(dy, dy)), *(dz, dz))
          add_  
     70   [ <?> ] Type#1002
     75   ret_  

[Prom (index 54)]
0:
      0   ldvar_  i
      5   [ <?> ] TypeOnce#1023 (bit: #0)
     10   ret_  

[Prom (index 55)]
0:
      0   ldvar_  j
      5   [ <?> ] TypeOnce#1028 (bit: #0)
     10   ret_  

[Prom (index 56)]
0:
      0   ldvar_  i
      5   [ <?> ] TypeOnce#1038 (bit: #0)
     10   ret_  

[Prom (index 57)]
0:
      0   ldvar_  j
      5   [ <?> ] TypeOnce#1043 (bit: #0)
     10   ret_  

[Prom (index 58)]
0:
      0   ldvar_  i
      5   [ <?> ] TypeOnce#1053 (bit: #0)
     10   ret_  

[Prom (index 59)]
0:
      0   ldvar_  j
      5   [ <?> ] TypeOnce#1058 (bit: #0)
     10   ret_  

[Prom (index 60)]
0:
      0   ldvar_  j
      5   [ <?> ] TypeOnce#1068 (bit: #0)
     10   ret_  

[Prom (index 61)]
0:
      0   ldvar_  i
      5   [ <?> ] TypeOnce#1073 (bit: #0)
     10   ret_  

[Prom (index 62)]
0:
      0   ldvar_  j
      5   [ <?> ] TypeOnce#1083 (bit: #0)
     10   ret_  

[Prom (index 63)]
0:
      0   ldvar_  i
      5   [ <?> ] TypeOnce#1088 (bit: #0)
     10   ret_  

[Prom (index 64)]
0:
      0   ldvar_  j
      5   [ <?> ] TypeOnce#1098 (bit: #0)
     10   ret_  

[Prom (index 65)]
0:
      0   ldvar_  i
      5   [ <?> ] TypeOnce#1103 (bit: #0)
     10   ret_  

[Prom (index 66)]
0:
      0   push_  1
      5   visible_  
      6   ldvar_  n_bodies
     11   [ <?> ] Type#1113
     16   ; :(1, n_bodies)
          colon_  
     17   [ <?> ] Type#1114
     22   ret_  

[Prom (index 67)]
0:
      0   ldvar_for_update_  body_x
      5   set_shared_  
      6   pop_  
      7   ldvar_  body_x
     12   [ <?> ] Type#1115
     17   dup_  
     18   is_  NonObject
     23   [ _ ] Test#164
     28   brfalse_  1
     33   br_  2
1:
     38   mk_promise_  0
     43   br_  3
2:
     48   ldvar_  i
     53   [ <?> ] Type#1117
3:
     58   ; [[(body_x, i)
          extract2_1_  
     59   [ <?> ] Type#1118
     64   visible_  
     65   ldvar_  dt
     70   [ <?> ] Type#1119
     75   ldvar_  body_vx
     80   [ <?> ] Type#1120
     85   dup_  
     86   is_  NonObject
     91   [ _ ] Test#165
     96   brfalse_  4
    101   br_  5
4:
    106   mk_promise_  1
    111   br_  6
5:
    116   ldvar_  i
6:
    121   ; [[(body_vx, i)
          extract2_1_  
    122   [ <?> ] Type#1123
    127   visible_  
    128   ; *(dt, [[(body_vx, i))
          mul_  
    129   [ <?> ] Type#1124
    134   ; +([[(body_x, i), *(dt, [[(body_vx, i)))
          add_  
    135   [ <?> ] Type#1125
    140   ldvar_super_  body_x
    145   [ <?> ] Type#1126
    150   ldvar_  i
    155   ; <<-([[(body_x, i), +([[(body_x, i), *(dt, [[(b|...
          subassign2_1_  
    156   stvar_super_  body_x
    161   ldvar_for_update_  body_y
    166   set_shared_  
    167   pop_  
    168   ldvar_  body_y
    173   [ <?> ] Type#1128
    178   dup_  
    179   is_  NonObject
    184   [ _ ] Test#166
    189   brfalse_  7
    194   br_  8
7:
    199   mk_promise_  2
    204   br_  9
8:
    209   ldvar_  i
9:
    214   ; [[(body_y, i)
          extract2_1_  
    215   [ <?> ] Type#1131
    220   visible_  
    221   ldvar_  dt
    226   ldvar_  body_vy
    231   [ <?> ] Type#1133
    236   dup_  
    237   is_  NonObject
    242   [ _ ] Test#167
    247   brfalse_  10
    252   br_  11
10:
    257   mk_promise_  3
    262   br_  12
11:
    267   ldvar_  i
12:
    272   ; [[(body_vy, i)
          extract2_1_  
    273   [ <?> ] Type#1136
    278   visible_  
    279   ; *(dt, [[(body_vy, i))
          mul_  
    280   [ <?> ] Type#1137
    285   ; +([[(body_y, i), *(dt, [[(body_vy, i)))
          add_  
    286   [ <?> ] Type#1138
    291   ldvar_super_  body_y
    296   [ <?> ] Type#1139
    301   ldvar_  i
    306   ; <<-([[(body_y, i), +([[(body_y, i), *(dt, [[(b|...
          subassign2_1_  
    307   stvar_super_  body_y
    312   ldvar_for_update_  body_z
    317   set_shared_  
    318   pop_  
    319   ldvar_  body_z
    324   [ <?> ] Type#1141
    329   dup_  
    330   is_  NonObject
    335   [ _ ] Test#168
    340   brfalse_  13
    345   br_  14
13:
    350   mk_promise_  4
    355   br_  15
14:
    360   ldvar_  i
15:
    365   ; [[(body_z, i)
          extract2_1_  
    366   [ <?> ] Type#1144
    371   visible_  
    372   ldvar_  dt
    377   ldvar_  body_vz
    382   [ <?> ] Type#1146
    387   dup_  
    388   is_  NonObject
    393   [ _ ] Test#169
    398   brfalse_  16
    403   br_  17
16:
    408   mk_promise_  5
    413   br_  18
17:
    418   ldvar_  i
18:
    423   ; [[(body_vz, i)
          extract2_1_  
    424   [ <?> ] Type#1149
    429   visible_  
    430   ; *(dt, [[(body_vz, i))
          mul_  
    431   [ <?> ] Type#1150
    436   ; +([[(body_z, i), *(dt, [[(body_vz, i)))
          add_  
    437   [ <?> ] Type#1151
    442   dup_  
    443   set_shared_  
    444   ldvar_super_  body_z
    449   [ <?> ] Type#1152
    454   ldvar_  i
    459   ; <<-([[(body_z, i), +([[(body_z, i), *(dt, [[(b|...
          subassign2_1_  
    460   stvar_super_  body_z
    465   invisible_  
    466   ret_  

[Prom (index 67.0)]
0:
      0   ldvar_  i
      5   [ <?> ] Type#1116
     10   ret_  

[Prom (index 67.1)]
0:
      0   ldvar_  i
      5   [ <?> ] Type#1121
     10   ret_  

[Prom (index 67.2)]
0:
      0   ldvar_  i
      5   [ <?> ] Type#1129
     10   ret_  

[Prom (index 67.3)]
0:
      0   ldvar_  i
      5   [ <?> ] Type#1134
     10   ret_  

[Prom (index 67.4)]
0:
      0   ldvar_  i
      5   [ <?> ] Type#1142
     10   ret_  

[Prom (index 67.5)]
0:
      0   ldvar_  i
      5   [ <?> ] Type#1147
     10   ret_  

[Prom (index 68)]
0:
      0   ldvar_  i
      5   [ <?> ] TypeOnce#1158 (bit: #0)
     10   ret_  

[Prom (index 69)]
0:
      0   ldvar_  i
      5   [ <?> ] TypeOnce#1163 (bit: #0)
     10   ret_  

[Prom (index 70)]
0:
      0   ldvar_  i
      5   [ <?> ] TypeOnce#1171 (bit: #0)
     10   ret_  

[Prom (index 71)]
0:
      0   ldvar_  i
      5   [ <?> ] TypeOnce#1176 (bit: #0)
     10   ret_  

[Prom (index 72)]
0:
      0   ldvar_  i
      5   [ <?> ] TypeOnce#1184 (bit: #0)
     10   ret_  

[Prom (index 73)]
0:
      0   ldvar_  i
      5   [ <?> ] TypeOnce#1189 (bit: #0)
     10   ret_  

[Prom (index 74)]
0:
      0   ldvar_  i
      5   [ <?> ] TypeOnce#1197 (bit: #0)
     10   ret_  

[Prom (index 75)]
0:
      0   ldvar_  i
      5   [ <?> ] TypeOnce#1202 (bit: #0)
     10   ret_  

[Prom (index 76)]
0:
      0   ldvar_  i
      5   [ <?> ] TypeOnce#1210 (bit: #0)
     10   ret_  

[Prom (index 77)]
0:
      0   ldvar_  i
      5   [ <?> ] TypeOnce#1215 (bit: #0)
     10   ret_  

[Prom (index 78)]
0:
      0   ldvar_  i
      5   [ <?> ] TypeOnce#1223 (bit: #0)
     10   ret_  

[Prom (index 79)]
0:
      0   ldvar_  i
      5   [ <?> ] TypeOnce#1228 (bit: #0)
     10   ret_  

NoRecord Type#25 (dep: #17)
NoRecord Type#26 (dep: #21)
NoRecord Type#29 (dep: #17)
NoRecord Type#33 (dep: #21)
NoRecord Type#37 (dep: #17)
NoRecord Type#38 (dep: #21)
NoRecord Type#41 (dep: #17)
NoRecord Type#45 (dep: #21)
NoRecord Type#49 (dep: #17)
NoRecord Type#50 (dep: #21)
NoRecord Type#64 (dep: #56)
NoRecord Type#65 (dep: #60)
NoRecord Type#68 (dep: #56)
NoRecord Type#72 (dep: #60)
NoRecord Type#76 (dep: #56)
NoRecord Type#77 (dep: #60)
NoRecord Type#80 (dep: #56)
NoRecord Type#84 (dep: #60)
NoRecord Type#88 (dep: #56)
NoRecord Type#89 (dep: #60)
NoRecord Type#100 (dep: #92)
NoRecord Type#101 (dep: #96)
NoRecord Type#104 (dep: #92)
NoRecord Type#108 (dep: #96)
NoRecord Type#112 (dep: #92)
NoRecord Type#113 (dep: #96)
NoRecord Type#116 (dep: #92)
NoRecord Type#120 (dep: #96)
NoRecord Type#124 (dep: #92)
NoRecord Type#125 (dep: #96)
NoRecord Type#141 (dep: #133)
NoRecord Type#142 (dep: #137)
NoRecord Type#145 (dep: #133)
NoRecord Type#149 (dep: #137)
NoRecord Type#153 (dep: #133)
NoRecord Type#154 (dep: #137)
NoRecord Type#157 (dep: #133)
NoRecord Type#161 (dep: #137)
NoRecord Type#165 (dep: #133)
NoRecord Type#166 (dep: #137)
NoRecord Type#179 (dep: #171)
NoRecord Type#180 (dep: #175)
NoRecord Type#183 (dep: #171)
NoRecord Type#187 (dep: #175)
NoRecord Type#191 (dep: #171)
NoRecord Type#192 (dep: #175)
NoRecord Type#195 (dep: #171)
NoRecord Type#199 (dep: #175)
NoRecord Type#203 (dep: #171)
NoRecord Type#204 (dep: #175)
NoRecord Type#215 (dep: #207)
NoRecord Type#216 (dep: #211)
NoRecord Type#219 (dep: #207)
NoRecord Type#223 (dep: #211)
NoRecord Type#227 (dep: #207)
NoRecord Type#228 (dep: #211)
NoRecord Type#231 (dep: #207)
NoRecord Type#235 (dep: #211)
NoRecord Type#239 (dep: #207)
NoRecord Type#240 (dep: #211)
NoRecord Type#250 (dep: #249)
NoRecord Type#266 (dep: #257)
NoRecord Type#270 (dep: #261)
NoRecord Type#275 (dep: #257)
NoRecord Type#279 (dep: #261)
NoRecord Type#283 (dep: #282)
NoRecord Type#286 (dep: #285)
NoRecord Type#290 (dep: #289)
NoRecord Type#295 (dep: #293)
NoRecord Type#296 (dep: #293)
NoRecord Type#298 (dep: #293)
NoRecord Type#303 (dep: #257)
NoRecord Type#305 (dep: #263)
NoRecord Type#308 (dep: #261)
NoRecord Type#311 (dep: #300)
NoRecord Type#315 (dep: #257)
NoRecord Type#318 (dep: #257)
NoRecord Type#320 (dep: #272)
NoRecord Type#323 (dep: #261)
NoRecord Type#326 (dep: #300)
NoRecord Type#330 (dep: #257)
NoRecord Type#333 (dep: #257)
NoRecord Type#335 (dep: #281)
NoRecord Type#338 (dep: #261)
NoRecord Type#341 (dep: #300)
NoRecord Type#345 (dep: #257)
NoRecord Type#348 (dep: #261)
NoRecord Type#350 (dep: #263)
NoRecord Type#353 (dep: #257)
NoRecord Type#356 (dep: #300)
NoRecord Type#360 (dep: #261)
NoRecord Type#363 (dep: #261)
NoRecord Type#365 (dep: #272)
NoRecord Type#368 (dep: #257)
NoRecord Type#371 (dep: #300)
NoRecord Type#375 (dep: #261)
NoRecord Type#378 (dep: #261)
NoRecord Type#380 (dep: #281)
NoRecord Type#383 (dep: #257)
NoRecord Type#386 (dep: #300)
NoRecord Type#390 (dep: #261)
NoRecord Type#405 (dep: #396)
NoRecord Type#409 (dep: #400)
NoRecord Type#414 (dep: #396)
NoRecord Type#418 (dep: #400)
NoRecord Type#422 (dep: #421)
NoRecord Type#425 (dep: #424)
NoRecord Type#429 (dep: #428)
NoRecord Type#434 (dep: #432)
NoRecord Type#435 (dep: #432)
NoRecord Type#437 (dep: #432)
NoRecord Type#442 (dep: #396)
NoRecord Type#444 (dep: #402)
NoRecord Type#447 (dep: #400)
NoRecord Type#450 (dep: #439)
NoRecord Type#454 (dep: #396)
NoRecord Type#457 (dep: #396)
NoRecord Type#459 (dep: #411)
NoRecord Type#462 (dep: #400)
NoRecord Type#465 (dep: #439)
NoRecord Type#469 (dep: #396)
NoRecord Type#472 (dep: #396)
NoRecord Type#474 (dep: #420)
NoRecord Type#477 (dep: #400)
NoRecord Type#480 (dep: #439)
NoRecord Type#484 (dep: #396)
NoRecord Type#487 (dep: #400)
NoRecord Type#489 (dep: #402)
NoRecord Type#492 (dep: #396)
NoRecord Type#495 (dep: #439)
NoRecord Type#499 (dep: #400)
NoRecord Type#502 (dep: #400)
NoRecord Type#504 (dep: #411)
NoRecord Type#507 (dep: #396)
NoRecord Type#510 (dep: #439)
NoRecord Type#514 (dep: #400)
NoRecord Type#517 (dep: #400)
NoRecord Type#519 (dep: #420)
NoRecord Type#522 (dep: #396)
NoRecord Type#525 (dep: #439)
NoRecord Type#529 (dep: #400)
NoRecord Type#541 (dep: #532)
NoRecord Type#545 (dep: #536)
NoRecord Type#550 (dep: #532)
NoRecord Type#554 (dep: #536)
NoRecord Type#558 (dep: #557)
NoRecord Type#561 (dep: #560)
NoRecord Type#565 (dep: #564)
NoRecord Type#570 (dep: #568)
NoRecord Type#571 (dep: #568)
NoRecord Type#573 (dep: #568)
NoRecord Type#578 (dep: #532)
NoRecord Type#580 (dep: #538)
NoRecord Type#583 (dep: #536)
NoRecord Type#586 (dep: #575)
NoRecord Type#590 (dep: #532)
NoRecord Type#593 (dep: #532)
NoRecord Type#595 (dep: #547)
NoRecord Type#598 (dep: #536)
NoRecord Type#601 (dep: #575)
NoRecord Type#605 (dep: #532)
NoRecord Type#608 (dep: #532)
NoRecord Type#610 (dep: #556)
NoRecord Type#613 (dep: #536)
NoRecord Type#616 (dep: #575)
NoRecord Type#620 (dep: #532)
NoRecord Type#623 (dep: #536)
NoRecord Type#625 (dep: #538)
NoRecord Type#628 (dep: #532)
NoRecord Type#631 (dep: #575)
NoRecord Type#635 (dep: #536)
NoRecord Type#638 (dep: #536)
NoRecord Type#640 (dep: #547)
NoRecord Type#643 (dep: #532)
NoRecord Type#646 (dep: #575)
NoRecord Type#650 (dep: #536)
NoRecord Type#653 (dep: #536)
NoRecord Type#655 (dep: #556)
NoRecord Type#658 (dep: #532)
NoRecord Type#661 (dep: #575)
NoRecord Type#665 (dep: #536)
NoRecord Type#675 (dep: #674)
NoRecord Type#691 (dep: #682)
NoRecord Type#695 (dep: #686)
NoRecord Type#700 (dep: #682)
NoRecord Type#704 (dep: #686)
NoRecord Type#708 (dep: #707)
NoRecord Type#711 (dep: #710)
NoRecord Type#715 (dep: #714)
NoRecord Type#720 (dep: #718)
NoRecord Type#721 (dep: #718)
NoRecord Type#723 (dep: #718)
NoRecord Type#728 (dep: #682)
NoRecord Type#730 (dep: #688)
NoRecord Type#733 (dep: #686)
NoRecord Type#736 (dep: #725)
NoRecord Type#740 (dep: #682)
NoRecord Type#743 (dep: #682)
NoRecord Type#745 (dep: #697)
NoRecord Type#748 (dep: #686)
NoRecord Type#751 (dep: #725)
NoRecord Type#755 (dep: #682)
NoRecord Type#758 (dep: #682)
NoRecord Type#760 (dep: #706)
NoRecord Type#763 (dep: #686)
NoRecord Type#766 (dep: #725)
NoRecord Type#770 (dep: #682)
NoRecord Type#773 (dep: #686)
NoRecord Type#775 (dep: #688)
NoRecord Type#778 (dep: #682)
NoRecord Type#781 (dep: #725)
NoRecord Type#785 (dep: #686)
NoRecord Type#788 (dep: #686)
NoRecord Type#790 (dep: #697)
NoRecord Type#793 (dep: #682)
NoRecord Type#796 (dep: #725)
NoRecord Type#800 (dep: #686)
NoRecord Type#803 (dep: #686)
NoRecord Type#805 (dep: #706)
NoRecord Type#808 (dep: #682)
NoRecord Type#811 (dep: #725)
NoRecord Type#815 (dep: #686)
NoRecord Type#829 (dep: #820)
NoRecord Type#833 (dep: #824)
NoRecord Type#838 (dep: #820)
NoRecord Type#842 (dep: #824)
NoRecord Type#846 (dep: #845)
NoRecord Type#849 (dep: #848)
NoRecord Type#853 (dep: #852)
NoRecord Type#856 (dep: #826)
NoRecord Type#857 (dep: #826)
NoRecord Type#859 (dep: #835)
NoRecord Type#860 (dep: #835)
NoRecord Type#863 (dep: #844)
NoRecord Type#864 (dep: #844)
NoRecord Type#869 (dep: #867)
NoRecord Type#870 (dep: #867)
NoRecord Type#872 (dep: #867)
NoRecord Type#877 (dep: #820)
NoRecord Type#879 (dep: #826)
NoRecord Type#882 (dep: #824)
NoRecord Type#885 (dep: #874)
NoRecord Type#889 (dep: #820)
NoRecord Type#892 (dep: #820)
NoRecord Type#894 (dep: #835)
NoRecord Type#897 (dep: #824)
NoRecord Type#900 (dep: #874)
NoRecord Type#904 (dep: #820)
NoRecord Type#907 (dep: #820)
NoRecord Type#909 (dep: #844)
NoRecord Type#912 (dep: #824)
NoRecord Type#915 (dep: #874)
NoRecord Type#919 (dep: #820)
NoRecord Type#922 (dep: #824)
NoRecord Type#924 (dep: #826)
NoRecord Type#927 (dep: #820)
NoRecord Type#930 (dep: #874)
NoRecord Type#934 (dep: #824)
NoRecord Type#937 (dep: #824)
NoRecord Type#939 (dep: #835)
NoRecord Type#942 (dep: #820)
NoRecord Type#945 (dep: #874)
NoRecord Type#949 (dep: #824)
NoRecord Type#952 (dep: #824)
NoRecord Type#954 (dep: #844)
NoRecord Type#957 (dep: #820)
NoRecord Type#960 (dep: #874)
NoRecord Type#964 (dep: #824)
NoRecord Type#976 (dep: #967)
NoRecord Type#980 (dep: #971)
NoRecord Type#985 (dep: #967)
NoRecord Type#989 (dep: #971)
NoRecord Type#993 (dep: #992)
NoRecord Type#996 (dep: #995)
NoRecord Type#1000 (dep: #999)
NoRecord Type#1003 (dep: #973)
NoRecord Type#1004 (dep: #973)
NoRecord Type#1006 (dep: #982)
NoRecord Type#1007 (dep: #982)
NoRecord Type#1010 (dep: #991)
NoRecord Type#1011 (dep: #991)
NoRecord Type#1016 (dep: #1014)
NoRecord Type#1017 (dep: #1014)
NoRecord Type#1019 (dep: #1014)
NoRecord Type#1024 (dep: #967)
NoRecord Type#1026 (dep: #973)
NoRecord Type#1029 (dep: #971)
NoRecord Type#1032 (dep: #1021)
NoRecord Type#1036 (dep: #967)
NoRecord Type#1039 (dep: #967)
NoRecord Type#1041 (dep: #982)
NoRecord Type#1044 (dep: #971)
NoRecord Type#1047 (dep: #1021)
NoRecord Type#1051 (dep: #967)
NoRecord Type#1054 (dep: #967)
NoRecord Type#1056 (dep: #991)
NoRecord Type#1059 (dep: #971)
NoRecord Type#1062 (dep: #1021)
NoRecord Type#1066 (dep: #967)
NoRecord Type#1069 (dep: #971)
NoRecord Type#1071 (dep: #973)
NoRecord Type#1074 (dep: #967)
NoRecord Type#1077 (dep: #1021)
NoRecord Type#1081 (dep: #971)
NoRecord Type#1084 (dep: #971)
NoRecord Type#1086 (dep: #982)
NoRecord Type#1089 (dep: #967)
NoRecord Type#1092 (dep: #1021)
NoRecord Type#1096 (dep: #971)
NoRecord Type#1099 (dep: #971)
NoRecord Type#1101 (dep: #991)
NoRecord Type#1104 (dep: #967)
NoRecord Type#1107 (dep: #1021)
NoRecord Type#1111 (dep: #971)
NoRecord Type#1122 (dep: #1117)
NoRecord Type#1127 (dep: #1117)
NoRecord Type#1130 (dep: #1117)
NoRecord Type#1132 (dep: #1119)
NoRecord Type#1135 (dep: #1117)
NoRecord Type#1140 (dep: #1117)
NoRecord Type#1143 (dep: #1117)
NoRecord Type#1145 (dep: #1119)
NoRecord Type#1148 (dep: #1117)
NoRecord Type#1153 (dep: #1117)
NoRecord Type#1164 (dep: #1159)
NoRecord Type#1169 (dep: #1159)
NoRecord Type#1172 (dep: #1159)
NoRecord Type#1174 (dep: #1161)
NoRecord Type#1177 (dep: #1159)
NoRecord Type#1182 (dep: #1159)
NoRecord Type#1185 (dep: #1159)
NoRecord Type#1187 (dep: #1161)
NoRecord Type#1190 (dep: #1159)
NoRecord Type#1195 (dep: #1159)
NoRecord Type#1203 (dep: #1198)
NoRecord Type#1208 (dep: #1198)
NoRecord Type#1211 (dep: #1198)
NoRecord Type#1213 (dep: #1200)
NoRecord Type#1216 (dep: #1198)
NoRecord Type#1221 (dep: #1198)
NoRecord Type#1224 (dep: #1198)
NoRecord Type#1226 (dep: #1200)
NoRecord Type#1229 (dep: #1198)
NoRecord Type#1234 (dep: #1198)
> 

R version 4.1.1 RC (2021-08-03 r80701) -- "Kick Things"
Copyright (C) 2021 The R Foundation for Statistical Computing
Platform: x86_64-pc-linux-gnu (64-bit)

R is free software and comes with ABSOLUTELY NO WARRANTY.
You are welcome to redistribute it under certain conditions.
Type 'license()' or 'licence()' for distribution details.

R is a collaborative project with many contributors.
Type 'contributors()' for more information and
'citation()' on how to cite R or R packages in publications.

Type 'demo()' for some demos, 'help()' for on-line help, or
'help.start()' for an HTML browser interface to help.
Type 'q()' to quit R.

> 
> advance <- function(dt) {
+     dxx <- matrix(0, n_bodies, n_bodies)
+     dyy <- matrix(0, n_bodies, n_bodies)
+     dzz <- matrix(0, n_bodies, n_bodies)
+     for (i in 1:n_bodies) {
+         for (j in 1:n_bodies) {
+             dxx[[i, j]] <- body_x[[i]] - body_x[[j]]
+             dyy[[i, j]] <- body_y[[i]] - body_y[[j]]
+             dzz[[i, j]] <- body_z[[i]] - body_z[[j]]
+         }
+     }
+ 
+     for (i in 1:(n_bodies - 1)) {
+         j_from <- min(i + 1, n_bodies)
+         for (j in j_from:n_bodies) {
+             dx <- body_x[[i]] - body_x[[j]]
+             dy <- body_y[[i]] - body_y[[j]]
+             dz <- body_z[[i]] - body_z[[j]]
+             distance <- sqrt(dx * dx + dy * dy + dz * dz)
+             mag <- dt / (distance * distance * distance)
+             body_vx[[i]] <<- body_vx[[i]] - dx * body_mass[[j]] * mag
+             body_vy[[i]] <<- body_vy[[i]] - dy * body_mass[[j]] * mag
+             body_vz[[i]] <<- body_vz[[i]] - dz * body_mass[[j]] * mag
+             body_vx[[j]] <<- body_vx[[j]] + dx * body_mass[[i]] * mag
+             body_vy[[j]] <<- body_vy[[j]] + dy * body_mass[[i]] * mag
+             body_vz[[j]] <<- body_vz[[j]] + dz * body_mass[[i]] * mag
+         }
+     }
+ 
+     for (i in 1:n_bodies) {
+         body_x[[i]] <<- body_x[[i]] + dt * body_vx[[i]]
+         body_y[[i]] <<- body_y[[i]] + dt * body_vy[[i]]
+         body_z[[i]] <<- body_z[[i]] + dt * body_vz[[i]]
+     }
+ }
> 
> rir.compile(advance)
function (dt) 
{
    dxx <- matrix(0, n_bodies, n_bodies)
    dyy <- matrix(0, n_bodies, n_bodies)
    dzz <- matrix(0, n_bodies, n_bodies)
    for (i in 1:n_bodies) {
        for (j in 1:n_bodies) {
            dxx[[i, j]] <- body_x[[i]] - body_x[[j]]
            dyy[[i, j]] <- body_y[[i]] - body_y[[j]]
            dzz[[i, j]] <- body_z[[i]] - body_z[[j]]
        }
    }
    for (i in 1:(n_bodies - 1)) {
        j_from <- min(i + 1, n_bodies)
        for (j in j_from:n_bodies) {
            dx <- body_x[[i]] - body_x[[j]]
            dy <- body_y[[i]] - body_y[[j]]
            dz <- body_z[[i]] - body_z[[j]]
            distance <- sqrt(dx * dx + dy * dy + dz * dz)
            mag <- dt/(distance * distance * distance)
            body_vx[[i]] <<- body_vx[[i]] - dx * body_mass[[j]] * 
                mag
            body_vy[[i]] <<- body_vy[[i]] - dy * body_mass[[j]] * 
                mag
            body_vz[[i]] <<- body_vz[[i]] - dz * body_mass[[j]] * 
                mag
            body_vx[[j]] <<- body_vx[[j]] + dx * body_mass[[i]] * 
                mag
            body_vy[[j]] <<- body_vy[[j]] + dy * body_mass[[i]] * 
                mag
            body_vz[[j]] <<- body_vz[[j]] + dz * body_mass[[i]] * 
                mag
        }
    }
    for (i in 1:n_bodies) {
        body_x[[i]] <<- body_x[[i]] + dt * body_vx[[i]]
        body_y[[i]] <<- body_y[[i]] + dt * body_vy[[i]]
        body_z[[i]] <<- body_z[[i]] + dt * body_vz[[i]]
    }
}
<bytecode: 0x55931897eed0>
> rir.disassemble(advance)
== closure 0x5593193d9a50 (env 0x55931763d218) ==
== dispatch table 0x55931897ef00 ==
= version 0 (0x559318c79248) =
[sigature] needsEnv 
[flags]    
[stats]    invoked: 0, deopt: 0
0:
      0   ldfun_  matrix
      5   [ 0, <0>, valid  ] Call#0
     10   push_  0
     15   mk_promise_  0
     20   mk_promise_  1
     25   ; matrix(0, n_bodies, n_bodies)
          call_  3
     42   [ <?> ] Type#2
     47   stvar_cached_  dxx{0}
     56   ldfun_  matrix
     61   [ 0, <0>, valid  ] Call#1
     66   push_  0
     71   mk_promise_  2
     76   mk_promise_  3
     81   ; matrix(0, n_bodies, n_bodies)
          call_  3
     98   [ <?> ] Type#5
    103   stvar_cached_  dyy{2}
    112   ldfun_  matrix
    117   [ 0, <0>, valid  ] Call#2
    122   push_  0
    127   mk_promise_  4
    132   mk_promise_  5
    137   ; matrix(0, n_bodies, n_bodies)
          call_  3
    154   [ <?> ] Type#8
    159   stvar_cached_  dzz{3}
    168   push_  1
    173   visible_  
    174   force_  
    175   ldvar_cached_  n_bodies{1}
    184   [ <?> ] Type#9
    189   force_  
    190   ; :(1, n_bodies)
          colon_input_effects_  
    191   [ _ ] Test#0
    196   brtrue_  1
    201   ; :(1, n_bodies)
          colon_  
    202   ldfun_  for
    207   swap_  
    208   mk_eager_promise_  6
    213   mk_promise_  7
    218   ; for(i, :(1, n_bodies), {(for(j, :(1, n_bodies)|...
          call_  2
    235   pop_  
    236   br_  48
1:
    241   swap_  
    242   colon_cast_lhs_  
    243   [ <?> ] Type#126
    248   ensure_named_  
    249   swap_  
    250   colon_cast_rhs_  
    251   ensure_named_  
    252   [ <?> ] Type#127
    257   dup2_  
    258   ; NULL
          le_  
    259   [ _ ] Test#22
    264   brfalse_  2
    269   push_  1L
    274   br_  3
2:
    279   push_  -1L
3:
    284   swap_  
    285   pick_  2
4:
    290   dup2_  
    291   ; NULL
          ne_  
    292   brfalse_  47
    297   dup_  
    298   stvar_cached_  i{4}
    307   pull_  2
    312   ensure_named_  
    313   ; NULL
          add_  
    314   push_  1
    319   visible_  
    320   force_  
    321   ldvar_cached_  n_bodies{1}
    330   [ <?> ] Type#128
    335   force_  
    336   ; :(1, n_bodies)
          colon_input_effects_  
    337   [ _ ] Test#23
    342   brtrue_  5
    347   ; :(1, n_bodies)
          colon_  
    348   ldfun_  for
    353   swap_  
    354   mk_eager_promise_  8
    359   mk_promise_  9
    364   ; for(j, :(1, n_bodies), {(<-([[(dxx, i, j), -([|...
          call_  2
    381   pop_  
    382   br_  46
5:
    387   swap_  
    388   colon_cast_lhs_  
    389   [ <?> ] Type#167
    394   ensure_named_  
    395   swap_  
    396   colon_cast_rhs_  
    397   ensure_named_  
    398   [ <?> ] Type#168
    403   dup2_  
    404   ; NULL
          le_  
    405   [ _ ] Test#30
    410   brfalse_  6
    415   push_  1L
    420   br_  7
6:
    425   push_  -1L
7:
    430   swap_  
    431   pick_  2
    436   dup2_  
    437   ; NULL
          ne_  
    438   [ _ ] Test#31
    443   brfalse_  45
    448   dup_  
    449   stvar_cached_  j{5}
    458   pull_  2
    463   ensure_named_  
    464   ; NULL
          add_  
    465   ldvar_cached_  body_x{6}
    474   [ <?> ] Type#169
    479   dup_  
    480   is_  NonObject
    485   [ _ ] Test#32
    490   brfalse_  8
    495   br_  9
8:
    500   mk_promise_  a
    505   br_  10
9:
    510   ldvar_cached_  i{4}
    519   [ <?> ] TypeOnce#171 (bit: #0)
10:
    524   ; [[(body_x, i)
          extract2_1_  
    525   [ <?> ] Type#172
    530   visible_  
    531   ldvar_cached_  body_x{6}
    540   [ <?> ] Type#173
    545   dup_  
    546   is_  NonObject
    551   [ _ ] Test#33
    556   brfalse_  11
    561   br_  12
11:
    566   mk_promise_  b
    571   br_  13
12:
    576   ldvar_cached_  j{5}
    585   [ <?> ] Type#175
13:
    590   ; [[(body_x, j)
          extract2_1_  
    591   [ <?> ] Type#176
    596   visible_  
    597   ; -([[(body_x, i), [[(body_x, j))
          sub_  
    598   [ <?> ] Type#177
    603   ldvar_for_update_cache_  dxx{0}
    612   [ <?> ] Type#178
    617   ldvar_cached_  i{4}
    626   ldvar_cached_  j{5}
    635   ; <-([[(dxx, i, j), -([[(body_x, i), [[(body_x, j)))
          subassign2_2_  
    636   stvar_cached_  dxx{0}
    645   ldvar_cached_  body_y{7}
    654   [ <?> ] Type#181
    659   dup_  
    660   is_  NonObject
    665   [ _ ] Test#34
    670   brfalse_  14
    675   br_  15
14:
    680   mk_promise_  c
    685   br_  16
15:
    690   ldvar_cached_  i{4}
16:
    699   ; [[(body_y, i)
          extract2_1_  
    700   [ <?> ] Type#184
    705   visible_  
    706   ldvar_cached_  body_y{7}
    715   [ <?> ] Type#185
    720   dup_  
    721   is_  NonObject
    726   [ _ ] Test#35
    731   brfalse_  17
    736   br_  18
17:
    741   mk_promise_  d
    746   br_  19
18:
    751   ldvar_cached_  j{5}
19:
    760   ; [[(body_y, j)
          extract2_1_  
    761   [ <?> ] Type#188
    766   visible_  
    767   ; -([[(body_y, i), [[(body_y, j))
          sub_  
    768   [ <?> ] Type#189
    773   ldvar_for_update_cache_  dyy{2}
    782   [ <?> ] Type#190
    787   ldvar_cached_  i{4}
    796   ldvar_cached_  j{5}
    805   ; <-([[(dyy, i, j), -([[(body_y, i), [[(body_y, j)))
          subassign2_2_  
    806   stvar_cached_  dyy{2}
    815   ldvar_cached_  body_z{8}
    824   [ <?> ] Type#193
    829   dup_  
    830   is_  NonObject
    835   [ _ ] Test#36
    840   brfalse_  20
    845   br_  21
20:
    850   mk_promise_  e
    855   br_  22
21:
    860   ldvar_cached_  i{4}
22:
    869   ; [[(body_z, i)
          extract2_1_  
    870   [ <?> ] Type#196
    875   visible_  
    876   ldvar_cached_  body_z{8}
    885   [ <?> ] Type#197
    890   dup_  
    891   is_  NonObject
    896   [ _ ] Test#37
    901   brfalse_  23
    906   br_  24
23:
    911   mk_promise_  f
    916   br_  25
24:
    921   ldvar_cached_  j{5}
25:
    930   ; [[(body_z, j)
          extract2_1_  
    931   [ <?> ] Type#200
    936   visible_  
    937   ; -([[(body_z, i), [[(body_z, j))
          sub_  
    938   [ <?> ] Type#201
    943   ldvar_for_update_cache_  dzz{3}
    952   [ <?> ] Type#202
    957   ldvar_cached_  i{4}
    966   ldvar_cached_  j{5}
    975   ; <-([[(dzz, i, j), -([[(body_z, i), [[(body_z, j)))
          subassign2_2_  
    976   stvar_cached_  dzz{3}
26:
    985   dup2_  
    986   ; NULL
          ne_  
    987   brfalse_  45
    992   dup_  
    993   stvar_cached_  j{5}
   1002   pull_  2
   1007   ensure_named_  
   1008   ; NULL
          add_  
   1009   ldvar_cached_  body_x{6}
   1018   [ <?> ] Type#205
   1023   dup_  
   1024   is_  NonObject
   1029   [ _ ] Test#38
   1034   brfalse_  27
   1039   br_  28
27:
   1044   mk_promise_  10
   1049   br_  29
28:
   1054   ldvar_cached_  i{4}
   1063   [ <?> ] TypeOnce#207 (bit: #1)
29:
   1068   ; [[(body_x, i)
          extract2_1_  
   1069   [ <?> ] Type#208
   1074   visible_  
   1075   ldvar_cached_  body_x{6}
   1084   [ <?> ] Type#209
   1089   dup_  
   1090   is_  NonObject
   1095   [ _ ] Test#39
   1100   brfalse_  30
   1105   br_  31
30:
   1110   mk_promise_  11
   1115   br_  32
31:
   1120   ldvar_cached_  j{5}
   1129   [ <?> ] Type#211
32:
   1134   ; [[(body_x, j)
          extract2_1_  
   1135   [ <?> ] Type#212
   1140   visible_  
   1141   ; -([[(body_x, i), [[(body_x, j))
          sub_  
   1142   [ <?> ] Type#213
   1147   ldvar_for_update_cache_  dxx{0}
   1156   [ <?> ] Type#214
   1161   ldvar_cached_  i{4}
   1170   ldvar_cached_  j{5}
   1179   ; <-([[(dxx, i, j), -([[(body_x, i), [[(body_x, j)))
          subassign2_2_  
   1180   stvar_cached_  dxx{0}
   1189   ldvar_cached_  body_y{7}
   1198   [ <?> ] Type#217
   1203   dup_  
   1204   is_  NonObject
   1209   [ _ ] Test#40
   1214   brfalse_  33
   1219   br_  34
33:
   1224   mk_promise_  12
   1229   br_  35
34:
   1234   ldvar_cached_  i{4}
35:
   1243   ; [[(body_y, i)
          extract2_1_  
   1244   [ <?> ] Type#220
   1249   visible_  
   1250   ldvar_cached_  body_y{7}
   1259   [ <?> ] Type#221
   1264   dup_  
   1265   is_  NonObject
   1270   [ _ ] Test#41
   1275   brfalse_  36
   1280   br_  37
36:
   1285   mk_promise_  13
   1290   br_  38
37:
   1295   ldvar_cached_  j{5}
38:
   1304   ; [[(body_y, j)
          extract2_1_  
   1305   [ <?> ] Type#224
   1310   visible_  
   1311   ; -([[(body_y, i), [[(body_y, j))
          sub_  
   1312   [ <?> ] Type#225
   1317   ldvar_for_update_cache_  dyy{2}
   1326   [ <?> ] Type#226
   1331   ldvar_cached_  i{4}
   1340   ldvar_cached_  j{5}
   1349   ; <-([[(dyy, i, j), -([[(body_y, i), [[(body_y, j)))
          subassign2_2_  
   1350   stvar_cached_  dyy{2}
   1359   ldvar_cached_  body_z{8}
   1368   [ <?> ] Type#229
   1373   dup_  
   1374   is_  NonObject
   1379   [ _ ] Test#42
   1384   brfalse_  39
   1389   br_  40
39:
   1394   mk_promise_  14
   1399   br_  41
40:
   1404   ldvar_cached_  i{4}
41:
   1413   ; [[(body_z, i)
          extract2_1_  
   1414   [ <?> ] Type#232
   1419   visible_  
   1420   ldvar_cached_  body_z{8}
   1429   [ <?> ] Type#233
   1434   dup_  
   1435   is_  NonObject
   1440   [ _ ] Test#43
   1445   brfalse_  42
   1450   br_  43
42:
   1455   mk_promise_  15
   1460   br_  44
43:
   1465   ldvar_cached_  j{5}
44:
   1474   ; [[(body_z, j)
          extract2_1_  
   1475   [ <?> ] Type#236
   1480   visible_  
   1481   ; -([[(body_z, i), [[(body_z, j))
          sub_  
   1482   [ <?> ] Type#237
   1487   ldvar_for_update_cache_  dzz{3}
   1496   [ <?> ] Type#238
   1501   ldvar_cached_  i{4}
   1510   ldvar_cached_  j{5}
   1519   ; <-([[(dzz, i, j), -([[(body_z, i), [[(body_z, j)))
          subassign2_2_  
   1520   stvar_cached_  dzz{3}
   1529   br_  26
45:
   1534   popn_  3
46:
   1539   br_  4
47:
   1544   popn_  3
48:
   1549   push_  1
   1554   visible_  
   1555   force_  
   1556   ldvar_cached_  n_bodies{1}
   1565   [ <?> ] Type#241
   1570   push_  1
   1575   visible_  
   1576   ; -(n_bodies, 1)
          sub_  
   1577   [ <?> ] Type#242
   1582   visible_  
   1583   force_  
   1584   ; :(1, ((-(n_bodies, 1)))
          colon_input_effects_  
   1585   [ _ ] Test#44
   1590   brtrue_  49
   1595   ; :(1, ((-(n_bodies, 1)))
          colon_  
   1596   ldfun_  for
   1601   swap_  
   1602   mk_eager_promise_  16
   1607   mk_promise_  17
   1612   ; for(i, :(1, ((-(n_bodies, 1))), {(<-(j_from, m|...
          call_  2
   1629   pop_  
   1630   br_  174
49:
   1635   swap_  
   1636   colon_cast_lhs_  
   1637   [ <?> ] Type#666
   1642   ensure_named_  
   1643   swap_  
   1644   colon_cast_rhs_  
   1645   ensure_named_  
   1646   [ <?> ] Type#667
   1651   dup2_  
   1652   ; NULL
          le_  
   1653   [ _ ] Test#102
   1658   brfalse_  50
   1663   push_  1L
   1668   br_  51
50:
   1673   push_  -1L
51:
   1678   swap_  
   1679   pick_  2
52:
   1684   dup2_  
   1685   ; NULL
          ne_  
   1686   brfalse_  173
   1691   dup_  
   1692   stvar_cached_  i{4}
   1701   pull_  2
   1706   ensure_named_  
   1707   ; NULL
          add_  
   1708   push_  <blt min>
   1713   dup_  
   1714   ldvar_noforce_  min
   1719   identical_noforce_  
   1720   [ _ ] Test#103
   1725   brtrue_  53
   1730   pop_  
   1731   ldfun_  min
   1736   [ 0, <0>, valid  ] Call#7
   1741   mk_promise_  18
   1746   mk_promise_  19
   1751   ; min(+(i, 1), n_bodies)
          call_  2
   1768   br_  54
53:
   1773   ldvar_cached_  i{4}
   1782   [ <?> ] TypeOnce#671 (bit: #2)
   1787   push_  1
   1792   visible_  
   1793   ; +(i, 1)
          add_  
   1794   [ <?> ] Type#672
   1799   ldvar_cached_  n_bodies{1}
   1808   [ <?> ] Type#673
   1813   ; min(+(i, 1), n_bodies)
          call_  2
54:
   1830   [ <?> ] Type#674
   1835   stvar_cached_  j_from{9}
   1844   ldvar_cached_  j_from{9}
   1853   force_  
   1854   ldvar_cached_  n_bodies{1}
   1863   [ <?> ] Type#676
   1868   force_  
   1869   ; :(j_from, n_bodies)
          colon_input_effects_  
   1870   [ _ ] Test#104
   1875   brtrue_  55
   1880   ; :(j_from, n_bodies)
          colon_  
   1881   ldfun_  for
   1886   swap_  
   1887   mk_eager_promise_  1a
   1892   mk_promise_  1b
   1897   ; for(j, :(j_from, n_bodies), {(<-(dx, -([[(body|...
          call_  2
   1914   pop_  
   1915   br_  172
55:
   1920   swap_  
   1921   colon_cast_lhs_  
   1922   [ <?> ] Type#816
   1927   ensure_named_  
   1928   swap_  
   1929   colon_cast_rhs_  
   1930   ensure_named_  
   1931   [ <?> ] Type#817
   1936   dup2_  
   1937   ; NULL
          le_  
   1938   [ _ ] Test#123
   1943   brfalse_  56
   1948   push_  1L
   1953   br_  57
56:
   1958   push_  -1L
57:
   1963   swap_  
   1964   pick_  2
   1969   dup2_  
   1970   ; NULL
          ne_  
   1971   [ _ ] Test#124
   1976   brfalse_  171
   1981   dup_  
   1982   stvar_cached_  j{5}
   1991   pull_  2
   1996   ensure_named_  
   1997   ; NULL
          add_  
   1998   ldvar_cached_  body_x{6}
   2007   [ <?> ] Type#818
   2012   dup_  
   2013   is_  NonObject
   2018   [ _ ] Test#125
   2023   brfalse_  58
   2028   br_  59
58:
   2033   mk_promise_  1c
   2038   br_  60
59:
   2043   ldvar_cached_  i{4}
   2052   [ <?> ] TypeOnce#820 (bit: #3)
60:
   2057   ; [[(body_x, i)
          extract2_1_  
   2058   [ <?> ] Type#821
   2063   visible_  
   2064   ldvar_cached_  body_x{6}
   2073   [ <?> ] Type#822
   2078   dup_  
   2079   is_  NonObject
   2084   [ _ ] Test#126
   2089   brfalse_  61
   2094   br_  62
61:
   2099   mk_promise_  1d
   2104   br_  63
62:
   2109   ldvar_cached_  j{5}
   2118   [ <?> ] Type#824
63:
   2123   ; [[(body_x, j)
          extract2_1_  
   2124   [ <?> ] Type#825
   2129   visible_  
   2130   ; -([[(body_x, i), [[(body_x, j))
          sub_  
   2131   [ <?> ] Type#826
   2136   stvar_cached_  dx{10}
   2145   ldvar_cached_  body_y{7}
   2154   [ <?> ] Type#827
   2159   dup_  
   2160   is_  NonObject
   2165   [ _ ] Test#127
   2170   brfalse_  64
   2175   br_  65
64:
   2180   mk_promise_  1e
   2185   br_  66
65:
   2190   ldvar_cached_  i{4}
66:
   2199   ; [[(body_y, i)
          extract2_1_  
   2200   [ <?> ] Type#830
   2205   visible_  
   2206   ldvar_cached_  body_y{7}
   2215   [ <?> ] Type#831
   2220   dup_  
   2221   is_  NonObject
   2226   [ _ ] Test#128
   2231   brfalse_  67
   2236   br_  68
67:
   2241   mk_promise_  1f
   2246   br_  69
68:
   2251   ldvar_cached_  j{5}
69:
   2260   ; [[(body_y, j)
          extract2_1_  
   2261   [ <?> ] Type#834
   2266   visible_  
   2267   ; -([[(body_y, i), [[(body_y, j))
          sub_  
   2268   [ <?> ] Type#835
   2273   stvar_cached_  dy{11}
   2282   ldvar_cached_  body_z{8}
   2291   [ <?> ] Type#836
   2296   dup_  
   2297   is_  NonObject
   2302   [ _ ] Test#129
   2307   brfalse_  70
   2312   br_  71
70:
   2317   mk_promise_  20
   2322   br_  72
71:
   2327   ldvar_cached_  i{4}
72:
   2336   ; [[(body_z, i)
          extract2_1_  
   2337   [ <?> ] Type#839
   2342   visible_  
   2343   ldvar_cached_  body_z{8}
   2352   [ <?> ] Type#840
   2357   dup_  
   2358   is_  NonObject
   2363   [ _ ] Test#130
   2368   brfalse_  73
   2373   br_  74
73:
   2378   mk_promise_  21
   2383   br_  75
74:
   2388   ldvar_cached_  j{5}
75:
   2397   ; [[(body_z, j)
          extract2_1_  
   2398   [ <?> ] Type#843
   2403   visible_  
   2404   ; -([[(body_z, i), [[(body_z, j))
          sub_  
   2405   [ <?> ] Type#844
   2410   stvar_cached_  dz{12}
   2419   push_  <blt sqrt>
   2424   dup_  
   2425   ldvar_noforce_  sqrt
   2430   identical_noforce_  
   2431   [ _ ] Test#131
   2436   brtrue_  76
   2441   pop_  
   2442   ldfun_  sqrt
   2447   [ 0, <0>, valid  ] Call#9
   2452   mk_promise_  22
   2457   ; sqrt(+(+(*(dx, dx), *(dy, dy)), *(dz, dz)))
          call_  1
   2474   br_  77
76:
   2479   ldvar_cached_  dx{10}
   2488   ldvar_cached_  dx{10}
   2497   ; *(dx, dx)
          mul_  
   2498   [ <?> ] Type#858
   2503   ldvar_cached_  dy{11}
   2512   ldvar_cached_  dy{11}
   2521   ; *(dy, dy)
          mul_  
   2522   [ <?> ] Type#861
   2527   ; +(*(dx, dx), *(dy, dy))
          add_  
   2528   [ <?> ] Type#862
   2533   ldvar_cached_  dz{12}
   2542   ldvar_cached_  dz{12}
   2551   ; *(dz, dz)
          mul_  
   2552   [ <?> ] Type#865
   2557   ; +(+(*(dx, dx), *(dy, dy)), *(dz, dz))
          add_  
   2558   [ <?> ] Type#866
   2563   ; sqrt(+(+(*(dx, dx), *(dy, dy)), *(dz, dz)))
          call_  1
77:
   2580   [ <?> ] Type#867
   2585   stvar_cached_  distance{13}
   2594   ldvar_cached_  dt{15}
   2603   [ <?> ] TypeOnce#868 (bit: #4)
   2608   ldvar_cached_  distance{13}
   2617   ldvar_cached_  distance{13}
   2626   ; *(distance, distance)
          mul_  
   2627   [ <?> ] Type#871
   2632   ldvar_cached_  distance{13}
   2641   ; *(*(distance, distance), distance)
          mul_  
   2642   [ <?> ] Type#873
   2647   visible_  
   2648   ; /(dt, ((*(*(distance, distance), distance)))
          div_  
   2649   [ <?> ] Type#874
   2654   stvar_cached_  mag{14}
   2663   ldvar_for_update_cache_  body_vx{16}
   2672   set_shared_  
   2673   pop_  
   2674   ldvar_cached_  body_vx{16}
   2683   [ <?> ] Type#875
   2688   dup_  
   2689   is_  NonObject
   2694   [ _ ] Test#132
   2699   brfalse_  78
   2704   br_  79
78:
   2709   mk_promise_  23
   2714   br_  80
79:
   2719   ldvar_cached_  i{4}
80:
   2728   ; [[(body_vx, i)
          extract2_1_  
   2729   [ <?> ] Type#878
   2734   visible_  
   2735   ldvar_cached_  dx{10}
   2744   ldvar_cached_  body_mass{17}
   2753   [ <?> ] Type#880
   2758   dup_  
   2759   is_  NonObject
   2764   [ _ ] Test#133
   2769   brfalse_  81
   2774   br_  82
81:
   2779   mk_promise_  24
   2784   br_  83
82:
   2789   ldvar_cached_  j{5}
83:
   2798   ; [[(body_mass, j)
          extract2_1_  
   2799   [ <?> ] Type#883
   2804   visible_  
   2805   ; *(dx, [[(body_mass, j))
          mul_  
   2806   [ <?> ] Type#884
   2811   ldvar_cached_  mag{14}
   2820   ; *(*(dx, [[(body_mass, j)), mag)
          mul_  
   2821   [ <?> ] Type#886
   2826   ; -([[(body_vx, i), *(*(dx, [[(body_mass, j)), mag))
          sub_  
   2827   [ <?> ] Type#887
   2832   ldvar_super_  body_vx
   2837   [ <?> ] Type#888
   2842   ldvar_cached_  i{4}
   2851   ; <<-([[(body_vx, i), -([[(body_vx, i), *(*(dx, |...
          subassign2_1_  
   2852   stvar_super_  body_vx
   2857   ldvar_for_update_cache_  body_vy{18}
   2866   set_shared_  
   2867   pop_  
   2868   ldvar_cached_  body_vy{18}
   2877   [ <?> ] Type#890
   2882   dup_  
   2883   is_  NonObject
   2888   [ _ ] Test#134
   2893   brfalse_  84
   2898   br_  85
84:
   2903   mk_promise_  25
   2908   br_  86
85:
   2913   ldvar_cached_  i{4}
86:
   2922   ; [[(body_vy, i)
          extract2_1_  
   2923   [ <?> ] Type#893
   2928   visible_  
   2929   ldvar_cached_  dy{11}
   2938   ldvar_cached_  body_mass{17}
   2947   [ <?> ] Type#895
   2952   dup_  
   2953   is_  NonObject
   2958   [ _ ] Test#135
   2963   brfalse_  87
   2968   br_  88
87:
   2973   mk_promise_  26
   2978   br_  89
88:
   2983   ldvar_cached_  j{5}
89:
   2992   ; [[(body_mass, j)
          extract2_1_  
   2993   [ <?> ] Type#898
   2998   visible_  
   2999   ; *(dy, [[(body_mass, j))
          mul_  
   3000   [ <?> ] Type#899
   3005   ldvar_cached_  mag{14}
   3014   ; *(*(dy, [[(body_mass, j)), mag)
          mul_  
   3015   [ <?> ] Type#901
   3020   ; -([[(body_vy, i), *(*(dy, [[(body_mass, j)), mag))
          sub_  
   3021   [ <?> ] Type#902
   3026   ldvar_super_  body_vy
   3031   [ <?> ] Type#903
   3036   ldvar_cached_  i{4}
   3045   ; <<-([[(body_vy, i), -([[(body_vy, i), *(*(dy, |...
          subassign2_1_  
   3046   stvar_super_  body_vy
   3051   ldvar_for_update_cache_  body_vz{19}
   3060   set_shared_  
   3061   pop_  
   3062   ldvar_cached_  body_vz{19}
   3071   [ <?> ] Type#905
   3076   dup_  
   3077   is_  NonObject
   3082   [ _ ] Test#136
   3087   brfalse_  90
   3092   br_  91
90:
   3097   mk_promise_  27
   3102   br_  92
91:
   3107   ldvar_cached_  i{4}
92:
   3116   ; [[(body_vz, i)
          extract2_1_  
   3117   [ <?> ] Type#908
   3122   visible_  
   3123   ldvar_cached_  dz{12}
   3132   ldvar_cached_  body_mass{17}
   3141   [ <?> ] Type#910
   3146   dup_  
   3147   is_  NonObject
   3152   [ _ ] Test#137
   3157   brfalse_  93
   3162   br_  94
93:
   3167   mk_promise_  28
   3172   br_  95
94:
   3177   ldvar_cached_  j{5}
95:
   3186   ; [[(body_mass, j)
          extract2_1_  
   3187   [ <?> ] Type#913
   3192   visible_  
   3193   ; *(dz, [[(body_mass, j))
          mul_  
   3194   [ <?> ] Type#914
   3199   ldvar_cached_  mag{14}
   3208   ; *(*(dz, [[(body_mass, j)), mag)
          mul_  
   3209   [ <?> ] Type#916
   3214   ; -([[(body_vz, i), *(*(dz, [[(body_mass, j)), mag))
          sub_  
   3215   [ <?> ] Type#917
   3220   ldvar_super_  body_vz
   3225   [ <?> ] Type#918
   3230   ldvar_cached_  i{4}
   3239   ; <<-([[(body_vz, i), -([[(body_vz, i), *(*(dz, |...
          subassign2_1_  
   3240   stvar_super_  body_vz
   3245   ldvar_for_update_cache_  body_vx{16}
   3254   set_shared_  
   3255   pop_  
   3256   ldvar_cached_  body_vx{16}
   3265   [ <?> ] Type#920
   3270   dup_  
   3271   is_  NonObject
   3276   [ _ ] Test#138
   3281   brfalse_  96
   3286   br_  97
96:
   3291   mk_promise_  29
   3296   br_  98
97:
   3301   ldvar_cached_  j{5}
98:
   3310   ; [[(body_vx, j)
          extract2_1_  
   3311   [ <?> ] Type#923
   3316   visible_  
   3317   ldvar_cached_  dx{10}
   3326   ldvar_cached_  body_mass{17}
   3335   [ <?> ] Type#925
   3340   dup_  
   3341   is_  NonObject
   3346   [ _ ] Test#139
   3351   brfalse_  99
   3356   br_  100
99:
   3361   mk_promise_  2a
   3366   br_  101
100:
   3371   ldvar_cached_  i{4}
101:
   3380   ; [[(body_mass, i)
          extract2_1_  
   3381   [ <?> ] Type#928
   3386   visible_  
   3387   ; *(dx, [[(body_mass, i))
          mul_  
   3388   [ <?> ] Type#929
   3393   ldvar_cached_  mag{14}
   3402   ; *(*(dx, [[(body_mass, i)), mag)
          mul_  
   3403   [ <?> ] Type#931
   3408   ; +([[(body_vx, j), *(*(dx, [[(body_mass, i)), mag))
          add_  
   3409   [ <?> ] Type#932
   3414   ldvar_super_  body_vx
   3419   [ <?> ] Type#933
   3424   ldvar_cached_  j{5}
   3433   ; <<-([[(body_vx, j), +([[(body_vx, j), *(*(dx, |...
          subassign2_1_  
   3434   stvar_super_  body_vx
   3439   ldvar_for_update_cache_  body_vy{18}
   3448   set_shared_  
   3449   pop_  
   3450   ldvar_cached_  body_vy{18}
   3459   [ <?> ] Type#935
   3464   dup_  
   3465   is_  NonObject
   3470   [ _ ] Test#140
   3475   brfalse_  102
   3480   br_  103
102:
   3485   mk_promise_  2b
   3490   br_  104
103:
   3495   ldvar_cached_  j{5}
104:
   3504   ; [[(body_vy, j)
          extract2_1_  
   3505   [ <?> ] Type#938
   3510   visible_  
   3511   ldvar_cached_  dy{11}
   3520   ldvar_cached_  body_mass{17}
   3529   [ <?> ] Type#940
   3534   dup_  
   3535   is_  NonObject
   3540   [ _ ] Test#141
   3545   brfalse_  105
   3550   br_  106
105:
   3555   mk_promise_  2c
   3560   br_  107
106:
   3565   ldvar_cached_  i{4}
107:
   3574   ; [[(body_mass, i)
          extract2_1_  
   3575   [ <?> ] Type#943
   3580   visible_  
   3581   ; *(dy, [[(body_mass, i))
          mul_  
   3582   [ <?> ] Type#944
   3587   ldvar_cached_  mag{14}
   3596   ; *(*(dy, [[(body_mass, i)), mag)
          mul_  
   3597   [ <?> ] Type#946
   3602   ; +([[(body_vy, j), *(*(dy, [[(body_mass, i)), mag))
          add_  
   3603   [ <?> ] Type#947
   3608   ldvar_super_  body_vy
   3613   [ <?> ] Type#948
   3618   ldvar_cached_  j{5}
   3627   ; <<-([[(body_vy, j), +([[(body_vy, j), *(*(dy, |...
          subassign2_1_  
   3628   stvar_super_  body_vy
   3633   ldvar_for_update_cache_  body_vz{19}
   3642   set_shared_  
   3643   pop_  
   3644   ldvar_cached_  body_vz{19}
   3653   [ <?> ] Type#950
   3658   dup_  
   3659   is_  NonObject
   3664   [ _ ] Test#142
   3669   brfalse_  108
   3674   br_  109
108:
   3679   mk_promise_  2d
   3684   br_  110
109:
   3689   ldvar_cached_  j{5}
110:
   3698   ; [[(body_vz, j)
          extract2_1_  
   3699   [ <?> ] Type#953
   3704   visible_  
   3705   ldvar_cached_  dz{12}
   3714   ldvar_cached_  body_mass{17}
   3723   [ <?> ] Type#955
   3728   dup_  
   3729   is_  NonObject
   3734   [ _ ] Test#143
   3739   brfalse_  111
   3744   br_  112
111:
   3749   mk_promise_  2e
   3754   br_  113
112:
   3759   ldvar_cached_  i{4}
113:
   3768   ; [[(body_mass, i)
          extract2_1_  
   3769   [ <?> ] Type#958
   3774   visible_  
   3775   ; *(dz, [[(body_mass, i))
          mul_  
   3776   [ <?> ] Type#959
   3781   ldvar_cached_  mag{14}
   3790   ; *(*(dz, [[(body_mass, i)), mag)
          mul_  
   3791   [ <?> ] Type#961
   3796   ; +([[(body_vz, j), *(*(dz, [[(body_mass, i)), mag))
          add_  
   3797   [ <?> ] Type#962
   3802   ldvar_super_  body_vz
   3807   [ <?> ] Type#963
   3812   ldvar_cached_  j{5}
   3821   ; <<-([[(body_vz, j), +([[(body_vz, j), *(*(dz, |...
          subassign2_1_  
   3822   stvar_super_  body_vz
114:
   3827   dup2_  
   3828   ; NULL
          ne_  
   3829   brfalse_  171
   3834   dup_  
   3835   stvar_cached_  j{5}
   3844   pull_  2
   3849   ensure_named_  
   3850   ; NULL
          add_  
   3851   ldvar_cached_  body_x{6}
   3860   [ <?> ] Type#965
   3865   dup_  
   3866   is_  NonObject
   3871   [ _ ] Test#144
   3876   brfalse_  115
   3881   br_  116
115:
   3886   mk_promise_  2f
   3891   br_  117
116:
   3896   ldvar_cached_  i{4}
   3905   [ <?> ] TypeOnce#967 (bit: #5)
117:
   3910   ; [[(body_x, i)
          extract2_1_  
   3911   [ <?> ] Type#968
   3916   visible_  
   3917   ldvar_cached_  body_x{6}
   3926   [ <?> ] Type#969
   3931   dup_  
   3932   is_  NonObject
   3937   [ _ ] Test#145
   3942   brfalse_  118
   3947   br_  119
118:
   3952   mk_promise_  30
   3957   br_  120
119:
   3962   ldvar_cached_  j{5}
   3971   [ <?> ] Type#971
120:
   3976   ; [[(body_x, j)
          extract2_1_  
   3977   [ <?> ] Type#972
   3982   visible_  
   3983   ; -([[(body_x, i), [[(body_x, j))
          sub_  
   3984   [ <?> ] Type#973
   3989   stvar_cached_  dx{10}
   3998   ldvar_cached_  body_y{7}
   4007   [ <?> ] Type#974
   4012   dup_  
   4013   is_  NonObject
   4018   [ _ ] Test#146
   4023   brfalse_  121
   4028   br_  122
121:
   4033   mk_promise_  31
   4038   br_  123
122:
   4043   ldvar_cached_  i{4}
123:
   4052   ; [[(body_y, i)
          extract2_1_  
   4053   [ <?> ] Type#977
   4058   visible_  
   4059   ldvar_cached_  body_y{7}
   4068   [ <?> ] Type#978
   4073   dup_  
   4074   is_  NonObject
   4079   [ _ ] Test#147
   4084   brfalse_  124
   4089   br_  125
124:
   4094   mk_promise_  32
   4099   br_  126
125:
   4104   ldvar_cached_  j{5}
126:
   4113   ; [[(body_y, j)
          extract2_1_  
   4114   [ <?> ] Type#981
   4119   visible_  
   4120   ; -([[(body_y, i), [[(body_y, j))
          sub_  
   4121   [ <?> ] Type#982
   4126   stvar_cached_  dy{11}
   4135   ldvar_cached_  body_z{8}
   4144   [ <?> ] Type#983
   4149   dup_  
   4150   is_  NonObject
   4155   [ _ ] Test#148
   4160   brfalse_  127
   4165   br_  128
127:
   4170   mk_promise_  33
   4175   br_  129
128:
   4180   ldvar_cached_  i{4}
129:
   4189   ; [[(body_z, i)
          extract2_1_  
   4190   [ <?> ] Type#986
   4195   visible_  
   4196   ldvar_cached_  body_z{8}
   4205   [ <?> ] Type#987
   4210   dup_  
   4211   is_  NonObject
   4216   [ _ ] Test#149
   4221   brfalse_  130
   4226   br_  131
130:
   4231   mk_promise_  34
   4236   br_  132
131:
   4241   ldvar_cached_  j{5}
132:
   4250   ; [[(body_z, j)
          extract2_1_  
   4251   [ <?> ] Type#990
   4256   visible_  
   4257   ; -([[(body_z, i), [[(body_z, j))
          sub_  
   4258   [ <?> ] Type#991
   4263   stvar_cached_  dz{12}
   4272   push_  <blt sqrt>
   4277   dup_  
   4278   ldvar_noforce_  sqrt
   4283   identical_noforce_  
   4284   [ _ ] Test#150
   4289   brtrue_  133
   4294   pop_  
   4295   ldfun_  sqrt
   4300   [ 0, <0>, valid  ] Call#10
   4305   mk_promise_  35
   4310   ; sqrt(+(+(*(dx, dx), *(dy, dy)), *(dz, dz)))
          call_  1
   4327   br_  134
133:
   4332   ldvar_cached_  dx{10}
   4341   ldvar_cached_  dx{10}
   4350   ; *(dx, dx)
          mul_  
   4351   [ <?> ] Type#1005
   4356   ldvar_cached_  dy{11}
   4365   ldvar_cached_  dy{11}
   4374   ; *(dy, dy)
          mul_  
   4375   [ <?> ] Type#1008
   4380   ; +(*(dx, dx), *(dy, dy))
          add_  
   4381   [ <?> ] Type#1009
   4386   ldvar_cached_  dz{12}
   4395   ldvar_cached_  dz{12}
   4404   ; *(dz, dz)
          mul_  
   4405   [ <?> ] Type#1012
   4410   ; +(+(*(dx, dx), *(dy, dy)), *(dz, dz))
          add_  
   4411   [ <?> ] Type#1013
   4416   ; sqrt(+(+(*(dx, dx), *(dy, dy)), *(dz, dz)))
          call_  1
134:
   4433   [ <?> ] Type#1014
   4438   stvar_cached_  distance{13}
   4447   ldvar_cached_  dt{15}
   4456   [ <?> ] TypeOnce#1015 (bit: #6)
   4461   ldvar_cached_  distance{13}
   4470   ldvar_cached_  distance{13}
   4479   ; *(distance, distance)
          mul_  
   4480   [ <?> ] Type#1018
   4485   ldvar_cached_  distance{13}
   4494   ; *(*(distance, distance), distance)
          mul_  
   4495   [ <?> ] Type#1020
   4500   visible_  
   4501   ; /(dt, ((*(*(distance, distance), distance)))
          div_  
   4502   [ <?> ] Type#1021
   4507   stvar_cached_  mag{14}
   4516   ldvar_for_update_cache_  body_vx{16}
   4525   set_shared_  
   4526   pop_  
   4527   ldvar_cached_  body_vx{16}
   4536   [ <?> ] Type#1022
   4541   dup_  
   4542   is_  NonObject
   4547   [ _ ] Test#151
   4552   brfalse_  135
   4557   br_  136
135:
   4562   mk_promise_  36
   4567   br_  137
136:
   4572   ldvar_cached_  i{4}
137:
   4581   ; [[(body_vx, i)
          extract2_1_  
   4582   [ <?> ] Type#1025
   4587   visible_  
   4588   ldvar_cached_  dx{10}
   4597   ldvar_cached_  body_mass{17}
   4606   [ <?> ] Type#1027
   4611   dup_  
   4612   is_  NonObject
   4617   [ _ ] Test#152
   4622   brfalse_  138
   4627   br_  139
138:
   4632   mk_promise_  37
   4637   br_  140
139:
   4642   ldvar_cached_  j{5}
140:
   4651   ; [[(body_mass, j)
          extract2_1_  
   4652   [ <?> ] Type#1030
   4657   visible_  
   4658   ; *(dx, [[(body_mass, j))
          mul_  
   4659   [ <?> ] Type#1031
   4664   ldvar_cached_  mag{14}
   4673   ; *(*(dx, [[(body_mass, j)), mag)
          mul_  
   4674   [ <?> ] Type#1033
   4679   ; -([[(body_vx, i), *(*(dx, [[(body_mass, j)), mag))
          sub_  
   4680   [ <?> ] Type#1034
   4685   ldvar_super_  body_vx
   4690   [ <?> ] Type#1035
   4695   ldvar_cached_  i{4}
   4704   ; <<-([[(body_vx, i), -([[(body_vx, i), *(*(dx, |...
          subassign2_1_  
   4705   stvar_super_  body_vx
   4710   ldvar_for_update_cache_  body_vy{18}
   4719   set_shared_  
   4720   pop_  
   4721   ldvar_cached_  body_vy{18}
   4730   [ <?> ] Type#1037
   4735   dup_  
   4736   is_  NonObject
   4741   [ _ ] Test#153
   4746   brfalse_  141
   4751   br_  142
141:
   4756   mk_promise_  38
   4761   br_  143
142:
   4766   ldvar_cached_  i{4}
143:
   4775   ; [[(body_vy, i)
          extract2_1_  
   4776   [ <?> ] Type#1040
   4781   visible_  
   4782   ldvar_cached_  dy{11}
   4791   ldvar_cached_  body_mass{17}
   4800   [ <?> ] Type#1042
   4805   dup_  
   4806   is_  NonObject
   4811   [ _ ] Test#154
   4816   brfalse_  144
   4821   br_  145
144:
   4826   mk_promise_  39
   4831   br_  146
145:
   4836   ldvar_cached_  j{5}
146:
   4845   ; [[(body_mass, j)
          extract2_1_  
   4846   [ <?> ] Type#1045
   4851   visible_  
   4852   ; *(dy, [[(body_mass, j))
          mul_  
   4853   [ <?> ] Type#1046
   4858   ldvar_cached_  mag{14}
   4867   ; *(*(dy, [[(body_mass, j)), mag)
          mul_  
   4868   [ <?> ] Type#1048
   4873   ; -([[(body_vy, i), *(*(dy, [[(body_mass, j)), mag))
          sub_  
   4874   [ <?> ] Type#1049
   4879   ldvar_super_  body_vy
   4884   [ <?> ] Type#1050
   4889   ldvar_cached_  i{4}
   4898   ; <<-([[(body_vy, i), -([[(body_vy, i), *(*(dy, |...
          subassign2_1_  
   4899   stvar_super_  body_vy
   4904   ldvar_for_update_cache_  body_vz{19}
   4913   set_shared_  
   4914   pop_  
   4915   ldvar_cached_  body_vz{19}
   4924   [ <?> ] Type#1052
   4929   dup_  
   4930   is_  NonObject
   4935   [ _ ] Test#155
   4940   brfalse_  147
   4945   br_  148
147:
   4950   mk_promise_  3a
   4955   br_  149
148:
   4960   ldvar_cached_  i{4}
149:
   4969   ; [[(body_vz, i)
          extract2_1_  
   4970   [ <?> ] Type#1055
   4975   visible_  
   4976   ldvar_cached_  dz{12}
   4985   ldvar_cached_  body_mass{17}
   4994   [ <?> ] Type#1057
   4999   dup_  
   5000   is_  NonObject
   5005   [ _ ] Test#156
   5010   brfalse_  150
   5015   br_  151
150:
   5020   mk_promise_  3b
   5025   br_  152
151:
   5030   ldvar_cached_  j{5}
152:
   5039   ; [[(body_mass, j)
          extract2_1_  
   5040   [ <?> ] Type#1060
   5045   visible_  
   5046   ; *(dz, [[(body_mass, j))
          mul_  
   5047   [ <?> ] Type#1061
   5052   ldvar_cached_  mag{14}
   5061   ; *(*(dz, [[(body_mass, j)), mag)
          mul_  
   5062   [ <?> ] Type#1063
   5067   ; -([[(body_vz, i), *(*(dz, [[(body_mass, j)), mag))
          sub_  
   5068   [ <?> ] Type#1064
   5073   ldvar_super_  body_vz
   5078   [ <?> ] Type#1065
   5083   ldvar_cached_  i{4}
   5092   ; <<-([[(body_vz, i), -([[(body_vz, i), *(*(dz, |...
          subassign2_1_  
   5093   stvar_super_  body_vz
   5098   ldvar_for_update_cache_  body_vx{16}
   5107   set_shared_  
   5108   pop_  
   5109   ldvar_cached_  body_vx{16}
   5118   [ <?> ] Type#1067
   5123   dup_  
   5124   is_  NonObject
   5129   [ _ ] Test#157
   5134   brfalse_  153
   5139   br_  154
153:
   5144   mk_promise_  3c
   5149   br_  155
154:
   5154   ldvar_cached_  j{5}
155:
   5163   ; [[(body_vx, j)
          extract2_1_  
   5164   [ <?> ] Type#1070
   5169   visible_  
   5170   ldvar_cached_  dx{10}
   5179   ldvar_cached_  body_mass{17}
   5188   [ <?> ] Type#1072
   5193   dup_  
   5194   is_  NonObject
   5199   [ _ ] Test#158
   5204   brfalse_  156
   5209   br_  157
156:
   5214   mk_promise_  3d
   5219   br_  158
157:
   5224   ldvar_cached_  i{4}
158:
   5233   ; [[(body_mass, i)
          extract2_1_  
   5234   [ <?> ] Type#1075
   5239   visible_  
   5240   ; *(dx, [[(body_mass, i))
          mul_  
   5241   [ <?> ] Type#1076
   5246   ldvar_cached_  mag{14}
   5255   ; *(*(dx, [[(body_mass, i)), mag)
          mul_  
   5256   [ <?> ] Type#1078
   5261   ; +([[(body_vx, j), *(*(dx, [[(body_mass, i)), mag))
          add_  
   5262   [ <?> ] Type#1079
   5267   ldvar_super_  body_vx
   5272   [ <?> ] Type#1080
   5277   ldvar_cached_  j{5}
   5286   ; <<-([[(body_vx, j), +([[(body_vx, j), *(*(dx, |...
          subassign2_1_  
   5287   stvar_super_  body_vx
   5292   ldvar_for_update_cache_  body_vy{18}
   5301   set_shared_  
   5302   pop_  
   5303   ldvar_cached_  body_vy{18}
   5312   [ <?> ] Type#1082
   5317   dup_  
   5318   is_  NonObject
   5323   [ _ ] Test#159
   5328   brfalse_  159
   5333   br_  160
159:
   5338   mk_promise_  3e
   5343   br_  161
160:
   5348   ldvar_cached_  j{5}
161:
   5357   ; [[(body_vy, j)
          extract2_1_  
   5358   [ <?> ] Type#1085
   5363   visible_  
   5364   ldvar_cached_  dy{11}
   5373   ldvar_cached_  body_mass{17}
   5382   [ <?> ] Type#1087
   5387   dup_  
   5388   is_  NonObject
   5393   [ _ ] Test#160
   5398   brfalse_  162
   5403   br_  163
162:
   5408   mk_promise_  3f
   5413   br_  164
163:
   5418   ldvar_cached_  i{4}
164:
   5427   ; [[(body_mass, i)
          extract2_1_  
   5428   [ <?> ] Type#1090
   5433   visible_  
   5434   ; *(dy, [[(body_mass, i))
          mul_  
   5435   [ <?> ] Type#1091
   5440   ldvar_cached_  mag{14}
   5449   ; *(*(dy, [[(body_mass, i)), mag)
          mul_  
   5450   [ <?> ] Type#1093
   5455   ; +([[(body_vy, j), *(*(dy, [[(body_mass, i)), mag))
          add_  
   5456   [ <?> ] Type#1094
   5461   ldvar_super_  body_vy
   5466   [ <?> ] Type#1095
   5471   ldvar_cached_  j{5}
   5480   ; <<-([[(body_vy, j), +([[(body_vy, j), *(*(dy, |...
          subassign2_1_  
   5481   stvar_super_  body_vy
   5486   ldvar_for_update_cache_  body_vz{19}
   5495   set_shared_  
   5496   pop_  
   5497   ldvar_cached_  body_vz{19}
   5506   [ <?> ] Type#1097
   5511   dup_  
   5512   is_  NonObject
   5517   [ _ ] Test#161
   5522   brfalse_  165
   5527   br_  166
165:
   5532   mk_promise_  40
   5537   br_  167
166:
   5542   ldvar_cached_  j{5}
167:
   5551   ; [[(body_vz, j)
          extract2_1_  
   5552   [ <?> ] Type#1100
   5557   visible_  
   5558   ldvar_cached_  dz{12}
   5567   ldvar_cached_  body_mass{17}
   5576   [ <?> ] Type#1102
   5581   dup_  
   5582   is_  NonObject
   5587   [ _ ] Test#162
   5592   brfalse_  168
   5597   br_  169
168:
   5602   mk_promise_  41
   5607   br_  170
169:
   5612   ldvar_cached_  i{4}
170:
   5621   ; [[(body_mass, i)
          extract2_1_  
   5622   [ <?> ] Type#1105
   5627   visible_  
   5628   ; *(dz, [[(body_mass, i))
          mul_  
   5629   [ <?> ] Type#1106
   5634   ldvar_cached_  mag{14}
   5643   ; *(*(dz, [[(body_mass, i)), mag)
          mul_  
   5644   [ <?> ] Type#1108
   5649   ; +([[(body_vz, j), *(*(dz, [[(body_mass, i)), mag))
          add_  
   5650   [ <?> ] Type#1109
   5655   ldvar_super_  body_vz
   5660   [ <?> ] Type#1110
   5665   ldvar_cached_  j{5}
   5674   ; <<-([[(body_vz, j), +([[(body_vz, j), *(*(dz, |...
          subassign2_1_  
   5675   stvar_super_  body_vz
   5680   br_  114
171:
   5685   popn_  3
172:
   5690   br_  52
173:
   5695   popn_  3
174:
   5700   push_  1
   5705   visible_  
   5706   force_  
   5707   ldvar_cached_  n_bodies{1}
   5716   [ <?> ] Type#1112
   5721   force_  
   5722   ; :(1, n_bodies)
          colon_input_effects_  
   5723   [ _ ] Test#163
   5728   brtrue_  175
   5733   ; :(1, n_bodies)
          colon_  
   5734   ldfun_  for
   5739   swap_  
   5740   mk_eager_promise_  42
   5745   mk_promise_  43
   5750   ; for(i, :(1, n_bodies), {(<<-([[(body_x, i), +(|...
          call_  2
   5767   [ <?> ] Type#1154
   5772   br_  216
175:
   5777   swap_  
   5778   colon_cast_lhs_  
   5779   [ <?> ] Type#1155
   5784   ensure_named_  
   5785   swap_  
   5786   colon_cast_rhs_  
   5787   ensure_named_  
   5788   [ <?> ] Type#1156
   5793   dup2_  
   5794   ; NULL
          le_  
   5795   [ _ ] Test#170
   5800   brfalse_  176
   5805   push_  1L
   5810   br_  177
176:
   5815   push_  -1L
177:
   5820   swap_  
   5821   pick_  2
   5826   dup2_  
   5827   ; NULL
          ne_  
   5828   [ _ ] Test#171
   5833   brfalse_  215
   5838   dup_  
   5839   stvar_cached_  i{4}
   5848   pull_  2
   5853   ensure_named_  
   5854   ; NULL
          add_  
   5855   ldvar_for_update_cache_  body_x{6}
   5864   set_shared_  
   5865   pop_  
   5866   ldvar_cached_  body_x{6}
   5875   [ <?> ] Type#1157
   5880   dup_  
   5881   is_  NonObject
   5886   [ _ ] Test#172
   5891   brfalse_  178
   5896   br_  179
178:
   5901   mk_promise_  44
   5906   br_  180
179:
   5911   ldvar_cached_  i{4}
   5920   [ <?> ] TypeOnce#1159 (bit: #7)
180:
   5925   ; [[(body_x, i)
          extract2_1_  
   5926   [ <?> ] Type#1160
   5931   visible_  
   5932   ldvar_cached_  dt{15}
   5941   [ <?> ] TypeOnce#1161 (bit: #8)
   5946   ldvar_cached_  body_vx{16}
   5955   [ <?> ] Type#1162
   5960   dup_  
   5961   is_  NonObject
   5966   [ _ ] Test#173
   5971   brfalse_  181
   5976   br_  182
181:
   5981   mk_promise_  45
   5986   br_  183
182:
   5991   ldvar_cached_  i{4}
183:
   6000   ; [[(body_vx, i)
          extract2_1_  
   6001   [ <?> ] Type#1165
   6006   visible_  
   6007   ; *(dt, [[(body_vx, i))
          mul_  
   6008   [ <?> ] Type#1166
   6013   ; +([[(body_x, i), *(dt, [[(body_vx, i)))
          add_  
   6014   [ <?> ] Type#1167
   6019   ldvar_super_  body_x
   6024   [ <?> ] Type#1168
   6029   ldvar_cached_  i{4}
   6038   ; <<-([[(body_x, i), +([[(body_x, i), *(dt, [[(b|...
          subassign2_1_  
   6039   stvar_super_  body_x
   6044   ldvar_for_update_cache_  body_y{7}
   6053   set_shared_  
   6054   pop_  
   6055   ldvar_cached_  body_y{7}
   6064   [ <?> ] Type#1170
   6069   dup_  
   6070   is_  NonObject
   6075   [ _ ] Test#174
   6080   brfalse_  184
   6085   br_  185
184:
   6090   mk_promise_  46
   6095   br_  186
185:
   6100   ldvar_cached_  i{4}
186:
   6109   ; [[(body_y, i)
          extract2_1_  
   6110   [ <?> ] Type#1173
   6115   visible_  
   6116   ldvar_cached_  dt{15}
   6125   ldvar_cached_  body_vy{18}
   6134   [ <?> ] Type#1175
   6139   dup_  
   6140   is_  NonObject
   6145   [ _ ] Test#175
   6150   brfalse_  187
   6155   br_  188
187:
   6160   mk_promise_  47
   6165   br_  189
188:
   6170   ldvar_cached_  i{4}
189:
   6179   ; [[(body_vy, i)
          extract2_1_  
   6180   [ <?> ] Type#1178
   6185   visible_  
   6186   ; *(dt, [[(body_vy, i))
          mul_  
   6187   [ <?> ] Type#1179
   6192   ; +([[(body_y, i), *(dt, [[(body_vy, i)))
          add_  
   6193   [ <?> ] Type#1180
   6198   ldvar_super_  body_y
   6203   [ <?> ] Type#1181
   6208   ldvar_cached_  i{4}
   6217   ; <<-([[(body_y, i), +([[(body_y, i), *(dt, [[(b|...
          subassign2_1_  
   6218   stvar_super_  body_y
   6223   ldvar_for_update_cache_  body_z{8}
   6232   set_shared_  
   6233   pop_  
   6234   ldvar_cached_  body_z{8}
   6243   [ <?> ] Type#1183
   6248   dup_  
   6249   is_  NonObject
   6254   [ _ ] Test#176
   6259   brfalse_  190
   6264   br_  191
190:
   6269   mk_promise_  48
   6274   br_  192
191:
   6279   ldvar_cached_  i{4}
192:
   6288   ; [[(body_z, i)
          extract2_1_  
   6289   [ <?> ] Type#1186
   6294   visible_  
   6295   ldvar_cached_  dt{15}
   6304   ldvar_cached_  body_vz{19}
   6313   [ <?> ] Type#1188
   6318   dup_  
   6319   is_  NonObject
   6324   [ _ ] Test#177
   6329   brfalse_  193
   6334   br_  194
193:
   6339   mk_promise_  49
   6344   br_  195
194:
   6349   ldvar_cached_  i{4}
195:
   6358   ; [[(body_vz, i)
          extract2_1_  
   6359   [ <?> ] Type#1191
   6364   visible_  
   6365   ; *(dt, [[(body_vz, i))
          mul_  
   6366   [ <?> ] Type#1192
   6371   ; +([[(body_z, i), *(dt, [[(body_vz, i)))
          add_  
   6372   [ <?> ] Type#1193
   6377   ldvar_super_  body_z
   6382   [ <?> ] Type#1194
   6387   ldvar_cached_  i{4}
   6396   ; <<-([[(body_z, i), +([[(body_z, i), *(dt, [[(b|...
          subassign2_1_  
   6397   stvar_super_  body_z
196:
   6402   dup2_  
   6403   ; NULL
          ne_  
   6404   brfalse_  215
   6409   dup_  
   6410   stvar_cached_  i{4}
   6419   pull_  2
   6424   ensure_named_  
   6425   ; NULL
          add_  
   6426   ldvar_for_update_cache_  body_x{6}
   6435   set_shared_  
   6436   pop_  
   6437   ldvar_cached_  body_x{6}
   6446   [ <?> ] Type#1196
   6451   dup_  
   6452   is_  NonObject
   6457   [ _ ] Test#178
   6462   brfalse_  197
   6467   br_  198
197:
   6472   mk_promise_  4a
   6477   br_  199
198:
   6482   ldvar_cached_  i{4}
   6491   [ <?> ] TypeOnce#1198 (bit: #9)
199:
   6496   ; [[(body_x, i)
          extract2_1_  
   6497   [ <?> ] Type#1199
   6502   visible_  
   6503   ldvar_cached_  dt{15}
   6512   [ <?> ] TypeOnce#1200 (bit: #10)
   6517   ldvar_cached_  body_vx{16}
   6526   [ <?> ] Type#1201
   6531   dup_  
   6532   is_  NonObject
   6537   [ _ ] Test#179
   6542   brfalse_  200
   6547   br_  201
200:
   6552   mk_promise_  4b
   6557   br_  202
201:
   6562   ldvar_cached_  i{4}
202:
   6571   ; [[(body_vx, i)
          extract2_1_  
   6572   [ <?> ] Type#1204
   6577   visible_  
   6578   ; *(dt, [[(body_vx, i))
          mul_  
   6579   [ <?> ] Type#1205
   6584   ; +([[(body_x, i), *(dt, [[(body_vx, i)))
          add_  
   6585   [ <?> ] Type#1206
   6590   ldvar_super_  body_x
   6595   [ <?> ] Type#1207
   6600   ldvar_cached_  i{4}
   6609   ; <<-([[(body_x, i), +([[(body_x, i), *(dt, [[(b|...
          subassign2_1_  
   6610   stvar_super_  body_x
   6615   ldvar_for_update_cache_  body_y{7}
   6624   set_shared_  
   6625   pop_  
   6626   ldvar_cached_  body_y{7}
   6635   [ <?> ] Type#1209
   6640   dup_  
   6641   is_  NonObject
   6646   [ _ ] Test#180
   6651   brfalse_  203
   6656   br_  204
203:
   6661   mk_promise_  4c
   6666   br_  205
204:
   6671   ldvar_cached_  i{4}
205:
   6680   ; [[(body_y, i)
          extract2_1_  
   6681   [ <?> ] Type#1212
   6686   visible_  
   6687   ldvar_cached_  dt{15}
   6696   ldvar_cached_  body_vy{18}
   6705   [ <?> ] Type#1214
   6710   dup_  
   6711   is_  NonObject
   6716   [ _ ] Test#181
   6721   brfalse_  206
   6726   br_  207
206:
   6731   mk_promise_  4d
   6736   br_  208
207:
   6741   ldvar_cached_  i{4}
208:
   6750   ; [[(body_vy, i)
          extract2_1_  
   6751   [ <?> ] Type#1217
   6756   visible_  
   6757   ; *(dt, [[(body_vy, i))
          mul_  
   6758   [ <?> ] Type#1218
   6763   ; +([[(body_y, i), *(dt, [[(body_vy, i)))
          add_  
   6764   [ <?> ] Type#1219
   6769   ldvar_super_  body_y
   6774   [ <?> ] Type#1220
   6779   ldvar_cached_  i{4}
   6788   ; <<-([[(body_y, i), +([[(body_y, i), *(dt, [[(b|...
          subassign2_1_  
   6789   stvar_super_  body_y
   6794   ldvar_for_update_cache_  body_z{8}
   6803   set_shared_  
   6804   pop_  
   6805   ldvar_cached_  body_z{8}
   6814   [ <?> ] Type#1222
   6819   dup_  
   6820   is_  NonObject
   6825   [ _ ] Test#182
   6830   brfalse_  209
   6835   br_  210
209:
   6840   mk_promise_  4e
   6845   br_  211
210:
   6850   ldvar_cached_  i{4}
211:
   6859   ; [[(body_z, i)
          extract2_1_  
   6860   [ <?> ] Type#1225
   6865   visible_  
   6866   ldvar_cached_  dt{15}
   6875   ldvar_cached_  body_vz{19}
   6884   [ <?> ] Type#1227
   6889   dup_  
   6890   is_  NonObject
   6895   [ _ ] Test#183
   6900   brfalse_  212
   6905   br_  213
212:
   6910   mk_promise_  4f
   6915   br_  214
213:
   6920   ldvar_cached_  i{4}
214:
   6929   ; [[(body_vz, i)
          extract2_1_  
   6930   [ <?> ] Type#1230
   6935   visible_  
   6936   ; *(dt, [[(body_vz, i))
          mul_  
   6937   [ <?> ] Type#1231
   6942   ; +([[(body_z, i), *(dt, [[(body_vz, i)))
          add_  
   6943   [ <?> ] Type#1232
   6948   ldvar_super_  body_z
   6953   [ <?> ] Type#1233
   6958   ldvar_cached_  i{4}
   6967   ; <<-([[(body_z, i), +([[(body_z, i), *(dt, [[(b|...
          subassign2_1_  
   6968   stvar_super_  body_z
   6973   br_  196
215:
   6978   popn_  3
   6983   push_  NULL
   6988   invisible_  
216:
   6989   ret_  

[Prom (index 0)]
0:
      0   ldvar_  n_bodies
      5   [ <?> ] Type#0
     10   ret_  

[Prom (index 1)]
0:
      0   ldvar_  n_bodies
      5   [ <?> ] Type#1
     10   ret_  

[Prom (index 2)]
0:
      0   ldvar_  n_bodies
      5   [ <?> ] Type#3
     10   ret_  

[Prom (index 3)]
0:
      0   ldvar_  n_bodies
      5   [ <?> ] Type#4
     10   ret_  

[Prom (index 4)]
0:
      0   ldvar_  n_bodies
      5   [ <?> ] Type#6
     10   ret_  

[Prom (index 5)]
0:
      0   ldvar_  n_bodies
      5   [ <?> ] Type#7
     10   ret_  

[Prom (index 6)]
0:
      0   push_  1
      5   visible_  
      6   ldvar_  n_bodies
     11   [ <?> ] Type#10
     16   ; :(1, n_bodies)
          colon_  
     17   [ <?> ] Type#11
     22   ret_  

[Prom (index 7)]
0:
      0   push_  1
      5   visible_  
      6   force_  
      7   ldvar_  n_bodies
     12   [ <?> ] Type#12
     17   force_  
     18   ; :(1, n_bodies)
          colon_input_effects_  
     19   [ _ ] Test#1
     24   brtrue_  1
     29   ; :(1, n_bodies)
          colon_  
     30   ldfun_  for
     35   swap_  
     36   mk_eager_promise_  0
     41   mk_promise_  1
     46   ; for(j, :(1, n_bodies), {(<-([[(dxx, i, j), -([|...
          call_  2
     63   [ <?> ] Type#51
     68   br_  42
1:
     73   swap_  
     74   colon_cast_lhs_  
     75   [ <?> ] Type#52
     80   ensure_named_  
     81   swap_  
     82   colon_cast_rhs_  
     83   ensure_named_  
     84   [ <?> ] Type#53
     89   dup2_  
     90   ; NULL
          le_  
     91   [ _ ] Test#8
     96   brfalse_  2
    101   push_  1L
    106   br_  3
2:
    111   push_  -1L
3:
    116   swap_  
    117   pick_  2
    122   dup2_  
    123   ; NULL
          ne_  
    124   [ _ ] Test#9
    129   brfalse_  41
    134   dup_  
    135   stvar_  j
    140   pull_  2
    145   ensure_named_  
    146   ; NULL
          add_  
    147   ldvar_  body_x
    152   [ <?> ] Type#54
    157   dup_  
    158   is_  NonObject
    163   [ _ ] Test#10
    168   brfalse_  4
    173   br_  5
4:
    178   mk_promise_  2
    183   br_  6
5:
    188   ldvar_  i
    193   [ <?> ] TypeOnce#56 (bit: #0)
6:
    198   ; [[(body_x, i)
          extract2_1_  
    199   [ <?> ] Type#57
    204   visible_  
    205   ldvar_  body_x
    210   [ <?> ] Type#58
    215   dup_  
    216   is_  NonObject
    221   [ _ ] Test#11
    226   brfalse_  7
    231   br_  8
7:
    236   mk_promise_  3
    241   br_  9
8:
    246   ldvar_  j
    251   [ <?> ] TypeOnce#60 (bit: #1)
9:
    256   ; [[(body_x, j)
          extract2_1_  
    257   [ <?> ] Type#61
    262   visible_  
    263   ; -([[(body_x, i), [[(body_x, j))
          sub_  
    264   [ <?> ] Type#62
    269   ldvar_for_update_  dxx
    274   [ <?> ] Type#63
    279   ldvar_  i
    284   ldvar_  j
    289   ; <-([[(dxx, i, j), -([[(body_x, i), [[(body_x, j)))
          subassign2_2_  
    290   stvar_  dxx
    295   ldvar_  body_y
    300   [ <?> ] Type#66
    305   dup_  
    306   is_  NonObject
    311   [ _ ] Test#12
    316   brfalse_  10
    321   br_  11
10:
    326   mk_promise_  4
    331   br_  12
11:
    336   ldvar_  i
12:
    341   ; [[(body_y, i)
          extract2_1_  
    342   [ <?> ] Type#69
    347   visible_  
    348   ldvar_  body_y
    353   [ <?> ] Type#70
    358   dup_  
    359   is_  NonObject
    364   [ _ ] Test#13
    369   brfalse_  13
    374   br_  14
13:
    379   mk_promise_  5
    384   br_  15
14:
    389   ldvar_  j
15:
    394   ; [[(body_y, j)
          extract2_1_  
    395   [ <?> ] Type#73
    400   visible_  
    401   ; -([[(body_y, i), [[(body_y, j))
          sub_  
    402   [ <?> ] Type#74
    407   ldvar_for_update_  dyy
    412   [ <?> ] Type#75
    417   ldvar_  i
    422   ldvar_  j
    427   ; <-([[(dyy, i, j), -([[(body_y, i), [[(body_y, j)))
          subassign2_2_  
    428   stvar_  dyy
    433   ldvar_  body_z
    438   [ <?> ] Type#78
    443   dup_  
    444   is_  NonObject
    449   [ _ ] Test#14
    454   brfalse_  16
    459   br_  17
16:
    464   mk_promise_  6
    469   br_  18
17:
    474   ldvar_  i
18:
    479   ; [[(body_z, i)
          extract2_1_  
    480   [ <?> ] Type#81
    485   visible_  
    486   ldvar_  body_z
    491   [ <?> ] Type#82
    496   dup_  
    497   is_  NonObject
    502   [ _ ] Test#15
    507   brfalse_  19
    512   br_  20
19:
    517   mk_promise_  7
    522   br_  21
20:
    527   ldvar_  j
21:
    532   ; [[(body_z, j)
          extract2_1_  
    533   [ <?> ] Type#85
    538   visible_  
    539   ; -([[(body_z, i), [[(body_z, j))
          sub_  
    540   [ <?> ] Type#86
    545   ldvar_for_update_  dzz
    550   [ <?> ] Type#87
    555   ldvar_  i
    560   ldvar_  j
    565   ; <-([[(dzz, i, j), -([[(body_z, i), [[(body_z, j)))
          subassign2_2_  
    566   stvar_  dzz
22:
    571   dup2_  
    572   ; NULL
          ne_  
    573   brfalse_  41
    578   dup_  
    579   stvar_  j
    584   pull_  2
    589   ensure_named_  
    590   ; NULL
          add_  
    591   ldvar_  body_x
    596   [ <?> ] Type#90
    601   dup_  
    602   is_  NonObject
    607   [ _ ] Test#16
    612   brfalse_  23
    617   br_  24
23:
    622   mk_promise_  8
    627   br_  25
24:
    632   ldvar_  i
    637   [ <?> ] TypeOnce#92 (bit: #2)
25:
    642   ; [[(body_x, i)
          extract2_1_  
    643   [ <?> ] Type#93
    648   visible_  
    649   ldvar_  body_x
    654   [ <?> ] Type#94
    659   dup_  
    660   is_  NonObject
    665   [ _ ] Test#17
    670   brfalse_  26
    675   br_  27
26:
    680   mk_promise_  9
    685   br_  28
27:
    690   ldvar_  j
    695   [ <?> ] TypeOnce#96 (bit: #3)
28:
    700   ; [[(body_x, j)
          extract2_1_  
    701   [ <?> ] Type#97
    706   visible_  
    707   ; -([[(body_x, i), [[(body_x, j))
          sub_  
    708   [ <?> ] Type#98
    713   ldvar_for_update_  dxx
    718   [ <?> ] Type#99
    723   ldvar_  i
    728   ldvar_  j
    733   ; <-([[(dxx, i, j), -([[(body_x, i), [[(body_x, j)))
          subassign2_2_  
    734   stvar_  dxx
    739   ldvar_  body_y
    744   [ <?> ] Type#102
    749   dup_  
    750   is_  NonObject
    755   [ _ ] Test#18
    760   brfalse_  29
    765   br_  30
29:
    770   mk_promise_  a
    775   br_  31
30:
    780   ldvar_  i
31:
    785   ; [[(body_y, i)
          extract2_1_  
    786   [ <?> ] Type#105
    791   visible_  
    792   ldvar_  body_y
    797   [ <?> ] Type#106
    802   dup_  
    803   is_  NonObject
    808   [ _ ] Test#19
    813   brfalse_  32
    818   br_  33
32:
    823   mk_promise_  b
    828   br_  34
33:
    833   ldvar_  j
34:
    838   ; [[(body_y, j)
          extract2_1_  
    839   [ <?> ] Type#109
    844   visible_  
    845   ; -([[(body_y, i), [[(body_y, j))
          sub_  
    846   [ <?> ] Type#110
    851   ldvar_for_update_  dyy
    856   [ <?> ] Type#111
    861   ldvar_  i
    866   ldvar_  j
    871   ; <-([[(dyy, i, j), -([[(body_y, i), [[(body_y, j)))
          subassign2_2_  
    872   stvar_  dyy
    877   ldvar_  body_z
    882   [ <?> ] Type#114
    887   dup_  
    888   is_  NonObject
    893   [ _ ] Test#20
    898   brfalse_  35
    903   br_  36
35:
    908   mk_promise_  c
    913   br_  37
36:
    918   ldvar_  i
37:
    923   ; [[(body_z, i)
          extract2_1_  
    924   [ <?> ] Type#117
    929   visible_  
    930   ldvar_  body_z
    935   [ <?> ] Type#118
    940   dup_  
    941   is_  NonObject
    946   [ _ ] Test#21
    951   brfalse_  38
    956   br_  39
38:
    961   mk_promise_  d
    966   br_  40
39:
    971   ldvar_  j
40:
    976   ; [[(body_z, j)
          extract2_1_  
    977   [ <?> ] Type#121
    982   visible_  
    983   ; -([[(body_z, i), [[(body_z, j))
          sub_  
    984   [ <?> ] Type#122
    989   ldvar_for_update_  dzz
    994   [ <?> ] Type#123
    999   ldvar_  i
   1004   ldvar_  j
   1009   ; <-([[(dzz, i, j), -([[(body_z, i), [[(body_z, j)))
          subassign2_2_  
   1010   stvar_  dzz
   1015   br_  22
41:
   1020   popn_  3
   1025   push_  NULL
   1030   invisible_  
42:
   1031   ret_  

[Prom (index 7.0)]
0:
      0   push_  1
      5   visible_  
      6   ldvar_  n_bodies
     11   [ <?> ] Type#13
     16   ; :(1, n_bodies)
          colon_  
     17   [ <?> ] Type#14
     22   ret_  

[Prom (index 7.1)]
0:
      0   ldvar_  body_x
      5   [ <?> ] Type#15
     10   dup_  
     11   is_  NonObject
     16   [ _ ] Test#2
     21   brfalse_  1
     26   br_  2
1:
     31   mk_promise_  0
     36   br_  3
2:
     41   ldvar_  i
     46   [ <?> ] Type#17
3:
     51   ; [[(body_x, i)
          extract2_1_  
     52   [ <?> ] Type#18
     57   visible_  
     58   ldvar_  body_x
     63   [ <?> ] Type#19
     68   dup_  
     69   is_  NonObject
     74   [ _ ] Test#3
     79   brfalse_  4
     84   br_  5
4:
     89   mk_promise_  1
     94   br_  6
5:
     99   ldvar_  j
    104   [ <?> ] Type#21
6:
    109   ; [[(body_x, j)
          extract2_1_  
    110   [ <?> ] Type#22
    115   visible_  
    116   ; -([[(body_x, i), [[(body_x, j))
          sub_  
    117   [ <?> ] Type#23
    122   ldvar_for_update_  dxx
    127   [ <?> ] Type#24
    132   ldvar_  i
    137   ldvar_  j
    142   ; <-([[(dxx, i, j), -([[(body_x, i), [[(body_x, j)))
          subassign2_2_  
    143   stvar_  dxx
    148   ldvar_  body_y
    153   [ <?> ] Type#27
    158   dup_  
    159   is_  NonObject
    164   [ _ ] Test#4
    169   brfalse_  7
    174   br_  8
7:
    179   mk_promise_  2
    184   br_  9
8:
    189   ldvar_  i
9:
    194   ; [[(body_y, i)
          extract2_1_  
    195   [ <?> ] Type#30
    200   visible_  
    201   ldvar_  body_y
    206   [ <?> ] Type#31
    211   dup_  
    212   is_  NonObject
    217   [ _ ] Test#5
    222   brfalse_  10
    227   br_  11
10:
    232   mk_promise_  3
    237   br_  12
11:
    242   ldvar_  j
12:
    247   ; [[(body_y, j)
          extract2_1_  
    248   [ <?> ] Type#34
    253   visible_  
    254   ; -([[(body_y, i), [[(body_y, j))
          sub_  
    255   [ <?> ] Type#35
    260   ldvar_for_update_  dyy
    265   [ <?> ] Type#36
    270   ldvar_  i
    275   ldvar_  j
    280   ; <-([[(dyy, i, j), -([[(body_y, i), [[(body_y, j)))
          subassign2_2_  
    281   stvar_  dyy
    286   ldvar_  body_z
    291   [ <?> ] Type#39
    296   dup_  
    297   is_  NonObject
    302   [ _ ] Test#6
    307   brfalse_  13
    312   br_  14
13:
    317   mk_promise_  4
    322   br_  15
14:
    327   ldvar_  i
15:
    332   ; [[(body_z, i)
          extract2_1_  
    333   [ <?> ] Type#42
    338   visible_  
    339   ldvar_  body_z
    344   [ <?> ] Type#43
    349   dup_  
    350   is_  NonObject
    355   [ _ ] Test#7
    360   brfalse_  16
    365   br_  17
16:
    370   mk_promise_  5
    375   br_  18
17:
    380   ldvar_  j
18:
    385   ; [[(body_z, j)
          extract2_1_  
    386   [ <?> ] Type#46
    391   visible_  
    392   ; -([[(body_z, i), [[(body_z, j))
          sub_  
    393   [ <?> ] Type#47
    398   dup_  
    399   set_shared_  
    400   ldvar_for_update_  dzz
    405   [ <?> ] Type#48
    410   ldvar_  i
    415   ldvar_  j
    420   ; <-([[(dzz, i, j), -([[(body_z, i), [[(body_z, j)))
          subassign2_2_  
    421   stvar_  dzz
    426   invisible_  
    427   ret_  

[Prom (index 7.1.0)]
0:
      0   ldvar_  i
      5   [ <?> ] Type#16
     10   ret_  

[Prom (index 7.1.1)]
0:
      0   ldvar_  j
      5   [ <?> ] Type#20
     10   ret_  

[Prom (index 7.1.2)]
0:
      0   ldvar_  i
      5   [ <?> ] Type#28
     10   ret_  

[Prom (index 7.1.3)]
0:
      0   ldvar_  j
      5   [ <?> ] Type#32
     10   ret_  

[Prom (index 7.1.4)]
0:
      0   ldvar_  i
      5   [ <?> ] Type#40
     10   ret_  

[Prom (index 7.1.5)]
0:
      0   ldvar_  j
      5   [ <?> ] Type#44
     10   ret_  

[Prom (index 7.2)]
0:
      0   ldvar_  i
      5   [ <?> ] TypeOnce#55 (bit: #0)
     10   ret_  

[Prom (index 7.3)]
0:
      0   ldvar_  j
      5   [ <?> ] TypeOnce#59 (bit: #0)
     10   ret_  

[Prom (index 7.4)]
0:
      0   ldvar_  i
      5   [ <?> ] TypeOnce#67 (bit: #0)
     10   ret_  

[Prom (index 7.5)]
0:
      0   ldvar_  j
      5   [ <?> ] TypeOnce#71 (bit: #0)
     10   ret_  

[Prom (index 7.6)]
0:
      0   ldvar_  i
      5   [ <?> ] TypeOnce#79 (bit: #0)
     10   ret_  

[Prom (index 7.7)]
0:
      0   ldvar_  j
      5   [ <?> ] TypeOnce#83 (bit: #0)
     10   ret_  

[Prom (index 7.8)]
0:
      0   ldvar_  i
      5   [ <?> ] TypeOnce#91 (bit: #0)
     10   ret_  

[Prom (index 7.9)]
0:
      0   ldvar_  j
      5   [ <?> ] TypeOnce#95 (bit: #0)
     10   ret_  

[Prom (index 7.10)]
0:
      0   ldvar_  i
      5   [ <?> ] TypeOnce#103 (bit: #0)
     10   ret_  

[Prom (index 7.11)]
0:
      0   ldvar_  j
      5   [ <?> ] TypeOnce#107 (bit: #0)
     10   ret_  

[Prom (index 7.12)]
0:
      0   ldvar_  i
      5   [ <?> ] TypeOnce#115 (bit: #0)
     10   ret_  

[Prom (index 7.13)]
0:
      0   ldvar_  j
      5   [ <?> ] TypeOnce#119 (bit: #0)
     10   ret_  

[Prom (index 8)]
0:
      0   push_  1
      5   visible_  
      6   ldvar_  n_bodies
     11   [ <?> ] Type#129
     16   ; :(1, n_bodies)
          colon_  
     17   [ <?> ] Type#130
     22   ret_  

[Prom (index 9)]
0:
      0   ldvar_  body_x
      5   [ <?> ] Type#131
     10   dup_  
     11   is_  NonObject
     16   [ _ ] Test#24
     21   brfalse_  1
     26   br_  2
1:
     31   mk_promise_  0
     36   br_  3
2:
     41   ldvar_  i
     46   [ <?> ] TypeOnce#133 (bit: #0)
3:
     51   ; [[(body_x, i)
          extract2_1_  
     52   [ <?> ] Type#134
     57   visible_  
     58   ldvar_  body_x
     63   [ <?> ] Type#135
     68   dup_  
     69   is_  NonObject
     74   [ _ ] Test#25
     79   brfalse_  4
     84   br_  5
4:
     89   mk_promise_  1
     94   br_  6
5:
     99   ldvar_  j
    104   [ <?> ] TypeOnce#137 (bit: #1)
6:
    109   ; [[(body_x, j)
          extract2_1_  
    110   [ <?> ] Type#138
    115   visible_  
    116   ; -([[(body_x, i), [[(body_x, j))
          sub_  
    117   [ <?> ] Type#139
    122   ldvar_for_update_  dxx
    127   [ <?> ] Type#140
    132   ldvar_  i
    137   ldvar_  j
    142   ; <-([[(dxx, i, j), -([[(body_x, i), [[(body_x, j)))
          subassign2_2_  
    143   stvar_  dxx
    148   ldvar_  body_y
    153   [ <?> ] Type#143
    158   dup_  
    159   is_  NonObject
    164   [ _ ] Test#26
    169   brfalse_  7
    174   br_  8
7:
    179   mk_promise_  2
    184   br_  9
8:
    189   ldvar_  i
9:
    194   ; [[(body_y, i)
          extract2_1_  
    195   [ <?> ] Type#146
    200   visible_  
    201   ldvar_  body_y
    206   [ <?> ] Type#147
    211   dup_  
    212   is_  NonObject
    217   [ _ ] Test#27
    222   brfalse_  10
    227   br_  11
10:
    232   mk_promise_  3
    237   br_  12
11:
    242   ldvar_  j
12:
    247   ; [[(body_y, j)
          extract2_1_  
    248   [ <?> ] Type#150
    253   visible_  
    254   ; -([[(body_y, i), [[(body_y, j))
          sub_  
    255   [ <?> ] Type#151
    260   ldvar_for_update_  dyy
    265   [ <?> ] Type#152
    270   ldvar_  i
    275   ldvar_  j
    280   ; <-([[(dyy, i, j), -([[(body_y, i), [[(body_y, j)))
          subassign2_2_  
    281   stvar_  dyy
    286   ldvar_  body_z
    291   [ <?> ] Type#155
    296   dup_  
    297   is_  NonObject
    302   [ _ ] Test#28
    307   brfalse_  13
    312   br_  14
13:
    317   mk_promise_  4
    322   br_  15
14:
    327   ldvar_  i
15:
    332   ; [[(body_z, i)
          extract2_1_  
    333   [ <?> ] Type#158
    338   visible_  
    339   ldvar_  body_z
    344   [ <?> ] Type#159
    349   dup_  
    350   is_  NonObject
    355   [ _ ] Test#29
    360   brfalse_  16
    365   br_  17
16:
    370   mk_promise_  5
    375   br_  18
17:
    380   ldvar_  j
18:
    385   ; [[(body_z, j)
          extract2_1_  
    386   [ <?> ] Type#162
    391   visible_  
    392   ; -([[(body_z, i), [[(body_z, j))
          sub_  
    393   [ <?> ] Type#163
    398   dup_  
    399   set_shared_  
    400   ldvar_for_update_  dzz
    405   [ <?> ] Type#164
    410   ldvar_  i
    415   ldvar_  j
    420   ; <-([[(dzz, i, j), -([[(body_z, i), [[(body_z, j)))
          subassign2_2_  
    421   stvar_  dzz
    426   invisible_  
    427   ret_  

[Prom (index 9.0)]
0:
      0   ldvar_  i
      5   [ <?> ] TypeOnce#132 (bit: #0)
     10   ret_  

[Prom (index 9.1)]
0:
      0   ldvar_  j
      5   [ <?> ] TypeOnce#136 (bit: #0)
     10   ret_  

[Prom (index 9.2)]
0:
      0   ldvar_  i
      5   [ <?> ] TypeOnce#144 (bit: #0)
     10   ret_  

[Prom (index 9.3)]
0:
      0   ldvar_  j
      5   [ <?> ] TypeOnce#148 (bit: #0)
     10   ret_  

[Prom (index 9.4)]
0:
      0   ldvar_  i
      5   [ <?> ] TypeOnce#156 (bit: #0)
     10   ret_  

[Prom (index 9.5)]
0:
      0   ldvar_  j
      5   [ <?> ] TypeOnce#160 (bit: #0)
     10   ret_  

[Prom (index 10)]
0:
      0   ldvar_  i
      5   [ <?> ] TypeOnce#170 (bit: #0)
     10   ret_  

[Prom (index 11)]
0:
      0   ldvar_  j
      5   [ <?> ] TypeOnce#174 (bit: #0)
     10   ret_  

[Prom (index 12)]
0:
      0   ldvar_  i
      5   [ <?> ] TypeOnce#182 (bit: #0)
     10   ret_  

[Prom (index 13)]
0:
      0   ldvar_  j
      5   [ <?> ] TypeOnce#186 (bit: #0)
     10   ret_  

[Prom (index 14)]
0:
      0   ldvar_  i
      5   [ <?> ] TypeOnce#194 (bit: #0)
     10   ret_  

[Prom (index 15)]
0:
      0   ldvar_  j
      5   [ <?> ] TypeOnce#198 (bit: #0)
     10   ret_  

[Prom (index 16)]
0:
      0   ldvar_  i
      5   [ <?> ] TypeOnce#206 (bit: #0)
     10   ret_  

[Prom (index 17)]
0:
      0   ldvar_  j
      5   [ <?> ] TypeOnce#210 (bit: #0)
     10   ret_  

[Prom (index 18)]
0:
      0   ldvar_  i
      5   [ <?> ] TypeOnce#218 (bit: #0)
     10   ret_  

[Prom (index 19)]
0:
      0   ldvar_  j
      5   [ <?> ] TypeOnce#222 (bit: #0)
     10   ret_  

[Prom (index 20)]
0:
      0   ldvar_  i
      5   [ <?> ] TypeOnce#230 (bit: #0)
     10   ret_  

[Prom (index 21)]
0:
      0   ldvar_  j
      5   [ <?> ] TypeOnce#234 (bit: #0)
     10   ret_  

[Prom (index 22)]
0:
      0   push_  1
      5   visible_  
      6   ldvar_  n_bodies
     11   [ <?> ] Type#243
     16   push_  1
     21   visible_  
     22   ; -(n_bodies, 1)
          sub_  
     23   [ <?> ] Type#244
     28   visible_  
     29   ; :(1, ((-(n_bodies, 1)))
          colon_  
     30   [ <?> ] Type#245
     35   ret_  

[Prom (index 23)]
0:
      0   ldfun_  min
      5   [ 0, <0>, valid  ] Call#3
     10   mk_promise_  0
     15   mk_promise_  1
     20   ; min(+(i, 1), n_bodies)
          call_  2
     37   [ <?> ] Type#249
     42   stvar_  j_from
     47   ldvar_  j_from
     52   force_  
     53   ldvar_  n_bodies
     58   [ <?> ] Type#251
     63   force_  
     64   ; :(j_from, n_bodies)
          colon_input_effects_  
     65   [ _ ] Test#45
     70   brtrue_  1
     75   ; :(j_from, n_bodies)
          colon_  
     76   ldfun_  for
     81   swap_  
     82   mk_eager_promise_  2
     87   mk_promise_  3
     92   ; for(j, :(j_from, n_bodies), {(<-(dx, -([[(body|...
          call_  2
    109   [ <?> ] Type#391
    114   br_  114
1:
    119   swap_  
    120   colon_cast_lhs_  
    121   [ <?> ] Type#392
    126   ensure_named_  
    127   swap_  
    128   colon_cast_rhs_  
    129   ensure_named_  
    130   [ <?> ] Type#393
    135   dup2_  
    136   ; NULL
          le_  
    137   [ _ ] Test#64
    142   brfalse_  2
    147   push_  1L
    152   br_  3
2:
    157   push_  -1L
3:
    162   swap_  
    163   pick_  2
    168   dup2_  
    169   ; NULL
          ne_  
    170   [ _ ] Test#65
    175   brfalse_  113
    180   dup_  
    181   stvar_  j
    186   pull_  2
    191   ensure_named_  
    192   ; NULL
          add_  
    193   ldvar_  body_x
    198   [ <?> ] Type#394
    203   dup_  
    204   is_  NonObject
    209   [ _ ] Test#66
    214   brfalse_  4
    219   br_  5
4:
    224   mk_promise_  4
    229   br_  6
5:
    234   ldvar_  i
    239   [ <?> ] TypeOnce#396 (bit: #0)
6:
    244   ; [[(body_x, i)
          extract2_1_  
    245   [ <?> ] Type#397
    250   visible_  
    251   ldvar_  body_x
    256   [ <?> ] Type#398
    261   dup_  
    262   is_  NonObject
    267   [ _ ] Test#67
    272   brfalse_  7
    277   br_  8
7:
    282   mk_promise_  5
    287   br_  9
8:
    292   ldvar_  j
    297   [ <?> ] TypeOnce#400 (bit: #1)
9:
    302   ; [[(body_x, j)
          extract2_1_  
    303   [ <?> ] Type#401
    308   visible_  
    309   ; -([[(body_x, i), [[(body_x, j))
          sub_  
    310   [ <?> ] Type#402
    315   stvar_  dx
    320   ldvar_  body_y
    325   [ <?> ] Type#403
    330   dup_  
    331   is_  NonObject
    336   [ _ ] Test#68
    341   brfalse_  10
    346   br_  11
10:
    351   mk_promise_  6
    356   br_  12
11:
    361   ldvar_  i
12:
    366   ; [[(body_y, i)
          extract2_1_  
    367   [ <?> ] Type#406
    372   visible_  
    373   ldvar_  body_y
    378   [ <?> ] Type#407
    383   dup_  
    384   is_  NonObject
    389   [ _ ] Test#69
    394   brfalse_  13
    399   br_  14
13:
    404   mk_promise_  7
    409   br_  15
14:
    414   ldvar_  j
15:
    419   ; [[(body_y, j)
          extract2_1_  
    420   [ <?> ] Type#410
    425   visible_  
    426   ; -([[(body_y, i), [[(body_y, j))
          sub_  
    427   [ <?> ] Type#411
    432   stvar_  dy
    437   ldvar_  body_z
    442   [ <?> ] Type#412
    447   dup_  
    448   is_  NonObject
    453   [ _ ] Test#70
    458   brfalse_  16
    463   br_  17
16:
    468   mk_promise_  8
    473   br_  18
17:
    478   ldvar_  i
18:
    483   ; [[(body_z, i)
          extract2_1_  
    484   [ <?> ] Type#415
    489   visible_  
    490   ldvar_  body_z
    495   [ <?> ] Type#416
    500   dup_  
    501   is_  NonObject
    506   [ _ ] Test#71
    511   brfalse_  19
    516   br_  20
19:
    521   mk_promise_  9
    526   br_  21
20:
    531   ldvar_  j
21:
    536   ; [[(body_z, j)
          extract2_1_  
    537   [ <?> ] Type#419
    542   visible_  
    543   ; -([[(body_z, i), [[(body_z, j))
          sub_  
    544   [ <?> ] Type#420
    549   stvar_  dz
    554   ldfun_  sqrt
    559   [ 0, <0>, valid  ] Call#5
    564   mk_promise_  a
    569   ; sqrt(+(+(*(dx, dx), *(dy, dy)), *(dz, dz)))
          call_  1
    586   [ <?> ] Type#432
    591   stvar_  distance
    596   ldvar_  dt
    601   [ <?> ] TypeOnce#433 (bit: #2)
    606   ldvar_  distance
    611   ldvar_  distance
    616   ; *(distance, distance)
          mul_  
    617   [ <?> ] Type#436
    622   ldvar_  distance
    627   ; *(*(distance, distance), distance)
          mul_  
    628   [ <?> ] Type#438
    633   visible_  
    634   ; /(dt, ((*(*(distance, distance), distance)))
          div_  
    635   [ <?> ] Type#439
    640   stvar_  mag
    645   ldvar_for_update_  body_vx
    650   set_shared_  
    651   pop_  
    652   ldvar_  body_vx
    657   [ <?> ] Type#440
    662   dup_  
    663   is_  NonObject
    668   [ _ ] Test#72
    673   brfalse_  22
    678   br_  23
22:
    683   mk_promise_  b
    688   br_  24
23:
    693   ldvar_  i
24:
    698   ; [[(body_vx, i)
          extract2_1_  
    699   [ <?> ] Type#443
    704   visible_  
    705   ldvar_  dx
    710   ldvar_  body_mass
    715   [ <?> ] Type#445
    720   dup_  
    721   is_  NonObject
    726   [ _ ] Test#73
    731   brfalse_  25
    736   br_  26
25:
    741   mk_promise_  c
    746   br_  27
26:
    751   ldvar_  j
27:
    756   ; [[(body_mass, j)
          extract2_1_  
    757   [ <?> ] Type#448
    762   visible_  
    763   ; *(dx, [[(body_mass, j))
          mul_  
    764   [ <?> ] Type#449
    769   ldvar_  mag
    774   ; *(*(dx, [[(body_mass, j)), mag)
          mul_  
    775   [ <?> ] Type#451
    780   ; -([[(body_vx, i), *(*(dx, [[(body_mass, j)), mag))
          sub_  
    781   [ <?> ] Type#452
    786   ldvar_super_  body_vx
    791   [ <?> ] Type#453
    796   ldvar_  i
    801   ; <<-([[(body_vx, i), -([[(body_vx, i), *(*(dx, |...
          subassign2_1_  
    802   stvar_super_  body_vx
    807   ldvar_for_update_  body_vy
    812   set_shared_  
    813   pop_  
    814   ldvar_  body_vy
    819   [ <?> ] Type#455
    824   dup_  
    825   is_  NonObject
    830   [ _ ] Test#74
    835   brfalse_  28
    840   br_  29
28:
    845   mk_promise_  d
    850   br_  30
29:
    855   ldvar_  i
30:
    860   ; [[(body_vy, i)
          extract2_1_  
    861   [ <?> ] Type#458
    866   visible_  
    867   ldvar_  dy
    872   ldvar_  body_mass
    877   [ <?> ] Type#460
    882   dup_  
    883   is_  NonObject
    888   [ _ ] Test#75
    893   brfalse_  31
    898   br_  32
31:
    903   mk_promise_  e
    908   br_  33
32:
    913   ldvar_  j
33:
    918   ; [[(body_mass, j)
          extract2_1_  
    919   [ <?> ] Type#463
    924   visible_  
    925   ; *(dy, [[(body_mass, j))
          mul_  
    926   [ <?> ] Type#464
    931   ldvar_  mag
    936   ; *(*(dy, [[(body_mass, j)), mag)
          mul_  
    937   [ <?> ] Type#466
    942   ; -([[(body_vy, i), *(*(dy, [[(body_mass, j)), mag))
          sub_  
    943   [ <?> ] Type#467
    948   ldvar_super_  body_vy
    953   [ <?> ] Type#468
    958   ldvar_  i
    963   ; <<-([[(body_vy, i), -([[(body_vy, i), *(*(dy, |...
          subassign2_1_  
    964   stvar_super_  body_vy
    969   ldvar_for_update_  body_vz
    974   set_shared_  
    975   pop_  
    976   ldvar_  body_vz
    981   [ <?> ] Type#470
    986   dup_  
    987   is_  NonObject
    992   [ _ ] Test#76
    997   brfalse_  34
   1002   br_  35
34:
   1007   mk_promise_  f
   1012   br_  36
35:
   1017   ldvar_  i
36:
   1022   ; [[(body_vz, i)
          extract2_1_  
   1023   [ <?> ] Type#473
   1028   visible_  
   1029   ldvar_  dz
   1034   ldvar_  body_mass
   1039   [ <?> ] Type#475
   1044   dup_  
   1045   is_  NonObject
   1050   [ _ ] Test#77
   1055   brfalse_  37
   1060   br_  38
37:
   1065   mk_promise_  10
   1070   br_  39
38:
   1075   ldvar_  j
39:
   1080   ; [[(body_mass, j)
          extract2_1_  
   1081   [ <?> ] Type#478
   1086   visible_  
   1087   ; *(dz, [[(body_mass, j))
          mul_  
   1088   [ <?> ] Type#479
   1093   ldvar_  mag
   1098   ; *(*(dz, [[(body_mass, j)), mag)
          mul_  
   1099   [ <?> ] Type#481
   1104   ; -([[(body_vz, i), *(*(dz, [[(body_mass, j)), mag))
          sub_  
   1105   [ <?> ] Type#482
   1110   ldvar_super_  body_vz
   1115   [ <?> ] Type#483
   1120   ldvar_  i
   1125   ; <<-([[(body_vz, i), -([[(body_vz, i), *(*(dz, |...
          subassign2_1_  
   1126   stvar_super_  body_vz
   1131   ldvar_for_update_  body_vx
   1136   set_shared_  
   1137   pop_  
   1138   ldvar_  body_vx
   1143   [ <?> ] Type#485
   1148   dup_  
   1149   is_  NonObject
   1154   [ _ ] Test#78
   1159   brfalse_  40
   1164   br_  41
40:
   1169   mk_promise_  11
   1174   br_  42
41:
   1179   ldvar_  j
42:
   1184   ; [[(body_vx, j)
          extract2_1_  
   1185   [ <?> ] Type#488
   1190   visible_  
   1191   ldvar_  dx
   1196   ldvar_  body_mass
   1201   [ <?> ] Type#490
   1206   dup_  
   1207   is_  NonObject
   1212   [ _ ] Test#79
   1217   brfalse_  43
   1222   br_  44
43:
   1227   mk_promise_  12
   1232   br_  45
44:
   1237   ldvar_  i
45:
   1242   ; [[(body_mass, i)
          extract2_1_  
   1243   [ <?> ] Type#493
   1248   visible_  
   1249   ; *(dx, [[(body_mass, i))
          mul_  
   1250   [ <?> ] Type#494
   1255   ldvar_  mag
   1260   ; *(*(dx, [[(body_mass, i)), mag)
          mul_  
   1261   [ <?> ] Type#496
   1266   ; +([[(body_vx, j), *(*(dx, [[(body_mass, i)), mag))
          add_  
   1267   [ <?> ] Type#497
   1272   ldvar_super_  body_vx
   1277   [ <?> ] Type#498
   1282   ldvar_  j
   1287   ; <<-([[(body_vx, j), +([[(body_vx, j), *(*(dx, |...
          subassign2_1_  
   1288   stvar_super_  body_vx
   1293   ldvar_for_update_  body_vy
   1298   set_shared_  
   1299   pop_  
   1300   ldvar_  body_vy
   1305   [ <?> ] Type#500
   1310   dup_  
   1311   is_  NonObject
   1316   [ _ ] Test#80
   1321   brfalse_  46
   1326   br_  47
46:
   1331   mk_promise_  13
   1336   br_  48
47:
   1341   ldvar_  j
48:
   1346   ; [[(body_vy, j)
          extract2_1_  
   1347   [ <?> ] Type#503
   1352   visible_  
   1353   ldvar_  dy
   1358   ldvar_  body_mass
   1363   [ <?> ] Type#505
   1368   dup_  
   1369   is_  NonObject
   1374   [ _ ] Test#81
   1379   brfalse_  49
   1384   br_  50
49:
   1389   mk_promise_  14
   1394   br_  51
50:
   1399   ldvar_  i
51:
   1404   ; [[(body_mass, i)
          extract2_1_  
   1405   [ <?> ] Type#508
   1410   visible_  
   1411   ; *(dy, [[(body_mass, i))
          mul_  
   1412   [ <?> ] Type#509
   1417   ldvar_  mag
   1422   ; *(*(dy, [[(body_mass, i)), mag)
          mul_  
   1423   [ <?> ] Type#511
   1428   ; +([[(body_vy, j), *(*(dy, [[(body_mass, i)), mag))
          add_  
   1429   [ <?> ] Type#512
   1434   ldvar_super_  body_vy
   1439   [ <?> ] Type#513
   1444   ldvar_  j
   1449   ; <<-([[(body_vy, j), +([[(body_vy, j), *(*(dy, |...
          subassign2_1_  
   1450   stvar_super_  body_vy
   1455   ldvar_for_update_  body_vz
   1460   set_shared_  
   1461   pop_  
   1462   ldvar_  body_vz
   1467   [ <?> ] Type#515
   1472   dup_  
   1473   is_  NonObject
   1478   [ _ ] Test#82
   1483   brfalse_  52
   1488   br_  53
52:
   1493   mk_promise_  15
   1498   br_  54
53:
   1503   ldvar_  j
54:
   1508   ; [[(body_vz, j)
          extract2_1_  
   1509   [ <?> ] Type#518
   1514   visible_  
   1515   ldvar_  dz
   1520   ldvar_  body_mass
   1525   [ <?> ] Type#520
   1530   dup_  
   1531   is_  NonObject
   1536   [ _ ] Test#83
   1541   brfalse_  55
   1546   br_  56
55:
   1551   mk_promise_  16
   1556   br_  57
56:
   1561   ldvar_  i
57:
   1566   ; [[(body_mass, i)
          extract2_1_  
   1567   [ <?> ] Type#523
   1572   visible_  
   1573   ; *(dz, [[(body_mass, i))
          mul_  
   1574   [ <?> ] Type#524
   1579   ldvar_  mag
   1584   ; *(*(dz, [[(body_mass, i)), mag)
          mul_  
   1585   [ <?> ] Type#526
   1590   ; +([[(body_vz, j), *(*(dz, [[(body_mass, i)), mag))
          add_  
   1591   [ <?> ] Type#527
   1596   ldvar_super_  body_vz
   1601   [ <?> ] Type#528
   1606   ldvar_  j
   1611   ; <<-([[(body_vz, j), +([[(body_vz, j), *(*(dz, |...
          subassign2_1_  
   1612   stvar_super_  body_vz
58:
   1617   dup2_  
   1618   ; NULL
          ne_  
   1619   brfalse_  113
   1624   dup_  
   1625   stvar_  j
   1630   pull_  2
   1635   ensure_named_  
   1636   ; NULL
          add_  
   1637   ldvar_  body_x
   1642   [ <?> ] Type#530
   1647   dup_  
   1648   is_  NonObject
   1653   [ _ ] Test#84
   1658   brfalse_  59
   1663   br_  60
59:
   1668   mk_promise_  17
   1673   br_  61
60:
   1678   ldvar_  i
   1683   [ <?> ] TypeOnce#532 (bit: #3)
61:
   1688   ; [[(body_x, i)
          extract2_1_  
   1689   [ <?> ] Type#533
   1694   visible_  
   1695   ldvar_  body_x
   1700   [ <?> ] Type#534
   1705   dup_  
   1706   is_  NonObject
   1711   [ _ ] Test#85
   1716   brfalse_  62
   1721   br_  63
62:
   1726   mk_promise_  18
   1731   br_  64
63:
   1736   ldvar_  j
   1741   [ <?> ] TypeOnce#536 (bit: #4)
64:
   1746   ; [[(body_x, j)
          extract2_1_  
   1747   [ <?> ] Type#537
   1752   visible_  
   1753   ; -([[(body_x, i), [[(body_x, j))
          sub_  
   1754   [ <?> ] Type#538
   1759   stvar_  dx
   1764   ldvar_  body_y
   1769   [ <?> ] Type#539
   1774   dup_  
   1775   is_  NonObject
   1780   [ _ ] Test#86
   1785   brfalse_  65
   1790   br_  66
65:
   1795   mk_promise_  19
   1800   br_  67
66:
   1805   ldvar_  i
67:
   1810   ; [[(body_y, i)
          extract2_1_  
   1811   [ <?> ] Type#542
   1816   visible_  
   1817   ldvar_  body_y
   1822   [ <?> ] Type#543
   1827   dup_  
   1828   is_  NonObject
   1833   [ _ ] Test#87
   1838   brfalse_  68
   1843   br_  69
68:
   1848   mk_promise_  1a
   1853   br_  70
69:
   1858   ldvar_  j
70:
   1863   ; [[(body_y, j)
          extract2_1_  
   1864   [ <?> ] Type#546
   1869   visible_  
   1870   ; -([[(body_y, i), [[(body_y, j))
          sub_  
   1871   [ <?> ] Type#547
   1876   stvar_  dy
   1881   ldvar_  body_z
   1886   [ <?> ] Type#548
   1891   dup_  
   1892   is_  NonObject
   1897   [ _ ] Test#88
   1902   brfalse_  71
   1907   br_  72
71:
   1912   mk_promise_  1b
   1917   br_  73
72:
   1922   ldvar_  i
73:
   1927   ; [[(body_z, i)
          extract2_1_  
   1928   [ <?> ] Type#551
   1933   visible_  
   1934   ldvar_  body_z
   1939   [ <?> ] Type#552
   1944   dup_  
   1945   is_  NonObject
   1950   [ _ ] Test#89
   1955   brfalse_  74
   1960   br_  75
74:
   1965   mk_promise_  1c
   1970   br_  76
75:
   1975   ldvar_  j
76:
   1980   ; [[(body_z, j)
          extract2_1_  
   1981   [ <?> ] Type#555
   1986   visible_  
   1987   ; -([[(body_z, i), [[(body_z, j))
          sub_  
   1988   [ <?> ] Type#556
   1993   stvar_  dz
   1998   ldfun_  sqrt
   2003   [ 0, <0>, valid  ] Call#6
   2008   mk_promise_  1d
   2013   ; sqrt(+(+(*(dx, dx), *(dy, dy)), *(dz, dz)))
          call_  1
   2030   [ <?> ] Type#568
   2035   stvar_  distance
   2040   ldvar_  dt
   2045   [ <?> ] TypeOnce#569 (bit: #5)
   2050   ldvar_  distance
   2055   ldvar_  distance
   2060   ; *(distance, distance)
          mul_  
   2061   [ <?> ] Type#572
   2066   ldvar_  distance
   2071   ; *(*(distance, distance), distance)
          mul_  
   2072   [ <?> ] Type#574
   2077   visible_  
   2078   ; /(dt, ((*(*(distance, distance), distance)))
          div_  
   2079   [ <?> ] Type#575
   2084   stvar_  mag
   2089   ldvar_for_update_  body_vx
   2094   set_shared_  
   2095   pop_  
   2096   ldvar_  body_vx
   2101   [ <?> ] Type#576
   2106   dup_  
   2107   is_  NonObject
   2112   [ _ ] Test#90
   2117   brfalse_  77
   2122   br_  78
77:
   2127   mk_promise_  1e
   2132   br_  79
78:
   2137   ldvar_  i
79:
   2142   ; [[(body_vx, i)
          extract2_1_  
   2143   [ <?> ] Type#579
   2148   visible_  
   2149   ldvar_  dx
   2154   ldvar_  body_mass
   2159   [ <?> ] Type#581
   2164   dup_  
   2165   is_  NonObject
   2170   [ _ ] Test#91
   2175   brfalse_  80
   2180   br_  81
80:
   2185   mk_promise_  1f
   2190   br_  82
81:
   2195   ldvar_  j
82:
   2200   ; [[(body_mass, j)
          extract2_1_  
   2201   [ <?> ] Type#584
   2206   visible_  
   2207   ; *(dx, [[(body_mass, j))
          mul_  
   2208   [ <?> ] Type#585
   2213   ldvar_  mag
   2218   ; *(*(dx, [[(body_mass, j)), mag)
          mul_  
   2219   [ <?> ] Type#587
   2224   ; -([[(body_vx, i), *(*(dx, [[(body_mass, j)), mag))
          sub_  
   2225   [ <?> ] Type#588
   2230   ldvar_super_  body_vx
   2235   [ <?> ] Type#589
   2240   ldvar_  i
   2245   ; <<-([[(body_vx, i), -([[(body_vx, i), *(*(dx, |...
          subassign2_1_  
   2246   stvar_super_  body_vx
   2251   ldvar_for_update_  body_vy
   2256   set_shared_  
   2257   pop_  
   2258   ldvar_  body_vy
   2263   [ <?> ] Type#591
   2268   dup_  
   2269   is_  NonObject
   2274   [ _ ] Test#92
   2279   brfalse_  83
   2284   br_  84
83:
   2289   mk_promise_  20
   2294   br_  85
84:
   2299   ldvar_  i
85:
   2304   ; [[(body_vy, i)
          extract2_1_  
   2305   [ <?> ] Type#594
   2310   visible_  
   2311   ldvar_  dy
   2316   ldvar_  body_mass
   2321   [ <?> ] Type#596
   2326   dup_  
   2327   is_  NonObject
   2332   [ _ ] Test#93
   2337   brfalse_  86
   2342   br_  87
86:
   2347   mk_promise_  21
   2352   br_  88
87:
   2357   ldvar_  j
88:
   2362   ; [[(body_mass, j)
          extract2_1_  
   2363   [ <?> ] Type#599
   2368   visible_  
   2369   ; *(dy, [[(body_mass, j))
          mul_  
   2370   [ <?> ] Type#600
   2375   ldvar_  mag
   2380   ; *(*(dy, [[(body_mass, j)), mag)
          mul_  
   2381   [ <?> ] Type#602
   2386   ; -([[(body_vy, i), *(*(dy, [[(body_mass, j)), mag))
          sub_  
   2387   [ <?> ] Type#603
   2392   ldvar_super_  body_vy
   2397   [ <?> ] Type#604
   2402   ldvar_  i
   2407   ; <<-([[(body_vy, i), -([[(body_vy, i), *(*(dy, |...
          subassign2_1_  
   2408   stvar_super_  body_vy
   2413   ldvar_for_update_  body_vz
   2418   set_shared_  
   2419   pop_  
   2420   ldvar_  body_vz
   2425   [ <?> ] Type#606
   2430   dup_  
   2431   is_  NonObject
   2436   [ _ ] Test#94
   2441   brfalse_  89
   2446   br_  90
89:
   2451   mk_promise_  22
   2456   br_  91
90:
   2461   ldvar_  i
91:
   2466   ; [[(body_vz, i)
          extract2_1_  
   2467   [ <?> ] Type#609
   2472   visible_  
   2473   ldvar_  dz
   2478   ldvar_  body_mass
   2483   [ <?> ] Type#611
   2488   dup_  
   2489   is_  NonObject
   2494   [ _ ] Test#95
   2499   brfalse_  92
   2504   br_  93
92:
   2509   mk_promise_  23
   2514   br_  94
93:
   2519   ldvar_  j
94:
   2524   ; [[(body_mass, j)
          extract2_1_  
   2525   [ <?> ] Type#614
   2530   visible_  
   2531   ; *(dz, [[(body_mass, j))
          mul_  
   2532   [ <?> ] Type#615
   2537   ldvar_  mag
   2542   ; *(*(dz, [[(body_mass, j)), mag)
          mul_  
   2543   [ <?> ] Type#617
   2548   ; -([[(body_vz, i), *(*(dz, [[(body_mass, j)), mag))
          sub_  
   2549   [ <?> ] Type#618
   2554   ldvar_super_  body_vz
   2559   [ <?> ] Type#619
   2564   ldvar_  i
   2569   ; <<-([[(body_vz, i), -([[(body_vz, i), *(*(dz, |...
          subassign2_1_  
   2570   stvar_super_  body_vz
   2575   ldvar_for_update_  body_vx
   2580   set_shared_  
   2581   pop_  
   2582   ldvar_  body_vx
   2587   [ <?> ] Type#621
   2592   dup_  
   2593   is_  NonObject
   2598   [ _ ] Test#96
   2603   brfalse_  95
   2608   br_  96
95:
   2613   mk_promise_  24
   2618   br_  97
96:
   2623   ldvar_  j
97:
   2628   ; [[(body_vx, j)
          extract2_1_  
   2629   [ <?> ] Type#624
   2634   visible_  
   2635   ldvar_  dx
   2640   ldvar_  body_mass
   2645   [ <?> ] Type#626
   2650   dup_  
   2651   is_  NonObject
   2656   [ _ ] Test#97
   2661   brfalse_  98
   2666   br_  99
98:
   2671   mk_promise_  25
   2676   br_  100
99:
   2681   ldvar_  i
100:
   2686   ; [[(body_mass, i)
          extract2_1_  
   2687   [ <?> ] Type#629
   2692   visible_  
   2693   ; *(dx, [[(body_mass, i))
          mul_  
   2694   [ <?> ] Type#630
   2699   ldvar_  mag
   2704   ; *(*(dx, [[(body_mass, i)), mag)
          mul_  
   2705   [ <?> ] Type#632
   2710   ; +([[(body_vx, j), *(*(dx, [[(body_mass, i)), mag))
          add_  
   2711   [ <?> ] Type#633
   2716   ldvar_super_  body_vx
   2721   [ <?> ] Type#634
   2726   ldvar_  j
   2731   ; <<-([[(body_vx, j), +([[(body_vx, j), *(*(dx, |...
          subassign2_1_  
   2732   stvar_super_  body_vx
   2737   ldvar_for_update_  body_vy
   2742   set_shared_  
   2743   pop_  
   2744   ldvar_  body_vy
   2749   [ <?> ] Type#636
   2754   dup_  
   2755   is_  NonObject
   2760   [ _ ] Test#98
   2765   brfalse_  101
   2770   br_  102
101:
   2775   mk_promise_  26
   2780   br_  103
102:
   2785   ldvar_  j
103:
   2790   ; [[(body_vy, j)
          extract2_1_  
   2791   [ <?> ] Type#639
   2796   visible_  
   2797   ldvar_  dy
   2802   ldvar_  body_mass
   2807   [ <?> ] Type#641
   2812   dup_  
   2813   is_  NonObject
   2818   [ _ ] Test#99
   2823   brfalse_  104
   2828   br_  105
104:
   2833   mk_promise_  27
   2838   br_  106
105:
   2843   ldvar_  i
106:
   2848   ; [[(body_mass, i)
          extract2_1_  
   2849   [ <?> ] Type#644
   2854   visible_  
   2855   ; *(dy, [[(body_mass, i))
          mul_  
   2856   [ <?> ] Type#645
   2861   ldvar_  mag
   2866   ; *(*(dy, [[(body_mass, i)), mag)
          mul_  
   2867   [ <?> ] Type#647
   2872   ; +([[(body_vy, j), *(*(dy, [[(body_mass, i)), mag))
          add_  
   2873   [ <?> ] Type#648
   2878   ldvar_super_  body_vy
   2883   [ <?> ] Type#649
   2888   ldvar_  j
   2893   ; <<-([[(body_vy, j), +([[(body_vy, j), *(*(dy, |...
          subassign2_1_  
   2894   stvar_super_  body_vy
   2899   ldvar_for_update_  body_vz
   2904   set_shared_  
   2905   pop_  
   2906   ldvar_  body_vz
   2911   [ <?> ] Type#651
   2916   dup_  
   2917   is_  NonObject
   2922   [ _ ] Test#100
   2927   brfalse_  107
   2932   br_  108
107:
   2937   mk_promise_  28
   2942   br_  109
108:
   2947   ldvar_  j
109:
   2952   ; [[(body_vz, j)
          extract2_1_  
   2953   [ <?> ] Type#654
   2958   visible_  
   2959   ldvar_  dz
   2964   ldvar_  body_mass
   2969   [ <?> ] Type#656
   2974   dup_  
   2975   is_  NonObject
   2980   [ _ ] Test#101
   2985   brfalse_  110
   2990   br_  111
110:
   2995   mk_promise_  29
   3000   br_  112
111:
   3005   ldvar_  i
112:
   3010   ; [[(body_mass, i)
          extract2_1_  
   3011   [ <?> ] Type#659
   3016   visible_  
   3017   ; *(dz, [[(body_mass, i))
          mul_  
   3018   [ <?> ] Type#660
   3023   ldvar_  mag
   3028   ; *(*(dz, [[(body_mass, i)), mag)
          mul_  
   3029   [ <?> ] Type#662
   3034   ; +([[(body_vz, j), *(*(dz, [[(body_mass, i)), mag))
          add_  
   3035   [ <?> ] Type#663
   3040   ldvar_super_  body_vz
   3045   [ <?> ] Type#664
   3050   ldvar_  j
   3055   ; <<-([[(body_vz, j), +([[(body_vz, j), *(*(dz, |...
          subassign2_1_  
   3056   stvar_super_  body_vz
   3061   br_  58
113:
   3066   popn_  3
   3071   push_  NULL
   3076   invisible_  
114:
   3077   ret_  

[Prom (index 23.0)]
0:
      0   ldvar_  i
      5   [ <?> ] Type#246
     10   push_  1
     15   visible_  
     16   ; +(i, 1)
          add_  
     17   [ <?> ] Type#247
     22   ret_  

[Prom (index 23.1)]
0:
      0   ldvar_  n_bodies
      5   [ <?> ] Type#248
     10   ret_  

[Prom (index 23.2)]
0:
      0   ldvar_  j_from
      5   [ <?> ] Type#252
     10   ldvar_  n_bodies
     15   [ <?> ] Type#253
     20   ; :(j_from, n_bodies)
          colon_  
     21   [ <?> ] Type#254
     26   ret_  

[Prom (index 23.3)]
0:
      0   ldvar_  body_x
      5   [ <?> ] Type#255
     10   dup_  
     11   is_  NonObject
     16   [ _ ] Test#46
     21   brfalse_  1
     26   br_  2
1:
     31   mk_promise_  0
     36   br_  3
2:
     41   ldvar_  i
     46   [ <?> ] Type#257
3:
     51   ; [[(body_x, i)
          extract2_1_  
     52   [ <?> ] Type#258
     57   visible_  
     58   ldvar_  body_x
     63   [ <?> ] Type#259
     68   dup_  
     69   is_  NonObject
     74   [ _ ] Test#47
     79   brfalse_  4
     84   br_  5
4:
     89   mk_promise_  1
     94   br_  6
5:
     99   ldvar_  j
    104   [ <?> ] Type#261
6:
    109   ; [[(body_x, j)
          extract2_1_  
    110   [ <?> ] Type#262
    115   visible_  
    116   ; -([[(body_x, i), [[(body_x, j))
          sub_  
    117   [ <?> ] Type#263
    122   stvar_  dx
    127   ldvar_  body_y
    132   [ <?> ] Type#264
    137   dup_  
    138   is_  NonObject
    143   [ _ ] Test#48
    148   brfalse_  7
    153   br_  8
7:
    158   mk_promise_  2
    163   br_  9
8:
    168   ldvar_  i
9:
    173   ; [[(body_y, i)
          extract2_1_  
    174   [ <?> ] Type#267
    179   visible_  
    180   ldvar_  body_y
    185   [ <?> ] Type#268
    190   dup_  
    191   is_  NonObject
    196   [ _ ] Test#49
    201   brfalse_  10
    206   br_  11
10:
    211   mk_promise_  3
    216   br_  12
11:
    221   ldvar_  j
12:
    226   ; [[(body_y, j)
          extract2_1_  
    227   [ <?> ] Type#271
    232   visible_  
    233   ; -([[(body_y, i), [[(body_y, j))
          sub_  
    234   [ <?> ] Type#272
    239   stvar_  dy
    244   ldvar_  body_z
    249   [ <?> ] Type#273
    254   dup_  
    255   is_  NonObject
    260   [ _ ] Test#50
    265   brfalse_  13
    270   br_  14
13:
    275   mk_promise_  4
    280   br_  15
14:
    285   ldvar_  i
15:
    290   ; [[(body_z, i)
          extract2_1_  
    291   [ <?> ] Type#276
    296   visible_  
    297   ldvar_  body_z
    302   [ <?> ] Type#277
    307   dup_  
    308   is_  NonObject
    313   [ _ ] Test#51
    318   brfalse_  16
    323   br_  17
16:
    328   mk_promise_  5
    333   br_  18
17:
    338   ldvar_  j
18:
    343   ; [[(body_z, j)
          extract2_1_  
    344   [ <?> ] Type#280
    349   visible_  
    350   ; -([[(body_z, i), [[(body_z, j))
          sub_  
    351   [ <?> ] Type#281
    356   stvar_  dz
    361   ldfun_  sqrt
    366   [ 0, <0>, valid  ] Call#4
    371   mk_promise_  6
    376   ; sqrt(+(+(*(dx, dx), *(dy, dy)), *(dz, dz)))
          call_  1
    393   [ <?> ] Type#293
    398   stvar_  distance
    403   ldvar_  dt
    408   [ <?> ] Type#294
    413   ldvar_  distance
    418   ldvar_  distance
    423   ; *(distance, distance)
          mul_  
    424   [ <?> ] Type#297
    429   ldvar_  distance
    434   ; *(*(distance, distance), distance)
          mul_  
    435   [ <?> ] Type#299
    440   visible_  
    441   ; /(dt, ((*(*(distance, distance), distance)))
          div_  
    442   [ <?> ] Type#300
    447   stvar_  mag
    452   ldvar_for_update_  body_vx
    457   set_shared_  
    458   pop_  
    459   ldvar_  body_vx
    464   [ <?> ] Type#301
    469   dup_  
    470   is_  NonObject
    475   [ _ ] Test#52
    480   brfalse_  19
    485   br_  20
19:
    490   mk_promise_  7
    495   br_  21
20:
    500   ldvar_  i
21:
    505   ; [[(body_vx, i)
          extract2_1_  
    506   [ <?> ] Type#304
    511   visible_  
    512   ldvar_  dx
    517   ldvar_  body_mass
    522   [ <?> ] Type#306
    527   dup_  
    528   is_  NonObject
    533   [ _ ] Test#53
    538   brfalse_  22
    543   br_  23
22:
    548   mk_promise_  8
    553   br_  24
23:
    558   ldvar_  j
24:
    563   ; [[(body_mass, j)
          extract2_1_  
    564   [ <?> ] Type#309
    569   visible_  
    570   ; *(dx, [[(body_mass, j))
          mul_  
    571   [ <?> ] Type#310
    576   ldvar_  mag
    581   ; *(*(dx, [[(body_mass, j)), mag)
          mul_  
    582   [ <?> ] Type#312
    587   ; -([[(body_vx, i), *(*(dx, [[(body_mass, j)), mag))
          sub_  
    588   [ <?> ] Type#313
    593   ldvar_super_  body_vx
    598   [ <?> ] Type#314
    603   ldvar_  i
    608   ; <<-([[(body_vx, i), -([[(body_vx, i), *(*(dx, |...
          subassign2_1_  
    609   stvar_super_  body_vx
    614   ldvar_for_update_  body_vy
    619   set_shared_  
    620   pop_  
    621   ldvar_  body_vy
    626   [ <?> ] Type#316
    631   dup_  
    632   is_  NonObject
    637   [ _ ] Test#54
    642   brfalse_  25
    647   br_  26
25:
    652   mk_promise_  9
    657   br_  27
26:
    662   ldvar_  i
27:
    667   ; [[(body_vy, i)
          extract2_1_  
    668   [ <?> ] Type#319
    673   visible_  
    674   ldvar_  dy
    679   ldvar_  body_mass
    684   [ <?> ] Type#321
    689   dup_  
    690   is_  NonObject
    695   [ _ ] Test#55
    700   brfalse_  28
    705   br_  29
28:
    710   mk_promise_  a
    715   br_  30
29:
    720   ldvar_  j
30:
    725   ; [[(body_mass, j)
          extract2_1_  
    726   [ <?> ] Type#324
    731   visible_  
    732   ; *(dy, [[(body_mass, j))
          mul_  
    733   [ <?> ] Type#325
    738   ldvar_  mag
    743   ; *(*(dy, [[(body_mass, j)), mag)
          mul_  
    744   [ <?> ] Type#327
    749   ; -([[(body_vy, i), *(*(dy, [[(body_mass, j)), mag))
          sub_  
    750   [ <?> ] Type#328
    755   ldvar_super_  body_vy
    760   [ <?> ] Type#329
    765   ldvar_  i
    770   ; <<-([[(body_vy, i), -([[(body_vy, i), *(*(dy, |...
          subassign2_1_  
    771   stvar_super_  body_vy
    776   ldvar_for_update_  body_vz
    781   set_shared_  
    782   pop_  
    783   ldvar_  body_vz
    788   [ <?> ] Type#331
    793   dup_  
    794   is_  NonObject
    799   [ _ ] Test#56
    804   brfalse_  31
    809   br_  32
31:
    814   mk_promise_  b
    819   br_  33
32:
    824   ldvar_  i
33:
    829   ; [[(body_vz, i)
          extract2_1_  
    830   [ <?> ] Type#334
    835   visible_  
    836   ldvar_  dz
    841   ldvar_  body_mass
    846   [ <?> ] Type#336
    851   dup_  
    852   is_  NonObject
    857   [ _ ] Test#57
    862   brfalse_  34
    867   br_  35
34:
    872   mk_promise_  c
    877   br_  36
35:
    882   ldvar_  j
36:
    887   ; [[(body_mass, j)
          extract2_1_  
    888   [ <?> ] Type#339
    893   visible_  
    894   ; *(dz, [[(body_mass, j))
          mul_  
    895   [ <?> ] Type#340
    900   ldvar_  mag
    905   ; *(*(dz, [[(body_mass, j)), mag)
          mul_  
    906   [ <?> ] Type#342
    911   ; -([[(body_vz, i), *(*(dz, [[(body_mass, j)), mag))
          sub_  
    912   [ <?> ] Type#343
    917   ldvar_super_  body_vz
    922   [ <?> ] Type#344
    927   ldvar_  i
    932   ; <<-([[(body_vz, i), -([[(body_vz, i), *(*(dz, |...
          subassign2_1_  
    933   stvar_super_  body_vz
    938   ldvar_for_update_  body_vx
    943   set_shared_  
    944   pop_  
    945   ldvar_  body_vx
    950   [ <?> ] Type#346
    955   dup_  
    956   is_  NonObject
    961   [ _ ] Test#58
    966   brfalse_  37
    971   br_  38
37:
    976   mk_promise_  d
    981   br_  39
38:
    986   ldvar_  j
39:
    991   ; [[(body_vx, j)
          extract2_1_  
    992   [ <?> ] Type#349
    997   visible_  
    998   ldvar_  dx
   1003   ldvar_  body_mass
   1008   [ <?> ] Type#351
   1013   dup_  
   1014   is_  NonObject
   1019   [ _ ] Test#59
   1024   brfalse_  40
   1029   br_  41
40:
   1034   mk_promise_  e
   1039   br_  42
41:
   1044   ldvar_  i
42:
   1049   ; [[(body_mass, i)
          extract2_1_  
   1050   [ <?> ] Type#354
   1055   visible_  
   1056   ; *(dx, [[(body_mass, i))
          mul_  
   1057   [ <?> ] Type#355
   1062   ldvar_  mag
   1067   ; *(*(dx, [[(body_mass, i)), mag)
          mul_  
   1068   [ <?> ] Type#357
   1073   ; +([[(body_vx, j), *(*(dx, [[(body_mass, i)), mag))
          add_  
   1074   [ <?> ] Type#358
   1079   ldvar_super_  body_vx
   1084   [ <?> ] Type#359
   1089   ldvar_  j
   1094   ; <<-([[(body_vx, j), +([[(body_vx, j), *(*(dx, |...
          subassign2_1_  
   1095   stvar_super_  body_vx
   1100   ldvar_for_update_  body_vy
   1105   set_shared_  
   1106   pop_  
   1107   ldvar_  body_vy
   1112   [ <?> ] Type#361
   1117   dup_  
   1118   is_  NonObject
   1123   [ _ ] Test#60
   1128   brfalse_  43
   1133   br_  44
43:
   1138   mk_promise_  f
   1143   br_  45
44:
   1148   ldvar_  j
45:
   1153   ; [[(body_vy, j)
          extract2_1_  
   1154   [ <?> ] Type#364
   1159   visible_  
   1160   ldvar_  dy
   1165   ldvar_  body_mass
   1170   [ <?> ] Type#366
   1175   dup_  
   1176   is_  NonObject
   1181   [ _ ] Test#61
   1186   brfalse_  46
   1191   br_  47
46:
   1196   mk_promise_  10
   1201   br_  48
47:
   1206   ldvar_  i
48:
   1211   ; [[(body_mass, i)
          extract2_1_  
   1212   [ <?> ] Type#369
   1217   visible_  
   1218   ; *(dy, [[(body_mass, i))
          mul_  
   1219   [ <?> ] Type#370
   1224   ldvar_  mag
   1229   ; *(*(dy, [[(body_mass, i)), mag)
          mul_  
   1230   [ <?> ] Type#372
   1235   ; +([[(body_vy, j), *(*(dy, [[(body_mass, i)), mag))
          add_  
   1236   [ <?> ] Type#373
   1241   ldvar_super_  body_vy
   1246   [ <?> ] Type#374
   1251   ldvar_  j
   1256   ; <<-([[(body_vy, j), +([[(body_vy, j), *(*(dy, |...
          subassign2_1_  
   1257   stvar_super_  body_vy
   1262   ldvar_for_update_  body_vz
   1267   set_shared_  
   1268   pop_  
   1269   ldvar_  body_vz
   1274   [ <?> ] Type#376
   1279   dup_  
   1280   is_  NonObject
   1285   [ _ ] Test#62
   1290   brfalse_  49
   1295   br_  50
49:
   1300   mk_promise_  11
   1305   br_  51
50:
   1310   ldvar_  j
51:
   1315   ; [[(body_vz, j)
          extract2_1_  
   1316   [ <?> ] Type#379
   1321   visible_  
   1322   ldvar_  dz
   1327   ldvar_  body_mass
   1332   [ <?> ] Type#381
   1337   dup_  
   1338   is_  NonObject
   1343   [ _ ] Test#63
   1348   brfalse_  52
   1353   br_  53
52:
   1358   mk_promise_  12
   1363   br_  54
53:
   1368   ldvar_  i
54:
   1373   ; [[(body_mass, i)
          extract2_1_  
   1374   [ <?> ] Type#384
   1379   visible_  
   1380   ; *(dz, [[(body_mass, i))
          mul_  
   1381   [ <?> ] Type#385
   1386   ldvar_  mag
   1391   ; *(*(dz, [[(body_mass, i)), mag)
          mul_  
   1392   [ <?> ] Type#387
   1397   ; +([[(body_vz, j), *(*(dz, [[(body_mass, i)), mag))
          add_  
   1398   [ <?> ] Type#388
   1403   dup_  
   1404   set_shared_  
   1405   ldvar_super_  body_vz
   1410   [ <?> ] Type#389
   1415   ldvar_  j
   1420   ; <<-([[(body_vz, j), +([[(body_vz, j), *(*(dz, |...
          subassign2_1_  
   1421   stvar_super_  body_vz
   1426   invisible_  
   1427   ret_  

[Prom (index 23.3.0)]
0:
      0   ldvar_  i
      5   [ <?> ] Type#256
     10   ret_  

[Prom (index 23.3.1)]
0:
      0   ldvar_  j
      5   [ <?> ] Type#260
     10   ret_  

[Prom (index 23.3.2)]
0:
      0   ldvar_  i
      5   [ <?> ] Type#265
     10   ret_  

[Prom (index 23.3.3)]
0:
      0   ldvar_  j
      5   [ <?> ] Type#269
     10   ret_  

[Prom (index 23.3.4)]
0:
      0   ldvar_  i
      5   [ <?> ] Type#274
     10   ret_  

[Prom (index 23.3.5)]
0:
      0   ldvar_  j
      5   [ <?> ] Type#278
     10   ret_  

[Prom (index 23.3.6)]
0:
      0   ldvar_  dx
      5   [ <?> ] Type#282
     10   ldvar_  dx
     15   ; *(dx, dx)
          mul_  
     16   [ <?> ] Type#284
     21   ldvar_  dy
     26   [ <?> ] Type#285
     31   ldvar_  dy
     36   ; *(dy, dy)
          mul_  
     37   [ <?> ] Type#287
     42   ; +(*(dx, dx), *(dy, dy))
          add_  
     43   [ <?> ] Type#288
     48   ldvar_  dz
     53   [ <?> ] Type#289
     58   ldvar_  dz
     63   ; *(dz, dz)
          mul_  
     64   [ <?> ] Type#291
     69   ; +(+(*(dx, dx), *(dy, dy)), *(dz, dz))
          add_  
     70   [ <?> ] Type#292
     75   ret_  

[Prom (index 23.3.7)]
0:
      0   ldvar_  i
      5   [ <?> ] Type#302
     10   ret_  

[Prom (index 23.3.8)]
0:
      0   ldvar_  j
      5   [ <?> ] Type#307
     10   ret_  

[Prom (index 23.3.9)]
0:
      0   ldvar_  i
      5   [ <?> ] Type#317
     10   ret_  

[Prom (index 23.3.10)]
0:
      0   ldvar_  j
      5   [ <?> ] Type#322
     10   ret_  

[Prom (index 23.3.11)]
0:
      0   ldvar_  i
      5   [ <?> ] Type#332
     10   ret_  

[Prom (index 23.3.12)]
0:
      0   ldvar_  j
      5   [ <?> ] Type#337
     10   ret_  

[Prom (index 23.3.13)]
0:
      0   ldvar_  j
      5   [ <?> ] Type#347
     10   ret_  

[Prom (index 23.3.14)]
0:
      0   ldvar_  i
      5   [ <?> ] Type#352
     10   ret_  

[Prom (index 23.3.15)]
0:
      0   ldvar_  j
      5   [ <?> ] Type#362
     10   ret_  

[Prom (index 23.3.16)]
0:
      0   ldvar_  i
      5   [ <?> ] Type#367
     10   ret_  

[Prom (index 23.3.17)]
0:
      0   ldvar_  j
      5   [ <?> ] Type#377
     10   ret_  

[Prom (index 23.3.18)]
0:
      0   ldvar_  i
      5   [ <?> ] Type#382
     10   ret_  

[Prom (index 23.4)]
0:
      0   ldvar_  i
      5   [ <?> ] TypeOnce#395 (bit: #0)
     10   ret_  

[Prom (index 23.5)]
0:
      0   ldvar_  j
      5   [ <?> ] TypeOnce#399 (bit: #0)
     10   ret_  

[Prom (index 23.6)]
0:
      0   ldvar_  i
      5   [ <?> ] TypeOnce#404 (bit: #0)
     10   ret_  

[Prom (index 23.7)]
0:
      0   ldvar_  j
      5   [ <?> ] TypeOnce#408 (bit: #0)
     10   ret_  

[Prom (index 23.8)]
0:
      0   ldvar_  i
      5   [ <?> ] TypeOnce#413 (bit: #0)
     10   ret_  

[Prom (index 23.9)]
0:
      0   ldvar_  j
      5   [ <?> ] TypeOnce#417 (bit: #0)
     10   ret_  

[Prom (index 23.10)]
0:
      0   ldvar_  dx
      5   [ <?> ] TypeOnce#421 (bit: #0)
     10   ldvar_  dx
     15   ; *(dx, dx)
          mul_  
     16   [ <?> ] Type#423
     21   ldvar_  dy
     26   [ <?> ] TypeOnce#424 (bit: #1)
     31   ldvar_  dy
     36   ; *(dy, dy)
          mul_  
     37   [ <?> ] Type#426
     42   ; +(*(dx, dx), *(dy, dy))
          add_  
     43   [ <?> ] Type#427
     48   ldvar_  dz
     53   [ <?> ] TypeOnce#428 (bit: #2)
     58   ldvar_  dz
     63   ; *(dz, dz)
          mul_  
     64   [ <?> ] Type#430
     69   ; +(+(*(dx, dx), *(dy, dy)), *(dz, dz))
          add_  
     70   [ <?> ] Type#431
     75   ret_  

[Prom (index 23.11)]
0:
      0   ldvar_  i
      5   [ <?> ] TypeOnce#441 (bit: #0)
     10   ret_  

[Prom (index 23.12)]
0:
      0   ldvar_  j
      5   [ <?> ] TypeOnce#446 (bit: #0)
     10   ret_  

[Prom (index 23.13)]
0:
      0   ldvar_  i
      5   [ <?> ] TypeOnce#456 (bit: #0)
     10   ret_  

[Prom (index 23.14)]
0:
      0   ldvar_  j
      5   [ <?> ] TypeOnce#461 (bit: #0)
     10   ret_  

[Prom (index 23.15)]
0:
      0   ldvar_  i
      5   [ <?> ] TypeOnce#471 (bit: #0)
     10   ret_  

[Prom (index 23.16)]
0:
      0   ldvar_  j
      5   [ <?> ] TypeOnce#476 (bit: #0)
     10   ret_  

[Prom (index 23.17)]
0:
      0   ldvar_  j
      5   [ <?> ] TypeOnce#486 (bit: #0)
     10   ret_  

[Prom (index 23.18)]
0:
      0   ldvar_  i
      5   [ <?> ] TypeOnce#491 (bit: #0)
     10   ret_  

[Prom (index 23.19)]
0:
      0   ldvar_  j
      5   [ <?> ] TypeOnce#501 (bit: #0)
     10   ret_  

[Prom (index 23.20)]
0:
      0   ldvar_  i
      5   [ <?> ] TypeOnce#506 (bit: #0)
     10   ret_  

[Prom (index 23.21)]
0:
      0   ldvar_  j
      5   [ <?> ] TypeOnce#516 (bit: #0)
     10   ret_  

[Prom (index 23.22)]
0:
      0   ldvar_  i
      5   [ <?> ] TypeOnce#521 (bit: #0)
     10   ret_  

[Prom (index 23.23)]
0:
      0   ldvar_  i
      5   [ <?> ] TypeOnce#531 (bit: #0)
     10   ret_  

[Prom (index 23.24)]
0:
      0   ldvar_  j
      5   [ <?> ] TypeOnce#535 (bit: #0)
     10   ret_  

[Prom (index 23.25)]
0:
      0   ldvar_  i
      5   [ <?> ] TypeOnce#540 (bit: #0)
     10   ret_  

[Prom (index 23.26)]
0:
      0   ldvar_  j
      5   [ <?> ] TypeOnce#544 (bit: #0)
     10   ret_  

[Prom (index 23.27)]
0:
      0   ldvar_  i
      5   [ <?> ] TypeOnce#549 (bit: #0)
     10   ret_  

[Prom (index 23.28)]
0:
      0   ldvar_  j
      5   [ <?> ] TypeOnce#553 (bit: #0)
     10   ret_  

[Prom (index 23.29)]
0:
      0   ldvar_  dx
      5   [ <?> ] TypeOnce#557 (bit: #0)
     10   ldvar_  dx
     15   ; *(dx, dx)
          mul_  
     16   [ <?> ] Type#559
     21   ldvar_  dy
     26   [ <?> ] TypeOnce#560 (bit: #1)
     31   ldvar_  dy
     36   ; *(dy, dy)
          mul_  
     37   [ <?> ] Type#562
     42   ; +(*(dx, dx), *(dy, dy))
          add_  
     43   [ <?> ] Type#563
     48   ldvar_  dz
     53   [ <?> ] TypeOnce#564 (bit: #2)
     58   ldvar_  dz
     63   ; *(dz, dz)
          mul_  
     64   [ <?> ] Type#566
     69   ; +(+(*(dx, dx), *(dy, dy)), *(dz, dz))
          add_  
     70   [ <?> ] Type#567
     75   ret_  

[Prom (index 23.30)]
0:
      0   ldvar_  i
      5   [ <?> ] TypeOnce#577 (bit: #0)
     10   ret_  

[Prom (index 23.31)]
0:
      0   ldvar_  j
      5   [ <?> ] TypeOnce#582 (bit: #0)
     10   ret_  

[Prom (index 23.32)]
0:
      0   ldvar_  i
      5   [ <?> ] TypeOnce#592 (bit: #0)
     10   ret_  

[Prom (index 23.33)]
0:
      0   ldvar_  j
      5   [ <?> ] TypeOnce#597 (bit: #0)
     10   ret_  

[Prom (index 23.34)]
0:
      0   ldvar_  i
      5   [ <?> ] TypeOnce#607 (bit: #0)
     10   ret_  

[Prom (index 23.35)]
0:
      0   ldvar_  j
      5   [ <?> ] TypeOnce#612 (bit: #0)
     10   ret_  

[Prom (index 23.36)]
0:
      0   ldvar_  j
      5   [ <?> ] TypeOnce#622 (bit: #0)
     10   ret_  

[Prom (index 23.37)]
0:
      0   ldvar_  i
      5   [ <?> ] TypeOnce#627 (bit: #0)
     10   ret_  

[Prom (index 23.38)]
0:
      0   ldvar_  j
      5   [ <?> ] TypeOnce#637 (bit: #0)
     10   ret_  

[Prom (index 23.39)]
0:
      0   ldvar_  i
      5   [ <?> ] TypeOnce#642 (bit: #0)
     10   ret_  

[Prom (index 23.40)]
0:
      0   ldvar_  j
      5   [ <?> ] TypeOnce#652 (bit: #0)
     10   ret_  

[Prom (index 23.41)]
0:
      0   ldvar_  i
      5   [ <?> ] TypeOnce#657 (bit: #0)
     10   ret_  

[Prom (index 24)]
0:
      0   ldvar_  i
      5   [ <?> ] TypeOnce#668 (bit: #0)
     10   push_  1
     15   visible_  
     16   ; +(i, 1)
          add_  
     17   [ <?> ] Type#669
     22   ret_  

[Prom (index 25)]
0:
      0   ldvar_  n_bodies
      5   [ <?> ] Type#670
     10   ret_  

[Prom (index 26)]
0:
      0   ldvar_  j_from
      5   [ <?> ] TypeOnce#677 (bit: #0)
     10   ldvar_  n_bodies
     15   [ <?> ] Type#678
     20   ; :(j_from, n_bodies)
          colon_  
     21   [ <?> ] Type#679
     26   ret_  

[Prom (index 27)]
0:
      0   ldvar_  body_x
      5   [ <?> ] Type#680
     10   dup_  
     11   is_  NonObject
     16   [ _ ] Test#105
     21   brfalse_  1
     26   br_  2
1:
     31   mk_promise_  0
     36   br_  3
2:
     41   ldvar_  i
     46   [ <?> ] TypeOnce#682 (bit: #0)
3:
     51   ; [[(body_x, i)
          extract2_1_  
     52   [ <?> ] Type#683
     57   visible_  
     58   ldvar_  body_x
     63   [ <?> ] Type#684
     68   dup_  
     69   is_  NonObject
     74   [ _ ] Test#106
     79   brfalse_  4
     84   br_  5
4:
     89   mk_promise_  1
     94   br_  6
5:
     99   ldvar_  j
    104   [ <?> ] TypeOnce#686 (bit: #1)
6:
    109   ; [[(body_x, j)
          extract2_1_  
    110   [ <?> ] Type#687
    115   visible_  
    116   ; -([[(body_x, i), [[(body_x, j))
          sub_  
    117   [ <?> ] Type#688
    122   stvar_  dx
    127   ldvar_  body_y
    132   [ <?> ] Type#689
    137   dup_  
    138   is_  NonObject
    143   [ _ ] Test#107
    148   brfalse_  7
    153   br_  8
7:
    158   mk_promise_  2
    163   br_  9
8:
    168   ldvar_  i
9:
    173   ; [[(body_y, i)
          extract2_1_  
    174   [ <?> ] Type#692
    179   visible_  
    180   ldvar_  body_y
    185   [ <?> ] Type#693
    190   dup_  
    191   is_  NonObject
    196   [ _ ] Test#108
    201   brfalse_  10
    206   br_  11
10:
    211   mk_promise_  3
    216   br_  12
11:
    221   ldvar_  j
12:
    226   ; [[(body_y, j)
          extract2_1_  
    227   [ <?> ] Type#696
    232   visible_  
    233   ; -([[(body_y, i), [[(body_y, j))
          sub_  
    234   [ <?> ] Type#697
    239   stvar_  dy
    244   ldvar_  body_z
    249   [ <?> ] Type#698
    254   dup_  
    255   is_  NonObject
    260   [ _ ] Test#109
    265   brfalse_  13
    270   br_  14
13:
    275   mk_promise_  4
    280   br_  15
14:
    285   ldvar_  i
15:
    290   ; [[(body_z, i)
          extract2_1_  
    291   [ <?> ] Type#701
    296   visible_  
    297   ldvar_  body_z
    302   [ <?> ] Type#702
    307   dup_  
    308   is_  NonObject
    313   [ _ ] Test#110
    318   brfalse_  16
    323   br_  17
16:
    328   mk_promise_  5
    333   br_  18
17:
    338   ldvar_  j
18:
    343   ; [[(body_z, j)
          extract2_1_  
    344   [ <?> ] Type#705
    349   visible_  
    350   ; -([[(body_z, i), [[(body_z, j))
          sub_  
    351   [ <?> ] Type#706
    356   stvar_  dz
    361   ldfun_  sqrt
    366   [ 0, <0>, valid  ] Call#8
    371   mk_promise_  6
    376   ; sqrt(+(+(*(dx, dx), *(dy, dy)), *(dz, dz)))
          call_  1
    393   [ <?> ] Type#718
    398   stvar_  distance
    403   ldvar_  dt
    408   [ <?> ] TypeOnce#719 (bit: #2)
    413   ldvar_  distance
    418   ldvar_  distance
    423   ; *(distance, distance)
          mul_  
    424   [ <?> ] Type#722
    429   ldvar_  distance
    434   ; *(*(distance, distance), distance)
          mul_  
    435   [ <?> ] Type#724
    440   visible_  
    441   ; /(dt, ((*(*(distance, distance), distance)))
          div_  
    442   [ <?> ] Type#725
    447   stvar_  mag
    452   ldvar_for_update_  body_vx
    457   set_shared_  
    458   pop_  
    459   ldvar_  body_vx
    464   [ <?> ] Type#726
    469   dup_  
    470   is_  NonObject
    475   [ _ ] Test#111
    480   brfalse_  19
    485   br_  20
19:
    490   mk_promise_  7
    495   br_  21
20:
    500   ldvar_  i
21:
    505   ; [[(body_vx, i)
          extract2_1_  
    506   [ <?> ] Type#729
    511   visible_  
    512   ldvar_  dx
    517   ldvar_  body_mass
    522   [ <?> ] Type#731
    527   dup_  
    528   is_  NonObject
    533   [ _ ] Test#112
    538   brfalse_  22
    543   br_  23
22:
    548   mk_promise_  8
    553   br_  24
23:
    558   ldvar_  j
24:
    563   ; [[(body_mass, j)
          extract2_1_  
    564   [ <?> ] Type#734
    569   visible_  
    570   ; *(dx, [[(body_mass, j))
          mul_  
    571   [ <?> ] Type#735
    576   ldvar_  mag
    581   ; *(*(dx, [[(body_mass, j)), mag)
          mul_  
    582   [ <?> ] Type#737
    587   ; -([[(body_vx, i), *(*(dx, [[(body_mass, j)), mag))
          sub_  
    588   [ <?> ] Type#738
    593   ldvar_super_  body_vx
    598   [ <?> ] Type#739
    603   ldvar_  i
    608   ; <<-([[(body_vx, i), -([[(body_vx, i), *(*(dx, |...
          subassign2_1_  
    609   stvar_super_  body_vx
    614   ldvar_for_update_  body_vy
    619   set_shared_  
    620   pop_  
    621   ldvar_  body_vy
    626   [ <?> ] Type#741
    631   dup_  
    632   is_  NonObject
    637   [ _ ] Test#113
    642   brfalse_  25
    647   br_  26
25:
    652   mk_promise_  9
    657   br_  27
26:
    662   ldvar_  i
27:
    667   ; [[(body_vy, i)
          extract2_1_  
    668   [ <?> ] Type#744
    673   visible_  
    674   ldvar_  dy
    679   ldvar_  body_mass
    684   [ <?> ] Type#746
    689   dup_  
    690   is_  NonObject
    695   [ _ ] Test#114
    700   brfalse_  28
    705   br_  29
28:
    710   mk_promise_  a
    715   br_  30
29:
    720   ldvar_  j
30:
    725   ; [[(body_mass, j)
          extract2_1_  
    726   [ <?> ] Type#749
    731   visible_  
    732   ; *(dy, [[(body_mass, j))
          mul_  
    733   [ <?> ] Type#750
    738   ldvar_  mag
    743   ; *(*(dy, [[(body_mass, j)), mag)
          mul_  
    744   [ <?> ] Type#752
    749   ; -([[(body_vy, i), *(*(dy, [[(body_mass, j)), mag))
          sub_  
    750   [ <?> ] Type#753
    755   ldvar_super_  body_vy
    760   [ <?> ] Type#754
    765   ldvar_  i
    770   ; <<-([[(body_vy, i), -([[(body_vy, i), *(*(dy, |...
          subassign2_1_  
    771   stvar_super_  body_vy
    776   ldvar_for_update_  body_vz
    781   set_shared_  
    782   pop_  
    783   ldvar_  body_vz
    788   [ <?> ] Type#756
    793   dup_  
    794   is_  NonObject
    799   [ _ ] Test#115
    804   brfalse_  31
    809   br_  32
31:
    814   mk_promise_  b
    819   br_  33
32:
    824   ldvar_  i
33:
    829   ; [[(body_vz, i)
          extract2_1_  
    830   [ <?> ] Type#759
    835   visible_  
    836   ldvar_  dz
    841   ldvar_  body_mass
    846   [ <?> ] Type#761
    851   dup_  
    852   is_  NonObject
    857   [ _ ] Test#116
    862   brfalse_  34
    867   br_  35
34:
    872   mk_promise_  c
    877   br_  36
35:
    882   ldvar_  j
36:
    887   ; [[(body_mass, j)
          extract2_1_  
    888   [ <?> ] Type#764
    893   visible_  
    894   ; *(dz, [[(body_mass, j))
          mul_  
    895   [ <?> ] Type#765
    900   ldvar_  mag
    905   ; *(*(dz, [[(body_mass, j)), mag)
          mul_  
    906   [ <?> ] Type#767
    911   ; -([[(body_vz, i), *(*(dz, [[(body_mass, j)), mag))
          sub_  
    912   [ <?> ] Type#768
    917   ldvar_super_  body_vz
    922   [ <?> ] Type#769
    927   ldvar_  i
    932   ; <<-([[(body_vz, i), -([[(body_vz, i), *(*(dz, |...
          subassign2_1_  
    933   stvar_super_  body_vz
    938   ldvar_for_update_  body_vx
    943   set_shared_  
    944   pop_  
    945   ldvar_  body_vx
    950   [ <?> ] Type#771
    955   dup_  
    956   is_  NonObject
    961   [ _ ] Test#117
    966   brfalse_  37
    971   br_  38
37:
    976   mk_promise_  d
    981   br_  39
38:
    986   ldvar_  j
39:
    991   ; [[(body_vx, j)
          extract2_1_  
    992   [ <?> ] Type#774
    997   visible_  
    998   ldvar_  dx
   1003   ldvar_  body_mass
   1008   [ <?> ] Type#776
   1013   dup_  
   1014   is_  NonObject
   1019   [ _ ] Test#118
   1024   brfalse_  40
   1029   br_  41
40:
   1034   mk_promise_  e
   1039   br_  42
41:
   1044   ldvar_  i
42:
   1049   ; [[(body_mass, i)
          extract2_1_  
   1050   [ <?> ] Type#779
   1055   visible_  
   1056   ; *(dx, [[(body_mass, i))
          mul_  
   1057   [ <?> ] Type#780
   1062   ldvar_  mag
   1067   ; *(*(dx, [[(body_mass, i)), mag)
          mul_  
   1068   [ <?> ] Type#782
   1073   ; +([[(body_vx, j), *(*(dx, [[(body_mass, i)), mag))
          add_  
   1074   [ <?> ] Type#783
   1079   ldvar_super_  body_vx
   1084   [ <?> ] Type#784
   1089   ldvar_  j
   1094   ; <<-([[(body_vx, j), +([[(body_vx, j), *(*(dx, |...
          subassign2_1_  
   1095   stvar_super_  body_vx
   1100   ldvar_for_update_  body_vy
   1105   set_shared_  
   1106   pop_  
   1107   ldvar_  body_vy
   1112   [ <?> ] Type#786
   1117   dup_  
   1118   is_  NonObject
   1123   [ _ ] Test#119
   1128   brfalse_  43
   1133   br_  44
43:
   1138   mk_promise_  f
   1143   br_  45
44:
   1148   ldvar_  j
45:
   1153   ; [[(body_vy, j)
          extract2_1_  
   1154   [ <?> ] Type#789
   1159   visible_  
   1160   ldvar_  dy
   1165   ldvar_  body_mass
   1170   [ <?> ] Type#791
   1175   dup_  
   1176   is_  NonObject
   1181   [ _ ] Test#120
   1186   brfalse_  46
   1191   br_  47
46:
   1196   mk_promise_  10
   1201   br_  48
47:
   1206   ldvar_  i
48:
   1211   ; [[(body_mass, i)
          extract2_1_  
   1212   [ <?> ] Type#794
   1217   visible_  
   1218   ; *(dy, [[(body_mass, i))
          mul_  
   1219   [ <?> ] Type#795
   1224   ldvar_  mag
   1229   ; *(*(dy, [[(body_mass, i)), mag)
          mul_  
   1230   [ <?> ] Type#797
   1235   ; +([[(body_vy, j), *(*(dy, [[(body_mass, i)), mag))
          add_  
   1236   [ <?> ] Type#798
   1241   ldvar_super_  body_vy
   1246   [ <?> ] Type#799
   1251   ldvar_  j
   1256   ; <<-([[(body_vy, j), +([[(body_vy, j), *(*(dy, |...
          subassign2_1_  
   1257   stvar_super_  body_vy
   1262   ldvar_for_update_  body_vz
   1267   set_shared_  
   1268   pop_  
   1269   ldvar_  body_vz
   1274   [ <?> ] Type#801
   1279   dup_  
   1280   is_  NonObject
   1285   [ _ ] Test#121
   1290   brfalse_  49
   1295   br_  50
49:
   1300   mk_promise_  11
   1305   br_  51
50:
   1310   ldvar_  j
51:
   1315   ; [[(body_vz, j)
          extract2_1_  
   1316   [ <?> ] Type#804
   1321   visible_  
   1322   ldvar_  dz
   1327   ldvar_  body_mass
   1332   [ <?> ] Type#806
   1337   dup_  
   1338   is_  NonObject
   1343   [ _ ] Test#122
   1348   brfalse_  52
   1353   br_  53
52:
   1358   mk_promise_  12
   1363   br_  54
53:
   1368   ldvar_  i
54:
   1373   ; [[(body_mass, i)
          extract2_1_  
   1374   [ <?> ] Type#809
   1379   visible_  
   1380   ; *(dz, [[(body_mass, i))
          mul_  
   1381   [ <?> ] Type#810
   1386   ldvar_  mag
   1391   ; *(*(dz, [[(body_mass, i)), mag)
          mul_  
   1392   [ <?> ] Type#812
   1397   ; +([[(body_vz, j), *(*(dz, [[(body_mass, i)), mag))
          add_  
   1398   [ <?> ] Type#813
   1403   dup_  
   1404   set_shared_  
   1405   ldvar_super_  body_vz
   1410   [ <?> ] Type#814
   1415   ldvar_  j
   1420   ; <<-([[(body_vz, j), +([[(body_vz, j), *(*(dz, |...
          subassign2_1_  
   1421   stvar_super_  body_vz
   1426   invisible_  
   1427   ret_  

[Prom (index 27.0)]
0:
      0   ldvar_  i
      5   [ <?> ] TypeOnce#681 (bit: #0)
     10   ret_  

[Prom (index 27.1)]
0:
      0   ldvar_  j
      5   [ <?> ] TypeOnce#685 (bit: #0)
     10   ret_  

[Prom (index 27.2)]
0:
      0   ldvar_  i
      5   [ <?> ] TypeOnce#690 (bit: #0)
     10   ret_  

[Prom (index 27.3)]
0:
      0   ldvar_  j
      5   [ <?> ] TypeOnce#694 (bit: #0)
     10   ret_  

[Prom (index 27.4)]
0:
      0   ldvar_  i
      5   [ <?> ] TypeOnce#699 (bit: #0)
     10   ret_  

[Prom (index 27.5)]
0:
      0   ldvar_  j
      5   [ <?> ] TypeOnce#703 (bit: #0)
     10   ret_  

[Prom (index 27.6)]
0:
      0   ldvar_  dx
      5   [ <?> ] TypeOnce#707 (bit: #0)
     10   ldvar_  dx
     15   ; *(dx, dx)
          mul_  
     16   [ <?> ] Type#709
     21   ldvar_  dy
     26   [ <?> ] TypeOnce#710 (bit: #1)
     31   ldvar_  dy
     36   ; *(dy, dy)
          mul_  
     37   [ <?> ] Type#712
     42   ; +(*(dx, dx), *(dy, dy))
          add_  
     43   [ <?> ] Type#713
     48   ldvar_  dz
     53   [ <?> ] TypeOnce#714 (bit: #2)
     58   ldvar_  dz
     63   ; *(dz, dz)
          mul_  
     64   [ <?> ] Type#716
     69   ; +(+(*(dx, dx), *(dy, dy)), *(dz, dz))
          add_  
     70   [ <?> ] Type#717
     75   ret_  

[Prom (index 27.7)]
0:
      0   ldvar_  i
      5   [ <?> ] TypeOnce#727 (bit: #0)
     10   ret_  

[Prom (index 27.8)]
0:
      0   ldvar_  j
      5   [ <?> ] TypeOnce#732 (bit: #0)
     10   ret_  

[Prom (index 27.9)]
0:
      0   ldvar_  i
      5   [ <?> ] TypeOnce#742 (bit: #0)
     10   ret_  

[Prom (index 27.10)]
0:
      0   ldvar_  j
      5   [ <?> ] TypeOnce#747 (bit: #0)
     10   ret_  

[Prom (index 27.11)]
0:
      0   ldvar_  i
      5   [ <?> ] TypeOnce#757 (bit: #0)
     10   ret_  

[Prom (index 27.12)]
0:
      0   ldvar_  j
      5   [ <?> ] TypeOnce#762 (bit: #0)
     10   ret_  

[Prom (index 27.13)]
0:
      0   ldvar_  j
      5   [ <?> ] TypeOnce#772 (bit: #0)
     10   ret_  

[Prom (index 27.14)]
0:
      0   ldvar_  i
      5   [ <?> ] TypeOnce#777 (bit: #0)
     10   ret_  

[Prom (index 27.15)]
0:
      0   ldvar_  j
      5   [ <?> ] TypeOnce#787 (bit: #0)
     10   ret_  

[Prom (index 27.16)]
0:
      0   ldvar_  i
      5   [ <?> ] TypeOnce#792 (bit: #0)
     10   ret_  

[Prom (index 27.17)]
0:
      0   ldvar_  j
      5   [ <?> ] TypeOnce#802 (bit: #0)
     10   ret_  

[Prom (index 27.18)]
0:
      0   ldvar_  i
      5   [ <?> ] TypeOnce#807 (bit: #0)
     10   ret_  

[Prom (index 28)]
0:
      0   ldvar_  i
      5   [ <?> ] TypeOnce#819 (bit: #0)
     10   ret_  

[Prom (index 29)]
0:
      0   ldvar_  j
      5   [ <?> ] TypeOnce#823 (bit: #0)
     10   ret_  

[Prom (index 30)]
0:
      0   ldvar_  i
      5   [ <?> ] TypeOnce#828 (bit: #0)
     10   ret_  

[Prom (index 31)]
0:
      0   ldvar_  j
      5   [ <?> ] TypeOnce#832 (bit: #0)
     10   ret_  

[Prom (index 32)]
0:
      0   ldvar_  i
      5   [ <?> ] TypeOnce#837 (bit: #0)
     10   ret_  

[Prom (index 33)]
0:
      0   ldvar_  j
      5   [ <?> ] TypeOnce#841 (bit: #0)
     10   ret_  

[Prom (index 34)]
0:
      0   ldvar_  dx
      5   [ <?> ] TypeOnce#845 (bit: #0)
     10   ldvar_  dx
     15   ; *(dx, dx)
          mul_  
     16   [ <?> ] Type#847
     21   ldvar_  dy
     26   [ <?> ] TypeOnce#848 (bit: #1)
     31   ldvar_  dy
     36   ; *(dy, dy)
          mul_  
     37   [ <?> ] Type#850
     42   ; +(*(dx, dx), *(dy, dy))
          add_  
     43   [ <?> ] Type#851
     48   ldvar_  dz
     53   [ <?> ] TypeOnce#852 (bit: #2)
     58   ldvar_  dz
     63   ; *(dz, dz)
          mul_  
     64   [ <?> ] Type#854
     69   ; +(+(*(dx, dx), *(dy, dy)), *(dz, dz))
          add_  
     70   [ <?> ] Type#855
     75   ret_  

[Prom (index 35)]
0:
      0   ldvar_  i
      5   [ <?> ] TypeOnce#876 (bit: #0)
     10   ret_  

[Prom (index 36)]
0:
      0   ldvar_  j
      5   [ <?> ] TypeOnce#881 (bit: #0)
     10   ret_  

[Prom (index 37)]
0:
      0   ldvar_  i
      5   [ <?> ] TypeOnce#891 (bit: #0)
     10   ret_  

[Prom (index 38)]
0:
      0   ldvar_  j
      5   [ <?> ] TypeOnce#896 (bit: #0)
     10   ret_  

[Prom (index 39)]
0:
      0   ldvar_  i
      5   [ <?> ] TypeOnce#906 (bit: #0)
     10   ret_  

[Prom (index 40)]
0:
      0   ldvar_  j
      5   [ <?> ] TypeOnce#911 (bit: #0)
     10   ret_  

[Prom (index 41)]
0:
      0   ldvar_  j
      5   [ <?> ] TypeOnce#921 (bit: #0)
     10   ret_  

[Prom (index 42)]
0:
      0   ldvar_  i
      5   [ <?> ] TypeOnce#926 (bit: #0)
     10   ret_  

[Prom (index 43)]
0:
      0   ldvar_  j
      5   [ <?> ] TypeOnce#936 (bit: #0)
     10   ret_  

[Prom (index 44)]
0:
      0   ldvar_  i
      5   [ <?> ] TypeOnce#941 (bit: #0)
     10   ret_  

[Prom (index 45)]
0:
      0   ldvar_  j
      5   [ <?> ] TypeOnce#951 (bit: #0)
     10   ret_  

[Prom (index 46)]
0:
      0   ldvar_  i
      5   [ <?> ] TypeOnce#956 (bit: #0)
     10   ret_  

[Prom (index 47)]
0:
      0   ldvar_  i
      5   [ <?> ] TypeOnce#966 (bit: #0)
     10   ret_  

[Prom (index 48)]
0:
      0   ldvar_  j
      5   [ <?> ] TypeOnce#970 (bit: #0)
     10   ret_  

[Prom (index 49)]
0:
      0   ldvar_  i
      5   [ <?> ] TypeOnce#975 (bit: #0)
     10   ret_  

[Prom (index 50)]
0:
      0   ldvar_  j
      5   [ <?> ] TypeOnce#979 (bit: #0)
     10   ret_  

[Prom (index 51)]
0:
      0   ldvar_  i
      5   [ <?> ] TypeOnce#984 (bit: #0)
     10   ret_  

[Prom (index 52)]
0:
      0   ldvar_  j
      5   [ <?> ] TypeOnce#988 (bit: #0)
     10   ret_  

[Prom (index 53)]
0:
      0   ldvar_  dx
      5   [ <?> ] TypeOnce#992 (bit: #0)
     10   ldvar_  dx
     15   ; *(dx, dx)
          mul_  
     16   [ <?> ] Type#994
     21   ldvar_  dy
     26   [ <?> ] TypeOnce#995 (bit: #1)
     31   ldvar_  dy
     36   ; *(dy, dy)
          mul_  
     37   [ <?> ] Type#997
     42   ; +(*(dx, dx), *(dy, dy))
          add_  
     43   [ <?> ] Type#998
     48   ldvar_  dz
     53   [ <?> ] TypeOnce#999 (bit: #2)
     58   ldvar_  dz
     63   ; *(dz, dz)
          mul_  
     64   [ <?> ] Type#1001
     69   ; +(+(*(dx, dx), *(dy, dy)), *(dz, dz))
          add_  
     70   [ <?> ] Type#1002
     75   ret_  

[Prom (index 54)]
0:
      0   ldvar_  i
      5   [ <?> ] TypeOnce#1023 (bit: #0)
     10   ret_  

[Prom (index 55)]
0:
      0   ldvar_  j
      5   [ <?> ] TypeOnce#1028 (bit: #0)
     10   ret_  

[Prom (index 56)]
0:
      0   ldvar_  i
      5   [ <?> ] TypeOnce#1038 (bit: #0)
     10   ret_  

[Prom (index 57)]
0:
      0   ldvar_  j
      5   [ <?> ] TypeOnce#1043 (bit: #0)
     10   ret_  

[Prom (index 58)]
0:
      0   ldvar_  i
      5   [ <?> ] TypeOnce#1053 (bit: #0)
     10   ret_  

[Prom (index 59)]
0:
      0   ldvar_  j
      5   [ <?> ] TypeOnce#1058 (bit: #0)
     10   ret_  

[Prom (index 60)]
0:
      0   ldvar_  j
      5   [ <?> ] TypeOnce#1068 (bit: #0)
     10   ret_  

[Prom (index 61)]
0:
      0   ldvar_  i
      5   [ <?> ] TypeOnce#1073 (bit: #0)
     10   ret_  

[Prom (index 62)]
0:
      0   ldvar_  j
      5   [ <?> ] TypeOnce#1083 (bit: #0)
     10   ret_  

[Prom (index 63)]
0:
      0   ldvar_  i
      5   [ <?> ] TypeOnce#1088 (bit: #0)
     10   ret_  

[Prom (index 64)]
0:
      0   ldvar_  j
      5   [ <?> ] TypeOnce#1098 (bit: #0)
     10   ret_  

[Prom (index 65)]
0:
      0   ldvar_  i
      5   [ <?> ] TypeOnce#1103 (bit: #0)
     10   ret_  

[Prom (index 66)]
0:
      0   push_  1
      5   visible_  
      6   ldvar_  n_bodies
     11   [ <?> ] Type#1113
     16   ; :(1, n_bodies)
          colon_  
     17   [ <?> ] Type#1114
     22   ret_  

[Prom (index 67)]
0:
      0   ldvar_for_update_  body_x
      5   set_shared_  
      6   pop_  
      7   ldvar_  body_x
     12   [ <?> ] Type#1115
     17   dup_  
     18   is_  NonObject
     23   [ _ ] Test#164
     28   brfalse_  1
     33   br_  2
1:
     38   mk_promise_  0
     43   br_  3
2:
     48   ldvar_  i
     53   [ <?> ] Type#1117
3:
     58   ; [[(body_x, i)
          extract2_1_  
     59   [ <?> ] Type#1118
     64   visible_  
     65   ldvar_  dt
     70   [ <?> ] Type#1119
     75   ldvar_  body_vx
     80   [ <?> ] Type#1120
     85   dup_  
     86   is_  NonObject
     91   [ _ ] Test#165
     96   brfalse_  4
    101   br_  5
4:
    106   mk_promise_  1
    111   br_  6
5:
    116   ldvar_  i
6:
    121   ; [[(body_vx, i)
          extract2_1_  
    122   [ <?> ] Type#1123
    127   visible_  
    128   ; *(dt, [[(body_vx, i))
          mul_  
    129   [ <?> ] Type#1124
    134   ; +([[(body_x, i), *(dt, [[(body_vx, i)))
          add_  
    135   [ <?> ] Type#1125
    140   ldvar_super_  body_x
    145   [ <?> ] Type#1126
    150   ldvar_  i
    155   ; <<-([[(body_x, i), +([[(body_x, i), *(dt, [[(b|...
          subassign2_1_  
    156   stvar_super_  body_x
    161   ldvar_for_update_  body_y
    166   set_shared_  
    167   pop_  
    168   ldvar_  body_y
    173   [ <?> ] Type#1128
    178   dup_  
    179   is_  NonObject
    184   [ _ ] Test#166
    189   brfalse_  7
    194   br_  8
7:
    199   mk_promise_  2
    204   br_  9
8:
    209   ldvar_  i
9:
    214   ; [[(body_y, i)
          extract2_1_  
    215   [ <?> ] Type#1131
    220   visible_  
    221   ldvar_  dt
    226   ldvar_  body_vy
    231   [ <?> ] Type#1133
    236   dup_  
    237   is_  NonObject
    242   [ _ ] Test#167
    247   brfalse_  10
    252   br_  11
10:
    257   mk_promise_  3
    262   br_  12
11:
    267   ldvar_  i
12:
    272   ; [[(body_vy, i)
          extract2_1_  
    273   [ <?> ] Type#1136
    278   visible_  
    279   ; *(dt, [[(body_vy, i))
          mul_  
    280   [ <?> ] Type#1137
    285   ; +([[(body_y, i), *(dt, [[(body_vy, i)))
          add_  
    286   [ <?> ] Type#1138
    291   ldvar_super_  body_y
    296   [ <?> ] Type#1139
    301   ldvar_  i
    306   ; <<-([[(body_y, i), +([[(body_y, i), *(dt, [[(b|...
          subassign2_1_  
    307   stvar_super_  body_y
    312   ldvar_for_update_  body_z
    317   set_shared_  
    318   pop_  
    319   ldvar_  body_z
    324   [ <?> ] Type#1141
    329   dup_  
    330   is_  NonObject
    335   [ _ ] Test#168
    340   brfalse_  13
    345   br_  14
13:
    350   mk_promise_  4
    355   br_  15
14:
    360   ldvar_  i
15:
    365   ; [[(body_z, i)
          extract2_1_  
    366   [ <?> ] Type#1144
    371   visible_  
    372   ldvar_  dt
    377   ldvar_  body_vz
    382   [ <?> ] Type#1146
    387   dup_  
    388   is_  NonObject
    393   [ _ ] Test#169
    398   brfalse_  16
    403   br_  17
16:
    408   mk_promise_  5
    413   br_  18
17:
    418   ldvar_  i
18:
    423   ; [[(body_vz, i)
          extract2_1_  
    424   [ <?> ] Type#1149
    429   visible_  
    430   ; *(dt, [[(body_vz, i))
          mul_  
    431   [ <?> ] Type#1150
    436   ; +([[(body_z, i), *(dt, [[(body_vz, i)))
          add_  
    437   [ <?> ] Type#1151
    442   dup_  
    443   set_shared_  
    444   ldvar_super_  body_z
    449   [ <?> ] Type#1152
    454   ldvar_  i
    459   ; <<-([[(body_z, i), +([[(body_z, i), *(dt, [[(b|...
          subassign2_1_  
    460   stvar_super_  body_z
    465   invisible_  
    466   ret_  

[Prom (index 67.0)]
0:
      0   ldvar_  i
      5   [ <?> ] Type#1116
     10   ret_  

[Prom (index 67.1)]
0:
      0   ldvar_  i
      5   [ <?> ] Type#1121
     10   ret_  

[Prom (index 67.2)]
0:
      0   ldvar_  i
      5   [ <?> ] Type#1129
     10   ret_  

[Prom (index 67.3)]
0:
      0   ldvar_  i
      5   [ <?> ] Type#1134
     10   ret_  

[Prom (index 67.4)]
0:
      0   ldvar_  i
      5   [ <?> ] Type#1142
     10   ret_  

[Prom (index 67.5)]
0:
      0   ldvar_  i
      5   [ <?> ] Type#1147
     10   ret_  

[Prom (index 68)]
0:
      0   ldvar_  i
      5   [ <?> ] TypeOnce#1158 (bit: #0)
     10   ret_  

[Prom (index 69)]
0:
      0   ldvar_  i
      5   [ <?> ] TypeOnce#1163 (bit: #0)
     10   ret_  

[Prom (index 70)]
0:
      0   ldvar_  i
      5   [ <?> ] TypeOnce#1171 (bit: #0)
     10   ret_  

[Prom (index 71)]
0:
      0   ldvar_  i
      5   [ <?> ] TypeOnce#1176 (bit: #0)
     10   ret_  

[Prom (index 72)]
0:
      0   ldvar_  i
      5   [ <?> ] TypeOnce#1184 (bit: #0)
     10   ret_  

[Prom (index 73)]
0:
      0   ldvar_  i
      5   [ <?> ] TypeOnce#1189 (bit: #0)
     10   ret_  

[Prom (index 74)]
0:
      0   ldvar_  i
      5   [ <?> ] TypeOnce#1197 (bit: #0)
     10   ret_  

[Prom (index 75)]
0:
      0   ldvar_  i
      5   [ <?> ] TypeOnce#1202 (bit: #0)
     10   ret_  

[Prom (index 76)]
0:
      0   ldvar_  i
      5   [ <?> ] TypeOnce#1210 (bit: #0)
     10   ret_  

[Prom (index 77)]
0:
      0   ldvar_  i
      5   [ <?> ] TypeOnce#1215 (bit: #0)
     10   ret_  

[Prom (index 78)]
0:
      0   ldvar_  i
      5   [ <?> ] TypeOnce#1223 (bit: #0)
     10   ret_  

[Prom (index 79)]
0:
      0   ldvar_  i
      5   [ <?> ] TypeOnce#1228 (bit: #0)
     10   ret_  

NoRecord Type#25 (dep: #17)
NoRecord Type#26 (dep: #21)
NoRecord Type#29 (dep: #17)
NoRecord Type#33 (dep: #21)
NoRecord Type#37 (dep: #17)
NoRecord Type#38 (dep: #21)
NoRecord Type#41 (dep: #17)
NoRecord Type#45 (dep: #21)
NoRecord Type#49 (dep: #17)
NoRecord Type#50 (dep: #21)
NoRecord Type#64 (dep: #56)
NoRecord Type#65 (dep: #60)
NoRecord Type#68 (dep: #56)
NoRecord Type#72 (dep: #60)
NoRecord Type#76 (dep: #56)
NoRecord Type#77 (dep: #60)
NoRecord Type#80 (dep: #56)
NoRecord Type#84 (dep: #60)
NoRecord Type#88 (dep: #56)
NoRecord Type#89 (dep: #60)
NoRecord Type#100 (dep: #92)
NoRecord Type#101 (dep: #96)
NoRecord Type#104 (dep: #92)
NoRecord Type#108 (dep: #96)
NoRecord Type#112 (dep: #92)
NoRecord Type#113 (dep: #96)
NoRecord Type#116 (dep: #92)
NoRecord Type#120 (dep: #96)
NoRecord Type#124 (dep: #92)
NoRecord Type#125 (dep: #96)
NoRecord Type#141 (dep: #133)
NoRecord Type#142 (dep: #137)
NoRecord Type#145 (dep: #133)
NoRecord Type#149 (dep: #137)
NoRecord Type#153 (dep: #133)
NoRecord Type#154 (dep: #137)
NoRecord Type#157 (dep: #133)
NoRecord Type#161 (dep: #137)
NoRecord Type#165 (dep: #133)
NoRecord Type#166 (dep: #137)
NoRecord Type#179 (dep: #171)
NoRecord Type#180 (dep: #175)
NoRecord Type#183 (dep: #171)
NoRecord Type#187 (dep: #175)
NoRecord Type#191 (dep: #171)
NoRecord Type#192 (dep: #175)
NoRecord Type#195 (dep: #171)
NoRecord Type#199 (dep: #175)
NoRecord Type#203 (dep: #171)
NoRecord Type#204 (dep: #175)
NoRecord Type#215 (dep: #207)
NoRecord Type#216 (dep: #211)
NoRecord Type#219 (dep: #207)
NoRecord Type#223 (dep: #211)
NoRecord Type#227 (dep: #207)
NoRecord Type#228 (dep: #211)
NoRecord Type#231 (dep: #207)
NoRecord Type#235 (dep: #211)
NoRecord Type#239 (dep: #207)
NoRecord Type#240 (dep: #211)
NoRecord Type#250 (dep: #249)
NoRecord Type#266 (dep: #257)
NoRecord Type#270 (dep: #261)
NoRecord Type#275 (dep: #257)
NoRecord Type#279 (dep: #261)
NoRecord Type#283 (dep: #282)
NoRecord Type#286 (dep: #285)
NoRecord Type#290 (dep: #289)
NoRecord Type#295 (dep: #293)
NoRecord Type#296 (dep: #293)
NoRecord Type#298 (dep: #293)
NoRecord Type#303 (dep: #257)
NoRecord Type#305 (dep: #263)
NoRecord Type#308 (dep: #261)
NoRecord Type#311 (dep: #300)
NoRecord Type#315 (dep: #257)
NoRecord Type#318 (dep: #257)
NoRecord Type#320 (dep: #272)
NoRecord Type#323 (dep: #261)
NoRecord Type#326 (dep: #300)
NoRecord Type#330 (dep: #257)
NoRecord Type#333 (dep: #257)
NoRecord Type#335 (dep: #281)
NoRecord Type#338 (dep: #261)
NoRecord Type#341 (dep: #300)
NoRecord Type#345 (dep: #257)
NoRecord Type#348 (dep: #261)
NoRecord Type#350 (dep: #263)
NoRecord Type#353 (dep: #257)
NoRecord Type#356 (dep: #300)
NoRecord Type#360 (dep: #261)
NoRecord Type#363 (dep: #261)
NoRecord Type#365 (dep: #272)
NoRecord Type#368 (dep: #257)
NoRecord Type#371 (dep: #300)
NoRecord Type#375 (dep: #261)
NoRecord Type#378 (dep: #261)
NoRecord Type#380 (dep: #281)
NoRecord Type#383 (dep: #257)
NoRecord Type#386 (dep: #300)
NoRecord Type#390 (dep: #261)
NoRecord Type#405 (dep: #396)
NoRecord Type#409 (dep: #400)
NoRecord Type#414 (dep: #396)
NoRecord Type#418 (dep: #400)
NoRecord Type#422 (dep: #421)
NoRecord Type#425 (dep: #424)
NoRecord Type#429 (dep: #428)
NoRecord Type#434 (dep: #432)
NoRecord Type#435 (dep: #432)
NoRecord Type#437 (dep: #432)
NoRecord Type#442 (dep: #396)
NoRecord Type#444 (dep: #402)
NoRecord Type#447 (dep: #400)
NoRecord Type#450 (dep: #439)
NoRecord Type#454 (dep: #396)
NoRecord Type#457 (dep: #396)
NoRecord Type#459 (dep: #411)
NoRecord Type#462 (dep: #400)
NoRecord Type#465 (dep: #439)
NoRecord Type#469 (dep: #396)
NoRecord Type#472 (dep: #396)
NoRecord Type#474 (dep: #420)
NoRecord Type#477 (dep: #400)
NoRecord Type#480 (dep: #439)
NoRecord Type#484 (dep: #396)
NoRecord Type#487 (dep: #400)
NoRecord Type#489 (dep: #402)
NoRecord Type#492 (dep: #396)
NoRecord Type#495 (dep: #439)
NoRecord Type#499 (dep: #400)
NoRecord Type#502 (dep: #400)
NoRecord Type#504 (dep: #411)
NoRecord Type#507 (dep: #396)
NoRecord Type#510 (dep: #439)
NoRecord Type#514 (dep: #400)
NoRecord Type#517 (dep: #400)
NoRecord Type#519 (dep: #420)
NoRecord Type#522 (dep: #396)
NoRecord Type#525 (dep: #439)
NoRecord Type#529 (dep: #400)
NoRecord Type#541 (dep: #532)
NoRecord Type#545 (dep: #536)
NoRecord Type#550 (dep: #532)
NoRecord Type#554 (dep: #536)
NoRecord Type#558 (dep: #557)
NoRecord Type#561 (dep: #560)
NoRecord Type#565 (dep: #564)
NoRecord Type#570 (dep: #568)
NoRecord Type#571 (dep: #568)
NoRecord Type#573 (dep: #568)
NoRecord Type#578 (dep: #532)
NoRecord Type#580 (dep: #538)
NoRecord Type#583 (dep: #536)
NoRecord Type#586 (dep: #575)
NoRecord Type#590 (dep: #532)
NoRecord Type#593 (dep: #532)
NoRecord Type#595 (dep: #547)
NoRecord Type#598 (dep: #536)
NoRecord Type#601 (dep: #575)
NoRecord Type#605 (dep: #532)
NoRecord Type#608 (dep: #532)
NoRecord Type#610 (dep: #556)
NoRecord Type#613 (dep: #536)
NoRecord Type#616 (dep: #575)
NoRecord Type#620 (dep: #532)
NoRecord Type#623 (dep: #536)
NoRecord Type#625 (dep: #538)
NoRecord Type#628 (dep: #532)
NoRecord Type#631 (dep: #575)
NoRecord Type#635 (dep: #536)
NoRecord Type#638 (dep: #536)
NoRecord Type#640 (dep: #547)
NoRecord Type#643 (dep: #532)
NoRecord Type#646 (dep: #575)
NoRecord Type#650 (dep: #536)
NoRecord Type#653 (dep: #536)
NoRecord Type#655 (dep: #556)
NoRecord Type#658 (dep: #532)
NoRecord Type#661 (dep: #575)
NoRecord Type#665 (dep: #536)
NoRecord Type#675 (dep: #674)
NoRecord Type#691 (dep: #682)
NoRecord Type#695 (dep: #686)
NoRecord Type#700 (dep: #682)
NoRecord Type#704 (dep: #686)
NoRecord Type#708 (dep: #707)
NoRecord Type#711 (dep: #710)
NoRecord Type#715 (dep: #714)
NoRecord Type#720 (dep: #718)
NoRecord Type#721 (dep: #718)
NoRecord Type#723 (dep: #718)
NoRecord Type#728 (dep: #682)
NoRecord Type#730 (dep: #688)
NoRecord Type#733 (dep: #686)
NoRecord Type#736 (dep: #725)
NoRecord Type#740 (dep: #682)
NoRecord Type#743 (dep: #682)
NoRecord Type#745 (dep: #697)
NoRecord Type#748 (dep: #686)
NoRecord Type#751 (dep: #725)
NoRecord Type#755 (dep: #682)
NoRecord Type#758 (dep: #682)
NoRecord Type#760 (dep: #706)
NoRecord Type#763 (dep: #686)
NoRecord Type#766 (dep: #725)
NoRecord Type#770 (dep: #682)
NoRecord Type#773 (dep: #686)
NoRecord Type#775 (dep: #688)
NoRecord Type#778 (dep: #682)
NoRecord Type#781 (dep: #725)
NoRecord Type#785 (dep: #686)
NoRecord Type#788 (dep: #686)
NoRecord Type#790 (dep: #697)
NoRecord Type#793 (dep: #682)
NoRecord Type#796 (dep: #725)
NoRecord Type#800 (dep: #686)
NoRecord Type#803 (dep: #686)
NoRecord Type#805 (dep: #706)
NoRecord Type#808 (dep: #682)
NoRecord Type#811 (dep: #725)
NoRecord Type#815 (dep: #686)
NoRecord Type#829 (dep: #820)
NoRecord Type#833 (dep: #824)
NoRecord Type#838 (dep: #820)
NoRecord Type#842 (dep: #824)
NoRecord Type#846 (dep: #845)
NoRecord Type#849 (dep: #848)
NoRecord Type#853 (dep: #852)
NoRecord Type#856 (dep: #826)
NoRecord Type#857 (dep: #826)
NoRecord Type#859 (dep: #835)
NoRecord Type#860 (dep: #835)
NoRecord Type#863 (dep: #844)
NoRecord Type#864 (dep: #844)
NoRecord Type#869 (dep: #867)
NoRecord Type#870 (dep: #867)
NoRecord Type#872 (dep: #867)
NoRecord Type#877 (dep: #820)
NoRecord Type#879 (dep: #826)
NoRecord Type#882 (dep: #824)
NoRecord Type#885 (dep: #874)
NoRecord Type#889 (dep: #820)
NoRecord Type#892 (dep: #820)
NoRecord Type#894 (dep: #835)
NoRecord Type#897 (dep: #824)
NoRecord Type#900 (dep: #874)
NoRecord Type#904 (dep: #820)
NoRecord Type#907 (dep: #820)
NoRecord Type#909 (dep: #844)
NoRecord Type#912 (dep: #824)
NoRecord Type#915 (dep: #874)
NoRecord Type#919 (dep: #820)
NoRecord Type#922 (dep: #824)
NoRecord Type#924 (dep: #826)
NoRecord Type#927 (dep: #820)
NoRecord Type#930 (dep: #874)
NoRecord Type#934 (dep: #824)
NoRecord Type#937 (dep: #824)
NoRecord Type#939 (dep: #835)
NoRecord Type#942 (dep: #820)
NoRecord Type#945 (dep: #874)
NoRecord Type#949 (dep: #824)
NoRecord Type#952 (dep: #824)
NoRecord Type#954 (dep: #844)
NoRecord Type#957 (dep: #820)
NoRecord Type#960 (dep: #874)
NoRecord Type#964 (dep: #824)
NoRecord Type#976 (dep: #967)
NoRecord Type#980 (dep: #971)
NoRecord Type#985 (dep: #967)
NoRecord Type#989 (dep: #971)
NoRecord Type#993 (dep: #992)
NoRecord Type#996 (dep: #995)
NoRecord Type#1000 (dep: #999)
NoRecord Type#1003 (dep: #973)
NoRecord Type#1004 (dep: #973)
NoRecord Type#1006 (dep: #982)
NoRecord Type#1007 (dep: #982)
NoRecord Type#1010 (dep: #991)
NoRecord Type#1011 (dep: #991)
NoRecord Type#1016 (dep: #1014)
NoRecord Type#1017 (dep: #1014)
NoRecord Type#1019 (dep: #1014)
NoRecord Type#1024 (dep: #967)
NoRecord Type#1026 (dep: #973)
NoRecord Type#1029 (dep: #971)
NoRecord Type#1032 (dep: #1021)
NoRecord Type#1036 (dep: #967)
NoRecord Type#1039 (dep: #967)
NoRecord Type#1041 (dep: #982)
NoRecord Type#1044 (dep: #971)
NoRecord Type#1047 (dep: #1021)
NoRecord Type#1051 (dep: #967)
NoRecord Type#1054 (dep: #967)
NoRecord Type#1056 (dep: #991)
NoRecord Type#1059 (dep: #971)
NoRecord Type#1062 (dep: #1021)
NoRecord Type#1066 (dep: #967)
NoRecord Type#1069 (dep: #971)
NoRecord Type#1071 (dep: #973)
NoRecord Type#1074 (dep: #967)
NoRecord Type#1077 (dep: #1021)
NoRecord Type#1081 (dep: #971)
NoRecord Type#1084 (dep: #971)
NoRecord Type#1086 (dep: #982)
NoRecord Type#1089 (dep: #967)
NoRecord Type#1092 (dep: #1021)
NoRecord Type#1096 (dep: #971)
NoRecord Type#1099 (dep: #971)
NoRecord Type#1101 (dep: #991)
NoRecord Type#1104 (dep: #967)
NoRecord Type#1107 (dep: #1021)
NoRecord Type#1111 (dep: #971)
NoRecord Type#1122 (dep: #1117)
NoRecord Type#1127 (dep: #1117)
NoRecord Type#1130 (dep: #1117)
NoRecord Type#1132 (dep: #1119)
NoRecord Type#1135 (dep: #1117)
NoRecord Type#1140 (dep: #1117)
NoRecord Type#1143 (dep: #1117)
NoRecord Type#1145 (dep: #1119)
NoRecord Type#1148 (dep: #1117)
NoRecord Type#1153 (dep: #1117)
NoRecord Type#1164 (dep: #1159)
NoRecord Type#1169 (dep: #1159)
NoRecord Type#1172 (dep: #1159)
NoRecord Type#1174 (dep: #1161)
NoRecord Type#1177 (dep: #1159)
NoRecord Type#1182 (dep: #1159)
NoRecord Type#1185 (dep: #1159)
NoRecord Type#1187 (dep: #1161)
NoRecord Type#1190 (dep: #1159)
NoRecord Type#1195 (dep: #1159)
NoRecord Type#1203 (dep: #1198)
NoRecord Type#1208 (dep: #1198)
NoRecord Type#1211 (dep: #1198)
NoRecord Type#1213 (dep: #1200)
NoRecord Type#1216 (dep: #1198)
NoRecord Type#1221 (dep: #1198)
NoRecord Type#1224 (dep: #1198)
NoRecord Type#1226 (dep: #1200)
NoRecord Type#1229 (dep: #1198)
NoRecord Type#1234 (dep: #1198)
> 

R version 4.1.1 RC (2021-08-03 r80701) -- "Kick Things"
Copyright (C) 2021 The R Foundation for Statistical Computing
Platform: x86_64-pc-linux-gnu (64-bit)

R is free software and comes with ABSOLUTELY NO WARRANTY.
You are welcome to redistribute it under certain conditions.
Type 'license()' or 'licence()' for distribution details.

R is a collaborative project with many contributors.
Type 'contributors()' for more information and
'citation()' on how to cite R or R packages in publications.

Type 'demo()' for some demos, 'help()' for on-line help, or
'help.start()' for an HTML browser interface to help.
Type 'q()' to quit R.

> 
> advance <- function(dt) {
+     dxx <- matrix(0, n_bodies, n_bodies)
+     dyy <- matrix(0, n_bodies, n_bodies)
+     dzz <- matrix(0, n_bodies, n_bodies)
+     for (i in 1:n_bodies) {
+         for (j in 1:n_bodies) {
+             dxx[[i, j]] <- body_x[[i]] - body_x[[j]]
+             dyy[[i, j]] <- body_y[[i]] - body_y[[j]]
+             dzz[[i, j]] <- body_z[[i]] - body_z[[j]]
+         }
+     }
+ 
+     for (i in 1:(n_bodies - 1)) {
+         j_from <- min(i + 1, n_bodies)
+         for (j in j_from:n_bodies) {
+             dx <- body_x[[i]] - body_x[[j]]
+             dy <- body_y[[i]] - body_y[[j]]
+             dz <- body_z[[i]] - body_z[[j]]
+             distance <- sqrt(dx * dx + dy * dy + dz * dz)
+             mag <- dt / (distance * distance * distance)
+             body_vx[[i]] <<- body_vx[[i]] - dx * body_mass[[j]] * mag
+             body_vy[[i]] <<- body_vy[[i]] - dy * body_mass[[j]] * mag
+             body_vz[[i]] <<- body_vz[[i]] - dz * body_mass[[j]] * mag
+             body_vx[[j]] <<- body_vx[[j]] + dx * body_mass[[i]] * mag
+             body_vy[[j]] <<- body_vy[[j]] + dy * body_mass[[i]] * mag
+             body_vz[[j]] <<- body_vz[[j]] + dz * body_mass[[i]] * mag
+         }
+     }
+ 
+     for (i in 1:n_bodies) {
+         body_x[[i]] <<- body_x[[i]] + dt * body_vx[[i]]
+         body_y[[i]] <<- body_y[[i]] + dt * body_vy[[i]]
+         body_z[[i]] <<- body_z[[i]] + dt * body_vz[[i]]
+     }
+ }
> 
> rir.compile(advance)
function (dt) 
{
    dxx <- matrix(0, n_bodies, n_bodies)
    dyy <- matrix(0, n_bodies, n_bodies)
    dzz <- matrix(0, n_bodies, n_bodies)
    for (i in 1:n_bodies) {
        for (j in 1:n_bodies) {
            dxx[[i, j]] <- body_x[[i]] - body_x[[j]]
            dyy[[i, j]] <- body_y[[i]] - body_y[[j]]
            dzz[[i, j]] <- body_z[[i]] - body_z[[j]]
        }
    }
    for (i in 1:(n_bodies - 1)) {
        j_from <- min(i + 1, n_bodies)
        for (j in j_from:n_bodies) {
            dx <- body_x[[i]] - body_x[[j]]
            dy <- body_y[[i]] - body_y[[j]]
            dz <- body_z[[i]] - body_z[[j]]
            distance <- sqrt(dx * dx + dy * dy + dz * dz)
            mag <- dt/(distance * distance * distance)
            body_vx[[i]] <<- body_vx[[i]] - dx * body_mass[[j]] * 
                mag
            body_vy[[i]] <<- body_vy[[i]] - dy * body_mass[[j]] * 
                mag
            body_vz[[i]] <<- body_vz[[i]] - dz * body_mass[[j]] * 
                mag
            body_vx[[j]] <<- body_vx[[j]] + dx * body_mass[[i]] * 
                mag
            body_vy[[j]] <<- body_vy[[j]] + dy * body_mass[[i]] * 
                mag
            body_vz[[j]] <<- body_vz[[j]] + dz * body_mass[[i]] * 
                mag
        }
    }
    for (i in 1:n_bodies) {
        body_x[[i]] <<- body_x[[i]] + dt * body_vx[[i]]
        body_y[[i]] <<- body_y[[i]] + dt * body_vy[[i]]
        body_z[[i]] <<- body_z[[i]] + dt * body_vz[[i]]
    }
}
<bytecode: 0x5568a2929ed0>
> rir.disassemble(advance)
== closure 0x5568a3384a50 (env 0x5568a15e8218) ==
== dispatch table 0x5568a2929f00 ==
= version 0 (0x5568a2c24248) =
[sigature] needsEnv 
[flags]    
[stats]    invoked: 0, deopt: 0
0:
      0   ldfun_  matrix
      5   [ 0, <0>, valid  ] Call#0
     10   push_  0
     15   mk_promise_  0
     20   mk_promise_  1
     25   ; matrix(0, n_bodies, n_bodies)
          call_  3
     42   [ <?> ] Type#2
     47   stvar_cached_  dxx{0}
     56   ldfun_  matrix
     61   [ 0, <0>, valid  ] Call#1
     66   push_  0
     71   mk_promise_  2
     76   mk_promise_  3
     81   ; matrix(0, n_bodies, n_bodies)
          call_  3
     98   [ <?> ] Type#5
    103   stvar_cached_  dyy{2}
    112   ldfun_  matrix
    117   [ 0, <0>, valid  ] Call#2
    122   push_  0
    127   mk_promise_  4
    132   mk_promise_  5
    137   ; matrix(0, n_bodies, n_bodies)
          call_  3
    154   [ <?> ] Type#8
    159   stvar_cached_  dzz{3}
    168   push_  1
    173   visible_  
    174   force_  
    175   ldvar_cached_  n_bodies{1}
    184   [ <?> ] Type#9
    189   force_  
    190   ; :(1, n_bodies)
          colon_input_effects_  
    191   [ _ ] Test#0
    196   brtrue_  1
    201   ; :(1, n_bodies)
          colon_  
    202   ldfun_  for
    207   swap_  
    208   mk_eager_promise_  6
    213   mk_promise_  7
    218   ; for(i, :(1, n_bodies), {(for(j, :(1, n_bodies)|...
          call_  2
    235   pop_  
    236   br_  48
1:
    241   swap_  
    242   colon_cast_lhs_  
    243   [ <?> ] Type#126
    248   ensure_named_  
    249   swap_  
    250   colon_cast_rhs_  
    251   ensure_named_  
    252   [ <?> ] Type#127
    257   dup2_  
    258   ; NULL
          le_  
    259   [ _ ] Test#22
    264   brfalse_  2
    269   push_  1L
    274   br_  3
2:
    279   push_  -1L
3:
    284   swap_  
    285   pick_  2
4:
    290   dup2_  
    291   ; NULL
          ne_  
    292   brfalse_  47
    297   dup_  
    298   stvar_cached_  i{4}
    307   pull_  2
    312   ensure_named_  
    313   ; NULL
          add_  
    314   push_  1
    319   visible_  
    320   force_  
    321   ldvar_cached_  n_bodies{1}
    330   [ <?> ] Type#128
    335   force_  
    336   ; :(1, n_bodies)
          colon_input_effects_  
    337   [ _ ] Test#23
    342   brtrue_  5
    347   ; :(1, n_bodies)
          colon_  
    348   ldfun_  for
    353   swap_  
    354   mk_eager_promise_  8
    359   mk_promise_  9
    364   ; for(j, :(1, n_bodies), {(<-([[(dxx, i, j), -([|...
          call_  2
    381   pop_  
    382   br_  46
5:
    387   swap_  
    388   colon_cast_lhs_  
    389   [ <?> ] Type#167
    394   ensure_named_  
    395   swap_  
    396   colon_cast_rhs_  
    397   ensure_named_  
    398   [ <?> ] Type#168
    403   dup2_  
    404   ; NULL
          le_  
    405   [ _ ] Test#30
    410   brfalse_  6
    415   push_  1L
    420   br_  7
6:
    425   push_  -1L
7:
    430   swap_  
    431   pick_  2
    436   dup2_  
    437   ; NULL
          ne_  
    438   [ _ ] Test#31
    443   brfalse_  45
    448   dup_  
    449   stvar_cached_  j{5}
    458   pull_  2
    463   ensure_named_  
    464   ; NULL
          add_  
    465   ldvar_cached_  body_x{6}
    474   [ <?> ] Type#169
    479   dup_  
    480   is_  NonObject
    485   [ _ ] Test#32
    490   brfalse_  8
    495   br_  9
8:
    500   mk_promise_  a
    505   br_  10
9:
    510   ldvar_cached_  i{4}
    519   [ <?> ] TypeOnce#171 (bit: #0)
10:
    524   ; [[(body_x, i)
          extract2_1_  
    525   [ <?> ] Type#172
    530   visible_  
    531   ldvar_cached_  body_x{6}
    540   [ <?> ] Type#173
    545   dup_  
    546   is_  NonObject
    551   [ _ ] Test#33
    556   brfalse_  11
    561   br_  12
11:
    566   mk_promise_  b
    571   br_  13
12:
    576   ldvar_cached_  j{5}
    585   [ <?> ] Type#175
13:
    590   ; [[(body_x, j)
          extract2_1_  
    591   [ <?> ] Type#176
    596   visible_  
    597   ; -([[(body_x, i), [[(body_x, j))
          sub_  
    598   [ <?> ] Type#177
    603   ldvar_for_update_cache_  dxx{0}
    612   [ <?> ] Type#178
    617   ldvar_cached_  i{4}
    626   ldvar_cached_  j{5}
    635   ; <-([[(dxx, i, j), -([[(body_x, i), [[(body_x, j)))
          subassign2_2_  
    636   stvar_cached_  dxx{0}
    645   ldvar_cached_  body_y{7}
    654   [ <?> ] Type#181
    659   dup_  
    660   is_  NonObject
    665   [ _ ] Test#34
    670   brfalse_  14
    675   br_  15
14:
    680   mk_promise_  c
    685   br_  16
15:
    690   ldvar_cached_  i{4}
16:
    699   ; [[(body_y, i)
          extract2_1_  
    700   [ <?> ] Type#184
    705   visible_  
    706   ldvar_cached_  body_y{7}
    715   [ <?> ] Type#185
    720   dup_  
    721   is_  NonObject
    726   [ _ ] Test#35
    731   brfalse_  17
    736   br_  18
17:
    741   mk_promise_  d
    746   br_  19
18:
    751   ldvar_cached_  j{5}
19:
    760   ; [[(body_y, j)
          extract2_1_  
    761   [ <?> ] Type#188
    766   visible_  
    767   ; -([[(body_y, i), [[(body_y, j))
          sub_  
    768   [ <?> ] Type#189
    773   ldvar_for_update_cache_  dyy{2}
    782   [ <?> ] Type#190
    787   ldvar_cached_  i{4}
    796   ldvar_cached_  j{5}
    805   ; <-([[(dyy, i, j), -([[(body_y, i), [[(body_y, j)))
          subassign2_2_  
    806   stvar_cached_  dyy{2}
    815   ldvar_cached_  body_z{8}
    824   [ <?> ] Type#193
    829   dup_  
    830   is_  NonObject
    835   [ _ ] Test#36
    840   brfalse_  20
    845   br_  21
20:
    850   mk_promise_  e
    855   br_  22
21:
    860   ldvar_cached_  i{4}
22:
    869   ; [[(body_z, i)
          extract2_1_  
    870   [ <?> ] Type#196
    875   visible_  
    876   ldvar_cached_  body_z{8}
    885   [ <?> ] Type#197
    890   dup_  
    891   is_  NonObject
    896   [ _ ] Test#37
    901   brfalse_  23
    906   br_  24
23:
    911   mk_promise_  f
    916   br_  25
24:
    921   ldvar_cached_  j{5}
25:
    930   ; [[(body_z, j)
          extract2_1_  
    931   [ <?> ] Type#200
    936   visible_  
    937   ; -([[(body_z, i), [[(body_z, j))
          sub_  
    938   [ <?> ] Type#201
    943   ldvar_for_update_cache_  dzz{3}
    952   [ <?> ] Type#202
    957   ldvar_cached_  i{4}
    966   ldvar_cached_  j{5}
    975   ; <-([[(dzz, i, j), -([[(body_z, i), [[(body_z, j)))
          subassign2_2_  
    976   stvar_cached_  dzz{3}
26:
    985   dup2_  
    986   ; NULL
          ne_  
    987   brfalse_  45
    992   dup_  
    993   stvar_cached_  j{5}
   1002   pull_  2
   1007   ensure_named_  
   1008   ; NULL
          add_  
   1009   ldvar_cached_  body_x{6}
   1018   [ <?> ] Type#205
   1023   dup_  
   1024   is_  NonObject
   1029   [ _ ] Test#38
   1034   brfalse_  27
   1039   br_  28
27:
   1044   mk_promise_  10
   1049   br_  29
28:
   1054   ldvar_cached_  i{4}
   1063   [ <?> ] TypeOnce#207 (bit: #1)
29:
   1068   ; [[(body_x, i)
          extract2_1_  
   1069   [ <?> ] Type#208
   1074   visible_  
   1075   ldvar_cached_  body_x{6}
   1084   [ <?> ] Type#209
   1089   dup_  
   1090   is_  NonObject
   1095   [ _ ] Test#39
   1100   brfalse_  30
   1105   br_  31
30:
   1110   mk_promise_  11
   1115   br_  32
31:
   1120   ldvar_cached_  j{5}
   1129   [ <?> ] Type#211
32:
   1134   ; [[(body_x, j)
          extract2_1_  
   1135   [ <?> ] Type#212
   1140   visible_  
   1141   ; -([[(body_x, i), [[(body_x, j))
          sub_  
   1142   [ <?> ] Type#213
   1147   ldvar_for_update_cache_  dxx{0}
   1156   [ <?> ] Type#214
   1161   ldvar_cached_  i{4}
   1170   ldvar_cached_  j{5}
   1179   ; <-([[(dxx, i, j), -([[(body_x, i), [[(body_x, j)))
          subassign2_2_  
   1180   stvar_cached_  dxx{0}
   1189   ldvar_cached_  body_y{7}
   1198   [ <?> ] Type#217
   1203   dup_  
   1204   is_  NonObject
   1209   [ _ ] Test#40
   1214   brfalse_  33
   1219   br_  34
33:
   1224   mk_promise_  12
   1229   br_  35
34:
   1234   ldvar_cached_  i{4}
35:
   1243   ; [[(body_y, i)
          extract2_1_  
   1244   [ <?> ] Type#220
   1249   visible_  
   1250   ldvar_cached_  body_y{7}
   1259   [ <?> ] Type#221
   1264   dup_  
   1265   is_  NonObject
   1270   [ _ ] Test#41
   1275   brfalse_  36
   1280   br_  37
36:
   1285   mk_promise_  13
   1290   br_  38
37:
   1295   ldvar_cached_  j{5}
38:
   1304   ; [[(body_y, j)
          extract2_1_  
   1305   [ <?> ] Type#224
   1310   visible_  
   1311   ; -([[(body_y, i), [[(body_y, j))
          sub_  
   1312   [ <?> ] Type#225
   1317   ldvar_for_update_cache_  dyy{2}
   1326   [ <?> ] Type#226
   1331   ldvar_cached_  i{4}
   1340   ldvar_cached_  j{5}
   1349   ; <-([[(dyy, i, j), -([[(body_y, i), [[(body_y, j)))
          subassign2_2_  
   1350   stvar_cached_  dyy{2}
   1359   ldvar_cached_  body_z{8}
   1368   [ <?> ] Type#229
   1373   dup_  
   1374   is_  NonObject
   1379   [ _ ] Test#42
   1384   brfalse_  39
   1389   br_  40
39:
   1394   mk_promise_  14
   1399   br_  41
40:
   1404   ldvar_cached_  i{4}
41:
   1413   ; [[(body_z, i)
          extract2_1_  
   1414   [ <?> ] Type#232
   1419   visible_  
   1420   ldvar_cached_  body_z{8}
   1429   [ <?> ] Type#233
   1434   dup_  
   1435   is_  NonObject
   1440   [ _ ] Test#43
   1445   brfalse_  42
   1450   br_  43
42:
   1455   mk_promise_  15
   1460   br_  44
43:
   1465   ldvar_cached_  j{5}
44:
   1474   ; [[(body_z, j)
          extract2_1_  
   1475   [ <?> ] Type#236
   1480   visible_  
   1481   ; -([[(body_z, i), [[(body_z, j))
          sub_  
   1482   [ <?> ] Type#237
   1487   ldvar_for_update_cache_  dzz{3}
   1496   [ <?> ] Type#238
   1501   ldvar_cached_  i{4}
   1510   ldvar_cached_  j{5}
   1519   ; <-([[(dzz, i, j), -([[(body_z, i), [[(body_z, j)))
          subassign2_2_  
   1520   stvar_cached_  dzz{3}
   1529   br_  26
45:
   1534   popn_  3
46:
   1539   br_  4
47:
   1544   popn_  3
48:
   1549   push_  1
   1554   visible_  
   1555   force_  
   1556   ldvar_cached_  n_bodies{1}
   1565   [ <?> ] Type#241
   1570   push_  1
   1575   visible_  
   1576   ; -(n_bodies, 1)
          sub_  
   1577   [ <?> ] Type#242
   1582   visible_  
   1583   force_  
   1584   ; :(1, ((-(n_bodies, 1)))
          colon_input_effects_  
   1585   [ _ ] Test#44
   1590   brtrue_  49
   1595   ; :(1, ((-(n_bodies, 1)))
          colon_  
   1596   ldfun_  for
   1601   swap_  
   1602   mk_eager_promise_  16
   1607   mk_promise_  17
   1612   ; for(i, :(1, ((-(n_bodies, 1))), {(<-(j_from, m|...
          call_  2
   1629   pop_  
   1630   br_  174
49:
   1635   swap_  
   1636   colon_cast_lhs_  
   1637   [ <?> ] Type#666
   1642   ensure_named_  
   1643   swap_  
   1644   colon_cast_rhs_  
   1645   ensure_named_  
   1646   [ <?> ] Type#667
   1651   dup2_  
   1652   ; NULL
          le_  
   1653   [ _ ] Test#102
   1658   brfalse_  50
   1663   push_  1L
   1668   br_  51
50:
   1673   push_  -1L
51:
   1678   swap_  
   1679   pick_  2
52:
   1684   dup2_  
   1685   ; NULL
          ne_  
   1686   brfalse_  173
   1691   dup_  
   1692   stvar_cached_  i{4}
   1701   pull_  2
   1706   ensure_named_  
   1707   ; NULL
          add_  
   1708   push_  <blt min>
   1713   dup_  
   1714   ldvar_noforce_  min
   1719   identical_noforce_  
   1720   [ _ ] Test#103
   1725   brtrue_  53
   1730   pop_  
   1731   ldfun_  min
   1736   [ 0, <0>, valid  ] Call#7
   1741   mk_promise_  18
   1746   mk_promise_  19
   1751   ; min(+(i, 1), n_bodies)
          call_  2
   1768   br_  54
53:
   1773   ldvar_cached_  i{4}
   1782   [ <?> ] TypeOnce#671 (bit: #2)
   1787   push_  1
   1792   visible_  
   1793   ; +(i, 1)
          add_  
   1794   [ <?> ] Type#672
   1799   ldvar_cached_  n_bodies{1}
   1808   [ <?> ] Type#673
   1813   ; min(+(i, 1), n_bodies)
          call_  2
54:
   1830   [ <?> ] Type#674
   1835   stvar_cached_  j_from{9}
   1844   ldvar_cached_  j_from{9}
   1853   force_  
   1854   ldvar_cached_  n_bodies{1}
   1863   [ <?> ] Type#676
   1868   force_  
   1869   ; :(j_from, n_bodies)
          colon_input_effects_  
   1870   [ _ ] Test#104
   1875   brtrue_  55
   1880   ; :(j_from, n_bodies)
          colon_  
   1881   ldfun_  for
   1886   swap_  
   1887   mk_eager_promise_  1a
   1892   mk_promise_  1b
   1897   ; for(j, :(j_from, n_bodies), {(<-(dx, -([[(body|...
          call_  2
   1914   pop_  
   1915   br_  172
55:
   1920   swap_  
   1921   colon_cast_lhs_  
   1922   [ <?> ] Type#816
   1927   ensure_named_  
   1928   swap_  
   1929   colon_cast_rhs_  
   1930   ensure_named_  
   1931   [ <?> ] Type#817
   1936   dup2_  
   1937   ; NULL
          le_  
   1938   [ _ ] Test#123
   1943   brfalse_  56
   1948   push_  1L
   1953   br_  57
56:
   1958   push_  -1L
57:
   1963   swap_  
   1964   pick_  2
   1969   dup2_  
   1970   ; NULL
          ne_  
   1971   [ _ ] Test#124
   1976   brfalse_  171
   1981   dup_  
   1982   stvar_cached_  j{5}
   1991   pull_  2
   1996   ensure_named_  
   1997   ; NULL
          add_  
   1998   ldvar_cached_  body_x{6}
   2007   [ <?> ] Type#818
   2012   dup_  
   2013   is_  NonObject
   2018   [ _ ] Test#125
   2023   brfalse_  58
   2028   br_  59
58:
   2033   mk_promise_  1c
   2038   br_  60
59:
   2043   ldvar_cached_  i{4}
   2052   [ <?> ] TypeOnce#820 (bit: #3)
60:
   2057   ; [[(body_x, i)
          extract2_1_  
   2058   [ <?> ] Type#821
   2063   visible_  
   2064   ldvar_cached_  body_x{6}
   2073   [ <?> ] Type#822
   2078   dup_  
   2079   is_  NonObject
   2084   [ _ ] Test#126
   2089   brfalse_  61
   2094   br_  62
61:
   2099   mk_promise_  1d
   2104   br_  63
62:
   2109   ldvar_cached_  j{5}
   2118   [ <?> ] Type#824
63:
   2123   ; [[(body_x, j)
          extract2_1_  
   2124   [ <?> ] Type#825
   2129   visible_  
   2130   ; -([[(body_x, i), [[(body_x, j))
          sub_  
   2131   [ <?> ] Type#826
   2136   stvar_cached_  dx{10}
   2145   ldvar_cached_  body_y{7}
   2154   [ <?> ] Type#827
   2159   dup_  
   2160   is_  NonObject
   2165   [ _ ] Test#127
   2170   brfalse_  64
   2175   br_  65
64:
   2180   mk_promise_  1e
   2185   br_  66
65:
   2190   ldvar_cached_  i{4}
66:
   2199   ; [[(body_y, i)
          extract2_1_  
   2200   [ <?> ] Type#830
   2205   visible_  
   2206   ldvar_cached_  body_y{7}
   2215   [ <?> ] Type#831
   2220   dup_  
   2221   is_  NonObject
   2226   [ _ ] Test#128
   2231   brfalse_  67
   2236   br_  68
67:
   2241   mk_promise_  1f
   2246   br_  69
68:
   2251   ldvar_cached_  j{5}
69:
   2260   ; [[(body_y, j)
          extract2_1_  
   2261   [ <?> ] Type#834
   2266   visible_  
   2267   ; -([[(body_y, i), [[(body_y, j))
          sub_  
   2268   [ <?> ] Type#835
   2273   stvar_cached_  dy{11}
   2282   ldvar_cached_  body_z{8}
   2291   [ <?> ] Type#836
   2296   dup_  
   2297   is_  NonObject
   2302   [ _ ] Test#129
   2307   brfalse_  70
   2312   br_  71
70:
   2317   mk_promise_  20
   2322   br_  72
71:
   2327   ldvar_cached_  i{4}
72:
   2336   ; [[(body_z, i)
          extract2_1_  
   2337   [ <?> ] Type#839
   2342   visible_  
   2343   ldvar_cached_  body_z{8}
   2352   [ <?> ] Type#840
   2357   dup_  
   2358   is_  NonObject
   2363   [ _ ] Test#130
   2368   brfalse_  73
   2373   br_  74
73:
   2378   mk_promise_  21
   2383   br_  75
74:
   2388   ldvar_cached_  j{5}
75:
   2397   ; [[(body_z, j)
          extract2_1_  
   2398   [ <?> ] Type#843
   2403   visible_  
   2404   ; -([[(body_z, i), [[(body_z, j))
          sub_  
   2405   [ <?> ] Type#844
   2410   stvar_cached_  dz{12}
   2419   push_  <blt sqrt>
   2424   dup_  
   2425   ldvar_noforce_  sqrt
   2430   identical_noforce_  
   2431   [ _ ] Test#131
   2436   brtrue_  76
   2441   pop_  
   2442   ldfun_  sqrt
   2447   [ 0, <0>, valid  ] Call#9
   2452   mk_promise_  22
   2457   ; sqrt(+(+(*(dx, dx), *(dy, dy)), *(dz, dz)))
          call_  1
   2474   br_  77
76:
   2479   ldvar_cached_  dx{10}
   2488   ldvar_cached_  dx{10}
   2497   ; *(dx, dx)
          mul_  
   2498   [ <?> ] Type#858
   2503   ldvar_cached_  dy{11}
   2512   ldvar_cached_  dy{11}
   2521   ; *(dy, dy)
          mul_  
   2522   [ <?> ] Type#861
   2527   ; +(*(dx, dx), *(dy, dy))
          add_  
   2528   [ <?> ] Type#862
   2533   ldvar_cached_  dz{12}
   2542   ldvar_cached_  dz{12}
   2551   ; *(dz, dz)
          mul_  
   2552   [ <?> ] Type#865
   2557   ; +(+(*(dx, dx), *(dy, dy)), *(dz, dz))
          add_  
   2558   [ <?> ] Type#866
   2563   ; sqrt(+(+(*(dx, dx), *(dy, dy)), *(dz, dz)))
          call_  1
77:
   2580   [ <?> ] Type#867
   2585   stvar_cached_  distance{13}
   2594   ldvar_cached_  dt{15}
   2603   [ <?> ] TypeOnce#868 (bit: #4)
   2608   ldvar_cached_  distance{13}
   2617   ldvar_cached_  distance{13}
   2626   ; *(distance, distance)
          mul_  
   2627   [ <?> ] Type#871
   2632   ldvar_cached_  distance{13}
   2641   ; *(*(distance, distance), distance)
          mul_  
   2642   [ <?> ] Type#873
   2647   visible_  
   2648   ; /(dt, ((*(*(distance, distance), distance)))
          div_  
   2649   [ <?> ] Type#874
   2654   stvar_cached_  mag{14}
   2663   ldvar_for_update_cache_  body_vx{16}
   2672   set_shared_  
   2673   pop_  
   2674   ldvar_cached_  body_vx{16}
   2683   [ <?> ] Type#875
   2688   dup_  
   2689   is_  NonObject
   2694   [ _ ] Test#132
   2699   brfalse_  78
   2704   br_  79
78:
   2709   mk_promise_  23
   2714   br_  80
79:
   2719   ldvar_cached_  i{4}
80:
   2728   ; [[(body_vx, i)
          extract2_1_  
   2729   [ <?> ] Type#878
   2734   visible_  
   2735   ldvar_cached_  dx{10}
   2744   ldvar_cached_  body_mass{17}
   2753   [ <?> ] Type#880
   2758   dup_  
   2759   is_  NonObject
   2764   [ _ ] Test#133
   2769   brfalse_  81
   2774   br_  82
81:
   2779   mk_promise_  24
   2784   br_  83
82:
   2789   ldvar_cached_  j{5}
83:
   2798   ; [[(body_mass, j)
          extract2_1_  
   2799   [ <?> ] Type#883
   2804   visible_  
   2805   ; *(dx, [[(body_mass, j))
          mul_  
   2806   [ <?> ] Type#884
   2811   ldvar_cached_  mag{14}
   2820   ; *(*(dx, [[(body_mass, j)), mag)
          mul_  
   2821   [ <?> ] Type#886
   2826   ; -([[(body_vx, i), *(*(dx, [[(body_mass, j)), mag))
          sub_  
   2827   [ <?> ] Type#887
   2832   ldvar_super_  body_vx
   2837   [ <?> ] Type#888
   2842   ldvar_cached_  i{4}
   2851   ; <<-([[(body_vx, i), -([[(body_vx, i), *(*(dx, |...
          subassign2_1_  
   2852   stvar_super_  body_vx
   2857   ldvar_for_update_cache_  body_vy{18}
   2866   set_shared_  
   2867   pop_  
   2868   ldvar_cached_  body_vy{18}
   2877   [ <?> ] Type#890
   2882   dup_  
   2883   is_  NonObject
   2888   [ _ ] Test#134
   2893   brfalse_  84
   2898   br_  85
84:
   2903   mk_promise_  25
   2908   br_  86
85:
   2913   ldvar_cached_  i{4}
86:
   2922   ; [[(body_vy, i)
          extract2_1_  
   2923   [ <?> ] Type#893
   2928   visible_  
   2929   ldvar_cached_  dy{11}
   2938   ldvar_cached_  body_mass{17}
   2947   [ <?> ] Type#895
   2952   dup_  
   2953   is_  NonObject
   2958   [ _ ] Test#135
   2963   brfalse_  87
   2968   br_  88
87:
   2973   mk_promise_  26
   2978   br_  89
88:
   2983   ldvar_cached_  j{5}
89:
   2992   ; [[(body_mass, j)
          extract2_1_  
   2993   [ <?> ] Type#898
   2998   visible_  
   2999   ; *(dy, [[(body_mass, j))
          mul_  
   3000   [ <?> ] Type#899
   3005   ldvar_cached_  mag{14}
   3014   ; *(*(dy, [[(body_mass, j)), mag)
          mul_  
   3015   [ <?> ] Type#901
   3020   ; -([[(body_vy, i), *(*(dy, [[(body_mass, j)), mag))
          sub_  
   3021   [ <?> ] Type#902
   3026   ldvar_super_  body_vy
   3031   [ <?> ] Type#903
   3036   ldvar_cached_  i{4}
   3045   ; <<-([[(body_vy, i), -([[(body_vy, i), *(*(dy, |...
          subassign2_1_  
   3046   stvar_super_  body_vy
   3051   ldvar_for_update_cache_  body_vz{19}
   3060   set_shared_  
   3061   pop_  
   3062   ldvar_cached_  body_vz{19}
   3071   [ <?> ] Type#905
   3076   dup_  
   3077   is_  NonObject
   3082   [ _ ] Test#136
   3087   brfalse_  90
   3092   br_  91
90:
   3097   mk_promise_  27
   3102   br_  92
91:
   3107   ldvar_cached_  i{4}
92:
   3116   ; [[(body_vz, i)
          extract2_1_  
   3117   [ <?> ] Type#908
   3122   visible_  
   3123   ldvar_cached_  dz{12}
   3132   ldvar_cached_  body_mass{17}
   3141   [ <?> ] Type#910
   3146   dup_  
   3147   is_  NonObject
   3152   [ _ ] Test#137
   3157   brfalse_  93
   3162   br_  94
93:
   3167   mk_promise_  28
   3172   br_  95
94:
   3177   ldvar_cached_  j{5}
95:
   3186   ; [[(body_mass, j)
          extract2_1_  
   3187   [ <?> ] Type#913
   3192   visible_  
   3193   ; *(dz, [[(body_mass, j))
          mul_  
   3194   [ <?> ] Type#914
   3199   ldvar_cached_  mag{14}
   3208   ; *(*(dz, [[(body_mass, j)), mag)
          mul_  
   3209   [ <?> ] Type#916
   3214   ; -([[(body_vz, i), *(*(dz, [[(body_mass, j)), mag))
          sub_  
   3215   [ <?> ] Type#917
   3220   ldvar_super_  body_vz
   3225   [ <?> ] Type#918
   3230   ldvar_cached_  i{4}
   3239   ; <<-([[(body_vz, i), -([[(body_vz, i), *(*(dz, |...
          subassign2_1_  
   3240   stvar_super_  body_vz
   3245   ldvar_for_update_cache_  body_vx{16}
   3254   set_shared_  
   3255   pop_  
   3256   ldvar_cached_  body_vx{16}
   3265   [ <?> ] Type#920
   3270   dup_  
   3271   is_  NonObject
   3276   [ _ ] Test#138
   3281   brfalse_  96
   3286   br_  97
96:
   3291   mk_promise_  29
   3296   br_  98
97:
   3301   ldvar_cached_  j{5}
98:
   3310   ; [[(body_vx, j)
          extract2_1_  
   3311   [ <?> ] Type#923
   3316   visible_  
   3317   ldvar_cached_  dx{10}
   3326   ldvar_cached_  body_mass{17}
   3335   [ <?> ] Type#925
   3340   dup_  
   3341   is_  NonObject
   3346   [ _ ] Test#139
   3351   brfalse_  99
   3356   br_  100
99:
   3361   mk_promise_  2a
   3366   br_  101
100:
   3371   ldvar_cached_  i{4}
101:
   3380   ; [[(body_mass, i)
          extract2_1_  
   3381   [ <?> ] Type#928
   3386   visible_  
   3387   ; *(dx, [[(body_mass, i))
          mul_  
   3388   [ <?> ] Type#929
   3393   ldvar_cached_  mag{14}
   3402   ; *(*(dx, [[(body_mass, i)), mag)
          mul_  
   3403   [ <?> ] Type#931
   3408   ; +([[(body_vx, j), *(*(dx, [[(body_mass, i)), mag))
          add_  
   3409   [ <?> ] Type#932
   3414   ldvar_super_  body_vx
   3419   [ <?> ] Type#933
   3424   ldvar_cached_  j{5}
   3433   ; <<-([[(body_vx, j), +([[(body_vx, j), *(*(dx, |...
          subassign2_1_  
   3434   stvar_super_  body_vx
   3439   ldvar_for_update_cache_  body_vy{18}
   3448   set_shared_  
   3449   pop_  
   3450   ldvar_cached_  body_vy{18}
   3459   [ <?> ] Type#935
   3464   dup_  
   3465   is_  NonObject
   3470   [ _ ] Test#140
   3475   brfalse_  102
   3480   br_  103
102:
   3485   mk_promise_  2b
   3490   br_  104
103:
   3495   ldvar_cached_  j{5}
104:
   3504   ; [[(body_vy, j)
          extract2_1_  
   3505   [ <?> ] Type#938
   3510   visible_  
   3511   ldvar_cached_  dy{11}
   3520   ldvar_cached_  body_mass{17}
   3529   [ <?> ] Type#940
   3534   dup_  
   3535   is_  NonObject
   3540   [ _ ] Test#141
   3545   brfalse_  105
   3550   br_  106
105:
   3555   mk_promise_  2c
   3560   br_  107
106:
   3565   ldvar_cached_  i{4}
107:
   3574   ; [[(body_mass, i)
          extract2_1_  
   3575   [ <?> ] Type#943
   3580   visible_  
   3581   ; *(dy, [[(body_mass, i))
          mul_  
   3582   [ <?> ] Type#944
   3587   ldvar_cached_  mag{14}
   3596   ; *(*(dy, [[(body_mass, i)), mag)
          mul_  
   3597   [ <?> ] Type#946
   3602   ; +([[(body_vy, j), *(*(dy, [[(body_mass, i)), mag))
          add_  
   3603   [ <?> ] Type#947
   3608   ldvar_super_  body_vy
   3613   [ <?> ] Type#948
   3618   ldvar_cached_  j{5}
   3627   ; <<-([[(body_vy, j), +([[(body_vy, j), *(*(dy, |...
          subassign2_1_  
   3628   stvar_super_  body_vy
   3633   ldvar_for_update_cache_  body_vz{19}
   3642   set_shared_  
   3643   pop_  
   3644   ldvar_cached_  body_vz{19}
   3653   [ <?> ] Type#950
   3658   dup_  
   3659   is_  NonObject
   3664   [ _ ] Test#142
   3669   brfalse_  108
   3674   br_  109
108:
   3679   mk_promise_  2d
   3684   br_  110
109:
   3689   ldvar_cached_  j{5}
110:
   3698   ; [[(body_vz, j)
          extract2_1_  
   3699   [ <?> ] Type#953
   3704   visible_  
   3705   ldvar_cached_  dz{12}
   3714   ldvar_cached_  body_mass{17}
   3723   [ <?> ] Type#955
   3728   dup_  
   3729   is_  NonObject
   3734   [ _ ] Test#143
   3739   brfalse_  111
   3744   br_  112
111:
   3749   mk_promise_  2e
   3754   br_  113
112:
   3759   ldvar_cached_  i{4}
113:
   3768   ; [[(body_mass, i)
          extract2_1_  
   3769   [ <?> ] Type#958
   3774   visible_  
   3775   ; *(dz, [[(body_mass, i))
          mul_  
   3776   [ <?> ] Type#959
   3781   ldvar_cached_  mag{14}
   3790   ; *(*(dz, [[(body_mass, i)), mag)
          mul_  
   3791   [ <?> ] Type#961
   3796   ; +([[(body_vz, j), *(*(dz, [[(body_mass, i)), mag))
          add_  
   3797   [ <?> ] Type#962
   3802   ldvar_super_  body_vz
   3807   [ <?> ] Type#963
   3812   ldvar_cached_  j{5}
   3821   ; <<-([[(body_vz, j), +([[(body_vz, j), *(*(dz, |...
          subassign2_1_  
   3822   stvar_super_  body_vz
114:
   3827   dup2_  
   3828   ; NULL
          ne_  
   3829   brfalse_  171
   3834   dup_  
   3835   stvar_cached_  j{5}
   3844   pull_  2
   3849   ensure_named_  
   3850   ; NULL
          add_  
   3851   ldvar_cached_  body_x{6}
   3860   [ <?> ] Type#965
   3865   dup_  
   3866   is_  NonObject
   3871   [ _ ] Test#144
   3876   brfalse_  115
   3881   br_  116
115:
   3886   mk_promise_  2f
   3891   br_  117
116:
   3896   ldvar_cached_  i{4}
   3905   [ <?> ] TypeOnce#967 (bit: #5)
117:
   3910   ; [[(body_x, i)
          extract2_1_  
   3911   [ <?> ] Type#968
   3916   visible_  
   3917   ldvar_cached_  body_x{6}
   3926   [ <?> ] Type#969
   3931   dup_  
   3932   is_  NonObject
   3937   [ _ ] Test#145
   3942   brfalse_  118
   3947   br_  119
118:
   3952   mk_promise_  30
   3957   br_  120
119:
   3962   ldvar_cached_  j{5}
   3971   [ <?> ] Type#971
120:
   3976   ; [[(body_x, j)
          extract2_1_  
   3977   [ <?> ] Type#972
   3982   visible_  
   3983   ; -([[(body_x, i), [[(body_x, j))
          sub_  
   3984   [ <?> ] Type#973
   3989   stvar_cached_  dx{10}
   3998   ldvar_cached_  body_y{7}
   4007   [ <?> ] Type#974
   4012   dup_  
   4013   is_  NonObject
   4018   [ _ ] Test#146
   4023   brfalse_  121
   4028   br_  122
121:
   4033   mk_promise_  31
   4038   br_  123
122:
   4043   ldvar_cached_  i{4}
123:
   4052   ; [[(body_y, i)
          extract2_1_  
   4053   [ <?> ] Type#977
   4058   visible_  
   4059   ldvar_cached_  body_y{7}
   4068   [ <?> ] Type#978
   4073   dup_  
   4074   is_  NonObject
   4079   [ _ ] Test#147
   4084   brfalse_  124
   4089   br_  125
124:
   4094   mk_promise_  32
   4099   br_  126
125:
   4104   ldvar_cached_  j{5}
126:
   4113   ; [[(body_y, j)
          extract2_1_  
   4114   [ <?> ] Type#981
   4119   visible_  
   4120   ; -([[(body_y, i), [[(body_y, j))
          sub_  
   4121   [ <?> ] Type#982
   4126   stvar_cached_  dy{11}
   4135   ldvar_cached_  body_z{8}
   4144   [ <?> ] Type#983
   4149   dup_  
   4150   is_  NonObject
   4155   [ _ ] Test#148
   4160   brfalse_  127
   4165   br_  128
127:
   4170   mk_promise_  33
   4175   br_  129
128:
   4180   ldvar_cached_  i{4}
129:
   4189   ; [[(body_z, i)
          extract2_1_  
   4190   [ <?> ] Type#986
   4195   visible_  
   4196   ldvar_cached_  body_z{8}
   4205   [ <?> ] Type#987
   4210   dup_  
   4211   is_  NonObject
   4216   [ _ ] Test#149
   4221   brfalse_  130
   4226   br_  131
130:
   4231   mk_promise_  34
   4236   br_  132
131:
   4241   ldvar_cached_  j{5}
132:
   4250   ; [[(body_z, j)
          extract2_1_  
   4251   [ <?> ] Type#990
   4256   visible_  
   4257   ; -([[(body_z, i), [[(body_z, j))
          sub_  
   4258   [ <?> ] Type#991
   4263   stvar_cached_  dz{12}
   4272   push_  <blt sqrt>
   4277   dup_  
   4278   ldvar_noforce_  sqrt
   4283   identical_noforce_  
   4284   [ _ ] Test#150
   4289   brtrue_  133
   4294   pop_  
   4295   ldfun_  sqrt
   4300   [ 0, <0>, valid  ] Call#10
   4305   mk_promise_  35
   4310   ; sqrt(+(+(*(dx, dx), *(dy, dy)), *(dz, dz)))
          call_  1
   4327   br_  134
133:
   4332   ldvar_cached_  dx{10}
   4341   ldvar_cached_  dx{10}
   4350   ; *(dx, dx)
          mul_  
   4351   [ <?> ] Type#1005
   4356   ldvar_cached_  dy{11}
   4365   ldvar_cached_  dy{11}
   4374   ; *(dy, dy)
          mul_  
   4375   [ <?> ] Type#1008
   4380   ; +(*(dx, dx), *(dy, dy))
          add_  
   4381   [ <?> ] Type#1009
   4386   ldvar_cached_  dz{12}
   4395   ldvar_cached_  dz{12}
   4404   ; *(dz, dz)
          mul_  
   4405   [ <?> ] Type#1012
   4410   ; +(+(*(dx, dx), *(dy, dy)), *(dz, dz))
          add_  
   4411   [ <?> ] Type#1013
   4416   ; sqrt(+(+(*(dx, dx), *(dy, dy)), *(dz, dz)))
          call_  1
134:
   4433   [ <?> ] Type#1014
   4438   stvar_cached_  distance{13}
   4447   ldvar_cached_  dt{15}
   4456   [ <?> ] TypeOnce#1015 (bit: #6)
   4461   ldvar_cached_  distance{13}
   4470   ldvar_cached_  distance{13}
   4479   ; *(distance, distance)
          mul_  
   4480   [ <?> ] Type#1018
   4485   ldvar_cached_  distance{13}
   4494   ; *(*(distance, distance), distance)
          mul_  
   4495   [ <?> ] Type#1020
   4500   visible_  
   4501   ; /(dt, ((*(*(distance, distance), distance)))
          div_  
   4502   [ <?> ] Type#1021
   4507   stvar_cached_  mag{14}
   4516   ldvar_for_update_cache_  body_vx{16}
   4525   set_shared_  
   4526   pop_  
   4527   ldvar_cached_  body_vx{16}
   4536   [ <?> ] Type#1022
   4541   dup_  
   4542   is_  NonObject
   4547   [ _ ] Test#151
   4552   brfalse_  135
   4557   br_  136
135:
   4562   mk_promise_  36
   4567   br_  137
136:
   4572   ldvar_cached_  i{4}
137:
   4581   ; [[(body_vx, i)
          extract2_1_  
   4582   [ <?> ] Type#1025
   4587   visible_  
   4588   ldvar_cached_  dx{10}
   4597   ldvar_cached_  body_mass{17}
   4606   [ <?> ] Type#1027
   4611   dup_  
   4612   is_  NonObject
   4617   [ _ ] Test#152
   4622   brfalse_  138
   4627   br_  139
138:
   4632   mk_promise_  37
   4637   br_  140
139:
   4642   ldvar_cached_  j{5}
140:
   4651   ; [[(body_mass, j)
          extract2_1_  
   4652   [ <?> ] Type#1030
   4657   visible_  
   4658   ; *(dx, [[(body_mass, j))
          mul_  
   4659   [ <?> ] Type#1031
   4664   ldvar_cached_  mag{14}
   4673   ; *(*(dx, [[(body_mass, j)), mag)
          mul_  
   4674   [ <?> ] Type#1033
   4679   ; -([[(body_vx, i), *(*(dx, [[(body_mass, j)), mag))
          sub_  
   4680   [ <?> ] Type#1034
   4685   ldvar_super_  body_vx
   4690   [ <?> ] Type#1035
   4695   ldvar_cached_  i{4}
   4704   ; <<-([[(body_vx, i), -([[(body_vx, i), *(*(dx, |...
          subassign2_1_  
   4705   stvar_super_  body_vx
   4710   ldvar_for_update_cache_  body_vy{18}
   4719   set_shared_  
   4720   pop_  
   4721   ldvar_cached_  body_vy{18}
   4730   [ <?> ] Type#1037
   4735   dup_  
   4736   is_  NonObject
   4741   [ _ ] Test#153
   4746   brfalse_  141
   4751   br_  142
141:
   4756   mk_promise_  38
   4761   br_  143
142:
   4766   ldvar_cached_  i{4}
143:
   4775   ; [[(body_vy, i)
          extract2_1_  
   4776   [ <?> ] Type#1040
   4781   visible_  
   4782   ldvar_cached_  dy{11}
   4791   ldvar_cached_  body_mass{17}
   4800   [ <?> ] Type#1042
   4805   dup_  
   4806   is_  NonObject
   4811   [ _ ] Test#154
   4816   brfalse_  144
   4821   br_  145
144:
   4826   mk_promise_  39
   4831   br_  146
145:
   4836   ldvar_cached_  j{5}
146:
   4845   ; [[(body_mass, j)
          extract2_1_  
   4846   [ <?> ] Type#1045
   4851   visible_  
   4852   ; *(dy, [[(body_mass, j))
          mul_  
   4853   [ <?> ] Type#1046
   4858   ldvar_cached_  mag{14}
   4867   ; *(*(dy, [[(body_mass, j)), mag)
          mul_  
   4868   [ <?> ] Type#1048
   4873   ; -([[(body_vy, i), *(*(dy, [[(body_mass, j)), mag))
          sub_  
   4874   [ <?> ] Type#1049
   4879   ldvar_super_  body_vy
   4884   [ <?> ] Type#1050
   4889   ldvar_cached_  i{4}
   4898   ; <<-([[(body_vy, i), -([[(body_vy, i), *(*(dy, |...
          subassign2_1_  
   4899   stvar_super_  body_vy
   4904   ldvar_for_update_cache_  body_vz{19}
   4913   set_shared_  
   4914   pop_  
   4915   ldvar_cached_  body_vz{19}
   4924   [ <?> ] Type#1052
   4929   dup_  
   4930   is_  NonObject
   4935   [ _ ] Test#155
   4940   brfalse_  147
   4945   br_  148
147:
   4950   mk_promise_  3a
   4955   br_  149
148:
   4960   ldvar_cached_  i{4}
149:
   4969   ; [[(body_vz, i)
          extract2_1_  
   4970   [ <?> ] Type#1055
   4975   visible_  
   4976   ldvar_cached_  dz{12}
   4985   ldvar_cached_  body_mass{17}
   4994   [ <?> ] Type#1057
   4999   dup_  
   5000   is_  NonObject
   5005   [ _ ] Test#156
   5010   brfalse_  150
   5015   br_  151
150:
   5020   mk_promise_  3b
   5025   br_  152
151:
   5030   ldvar_cached_  j{5}
152:
   5039   ; [[(body_mass, j)
          extract2_1_  
   5040   [ <?> ] Type#1060
   5045   visible_  
   5046   ; *(dz, [[(body_mass, j))
          mul_  
   5047   [ <?> ] Type#1061
   5052   ldvar_cached_  mag{14}
   5061   ; *(*(dz, [[(body_mass, j)), mag)
          mul_  
   5062   [ <?> ] Type#1063
   5067   ; -([[(body_vz, i), *(*(dz, [[(body_mass, j)), mag))
          sub_  
   5068   [ <?> ] Type#1064
   5073   ldvar_super_  body_vz
   5078   [ <?> ] Type#1065
   5083   ldvar_cached_  i{4}
   5092   ; <<-([[(body_vz, i), -([[(body_vz, i), *(*(dz, |...
          subassign2_1_  
   5093   stvar_super_  body_vz
   5098   ldvar_for_update_cache_  body_vx{16}
   5107   set_shared_  
   5108   pop_  
   5109   ldvar_cached_  body_vx{16}
   5118   [ <?> ] Type#1067
   5123   dup_  
   5124   is_  NonObject
   5129   [ _ ] Test#157
   5134   brfalse_  153
   5139   br_  154
153:
   5144   mk_promise_  3c
   5149   br_  155
154:
   5154   ldvar_cached_  j{5}
155:
   5163   ; [[(body_vx, j)
          extract2_1_  
   5164   [ <?> ] Type#1070
   5169   visible_  
   5170   ldvar_cached_  dx{10}
   5179   ldvar_cached_  body_mass{17}
   5188   [ <?> ] Type#1072
   5193   dup_  
   5194   is_  NonObject
   5199   [ _ ] Test#158
   5204   brfalse_  156
   5209   br_  157
156:
   5214   mk_promise_  3d
   5219   br_  158
157:
   5224   ldvar_cached_  i{4}
158:
   5233   ; [[(body_mass, i)
          extract2_1_  
   5234   [ <?> ] Type#1075
   5239   visible_  
   5240   ; *(dx, [[(body_mass, i))
          mul_  
   5241   [ <?> ] Type#1076
   5246   ldvar_cached_  mag{14}
   5255   ; *(*(dx, [[(body_mass, i)), mag)
          mul_  
   5256   [ <?> ] Type#1078
   5261   ; +([[(body_vx, j), *(*(dx, [[(body_mass, i)), mag))
          add_  
   5262   [ <?> ] Type#1079
   5267   ldvar_super_  body_vx
   5272   [ <?> ] Type#1080
   5277   ldvar_cached_  j{5}
   5286   ; <<-([[(body_vx, j), +([[(body_vx, j), *(*(dx, |...
          subassign2_1_  
   5287   stvar_super_  body_vx
   5292   ldvar_for_update_cache_  body_vy{18}
   5301   set_shared_  
   5302   pop_  
   5303   ldvar_cached_  body_vy{18}
   5312   [ <?> ] Type#1082
   5317   dup_  
   5318   is_  NonObject
   5323   [ _ ] Test#159
   5328   brfalse_  159
   5333   br_  160
159:
   5338   mk_promise_  3e
   5343   br_  161
160:
   5348   ldvar_cached_  j{5}
161:
   5357   ; [[(body_vy, j)
          extract2_1_  
   5358   [ <?> ] Type#1085
   5363   visible_  
   5364   ldvar_cached_  dy{11}
   5373   ldvar_cached_  body_mass{17}
   5382   [ <?> ] Type#1087
   5387   dup_  
   5388   is_  NonObject
   5393   [ _ ] Test#160
   5398   brfalse_  162
   5403   br_  163
162:
   5408   mk_promise_  3f
   5413   br_  164
163:
   5418   ldvar_cached_  i{4}
164:
   5427   ; [[(body_mass, i)
          extract2_1_  
   5428   [ <?> ] Type#1090
   5433   visible_  
   5434   ; *(dy, [[(body_mass, i))
          mul_  
   5435   [ <?> ] Type#1091
   5440   ldvar_cached_  mag{14}
   5449   ; *(*(dy, [[(body_mass, i)), mag)
          mul_  
   5450   [ <?> ] Type#1093
   5455   ; +([[(body_vy, j), *(*(dy, [[(body_mass, i)), mag))
          add_  
   5456   [ <?> ] Type#1094
   5461   ldvar_super_  body_vy
   5466   [ <?> ] Type#1095
   5471   ldvar_cached_  j{5}
   5480   ; <<-([[(body_vy, j), +([[(body_vy, j), *(*(dy, |...
          subassign2_1_  
   5481   stvar_super_  body_vy
   5486   ldvar_for_update_cache_  body_vz{19}
   5495   set_shared_  
   5496   pop_  
   5497   ldvar_cached_  body_vz{19}
   5506   [ <?> ] Type#1097
   5511   dup_  
   5512   is_  NonObject
   5517   [ _ ] Test#161
   5522   brfalse_  165
   5527   br_  166
165:
   5532   mk_promise_  40
   5537   br_  167
166:
   5542   ldvar_cached_  j{5}
167:
   5551   ; [[(body_vz, j)
          extract2_1_  
   5552   [ <?> ] Type#1100
   5557   visible_  
   5558   ldvar_cached_  dz{12}
   5567   ldvar_cached_  body_mass{17}
   5576   [ <?> ] Type#1102
   5581   dup_  
   5582   is_  NonObject
   5587   [ _ ] Test#162
   5592   brfalse_  168
   5597   br_  169
168:
   5602   mk_promise_  41
   5607   br_  170
169:
   5612   ldvar_cached_  i{4}
170:
   5621   ; [[(body_mass, i)
          extract2_1_  
   5622   [ <?> ] Type#1105
   5627   visible_  
   5628   ; *(dz, [[(body_mass, i))
          mul_  
   5629   [ <?> ] Type#1106
   5634   ldvar_cached_  mag{14}
   5643   ; *(*(dz, [[(body_mass, i)), mag)
          mul_  
   5644   [ <?> ] Type#1108
   5649   ; +([[(body_vz, j), *(*(dz, [[(body_mass, i)), mag))
          add_  
   5650   [ <?> ] Type#1109
   5655   ldvar_super_  body_vz
   5660   [ <?> ] Type#1110
   5665   ldvar_cached_  j{5}
   5674   ; <<-([[(body_vz, j), +([[(body_vz, j), *(*(dz, |...
          subassign2_1_  
   5675   stvar_super_  body_vz
   5680   br_  114
171:
   5685   popn_  3
172:
   5690   br_  52
173:
   5695   popn_  3
174:
   5700   push_  1
   5705   visible_  
   5706   force_  
   5707   ldvar_cached_  n_bodies{1}
   5716   [ <?> ] Type#1112
   5721   force_  
   5722   ; :(1, n_bodies)
          colon_input_effects_  
   5723   [ _ ] Test#163
   5728   brtrue_  175
   5733   ; :(1, n_bodies)
          colon_  
   5734   ldfun_  for
   5739   swap_  
   5740   mk_eager_promise_  42
   5745   mk_promise_  43
   5750   ; for(i, :(1, n_bodies), {(<<-([[(body_x, i), +(|...
          call_  2
   5767   [ <?> ] Type#1154
   5772   br_  216
175:
   5777   swap_  
   5778   colon_cast_lhs_  
   5779   [ <?> ] Type#1155
   5784   ensure_named_  
   5785   swap_  
   5786   colon_cast_rhs_  
   5787   ensure_named_  
   5788   [ <?> ] Type#1156
   5793   dup2_  
   5794   ; NULL
          le_  
   5795   [ _ ] Test#170
   5800   brfalse_  176
   5805   push_  1L
   5810   br_  177
176:
   5815   push_  -1L
177:
   5820   swap_  
   5821   pick_  2
   5826   dup2_  
   5827   ; NULL
          ne_  
   5828   [ _ ] Test#171
   5833   brfalse_  215
   5838   dup_  
   5839   stvar_cached_  i{4}
   5848   pull_  2
   5853   ensure_named_  
   5854   ; NULL
          add_  
   5855   ldvar_for_update_cache_  body_x{6}
   5864   set_shared_  
   5865   pop_  
   5866   ldvar_cached_  body_x{6}
   5875   [ <?> ] Type#1157
   5880   dup_  
   5881   is_  NonObject
   5886   [ _ ] Test#172
   5891   brfalse_  178
   5896   br_  179
178:
   5901   mk_promise_  44
   5906   br_  180
179:
   5911   ldvar_cached_  i{4}
   5920   [ <?> ] TypeOnce#1159 (bit: #7)
180:
   5925   ; [[(body_x, i)
          extract2_1_  
   5926   [ <?> ] Type#1160
   5931   visible_  
   5932   ldvar_cached_  dt{15}
   5941   [ <?> ] TypeOnce#1161 (bit: #8)
   5946   ldvar_cached_  body_vx{16}
   5955   [ <?> ] Type#1162
   5960   dup_  
   5961   is_  NonObject
   5966   [ _ ] Test#173
   5971   brfalse_  181
   5976   br_  182
181:
   5981   mk_promise_  45
   5986   br_  183
182:
   5991   ldvar_cached_  i{4}
183:
   6000   ; [[(body_vx, i)
          extract2_1_  
   6001   [ <?> ] Type#1165
   6006   visible_  
   6007   ; *(dt, [[(body_vx, i))
          mul_  
   6008   [ <?> ] Type#1166
   6013   ; +([[(body_x, i), *(dt, [[(body_vx, i)))
          add_  
   6014   [ <?> ] Type#1167
   6019   ldvar_super_  body_x
   6024   [ <?> ] Type#1168
   6029   ldvar_cached_  i{4}
   6038   ; <<-([[(body_x, i), +([[(body_x, i), *(dt, [[(b|...
          subassign2_1_  
   6039   stvar_super_  body_x
   6044   ldvar_for_update_cache_  body_y{7}
   6053   set_shared_  
   6054   pop_  
   6055   ldvar_cached_  body_y{7}
   6064   [ <?> ] Type#1170
   6069   dup_  
   6070   is_  NonObject
   6075   [ _ ] Test#174
   6080   brfalse_  184
   6085   br_  185
184:
   6090   mk_promise_  46
   6095   br_  186
185:
   6100   ldvar_cached_  i{4}
186:
   6109   ; [[(body_y, i)
          extract2_1_  
   6110   [ <?> ] Type#1173
   6115   visible_  
   6116   ldvar_cached_  dt{15}
   6125   ldvar_cached_  body_vy{18}
   6134   [ <?> ] Type#1175
   6139   dup_  
   6140   is_  NonObject
   6145   [ _ ] Test#175
   6150   brfalse_  187
   6155   br_  188
187:
   6160   mk_promise_  47
   6165   br_  189
188:
   6170   ldvar_cached_  i{4}
189:
   6179   ; [[(body_vy, i)
          extract2_1_  
   6180   [ <?> ] Type#1178
   6185   visible_  
   6186   ; *(dt, [[(body_vy, i))
          mul_  
   6187   [ <?> ] Type#1179
   6192   ; +([[(body_y, i), *(dt, [[(body_vy, i)))
          add_  
   6193   [ <?> ] Type#1180
   6198   ldvar_super_  body_y
   6203   [ <?> ] Type#1181
   6208   ldvar_cached_  i{4}
   6217   ; <<-([[(body_y, i), +([[(body_y, i), *(dt, [[(b|...
          subassign2_1_  
   6218   stvar_super_  body_y
   6223   ldvar_for_update_cache_  body_z{8}
   6232   set_shared_  
   6233   pop_  
   6234   ldvar_cached_  body_z{8}
   6243   [ <?> ] Type#1183
   6248   dup_  
   6249   is_  NonObject
   6254   [ _ ] Test#176
   6259   brfalse_  190
   6264   br_  191
190:
   6269   mk_promise_  48
   6274   br_  192
191:
   6279   ldvar_cached_  i{4}
192:
   6288   ; [[(body_z, i)
          extract2_1_  
   6289   [ <?> ] Type#1186
   6294   visible_  
   6295   ldvar_cached_  dt{15}
   6304   ldvar_cached_  body_vz{19}
   6313   [ <?> ] Type#1188
   6318   dup_  
   6319   is_  NonObject
   6324   [ _ ] Test#177
   6329   brfalse_  193
   6334   br_  194
193:
   6339   mk_promise_  49
   6344   br_  195
194:
   6349   ldvar_cached_  i{4}
195:
   6358   ; [[(body_vz, i)
          extract2_1_  
   6359   [ <?> ] Type#1191
   6364   visible_  
   6365   ; *(dt, [[(body_vz, i))
          mul_  
   6366   [ <?> ] Type#1192
   6371   ; +([[(body_z, i), *(dt, [[(body_vz, i)))
          add_  
   6372   [ <?> ] Type#1193
   6377   ldvar_super_  body_z
   6382   [ <?> ] Type#1194
   6387   ldvar_cached_  i{4}
   6396   ; <<-([[(body_z, i), +([[(body_z, i), *(dt, [[(b|...
          subassign2_1_  
   6397   stvar_super_  body_z
196:
   6402   dup2_  
   6403   ; NULL
          ne_  
   6404   brfalse_  215
   6409   dup_  
   6410   stvar_cached_  i{4}
   6419   pull_  2
   6424   ensure_named_  
   6425   ; NULL
          add_  
   6426   ldvar_for_update_cache_  body_x{6}
   6435   set_shared_  
   6436   pop_  
   6437   ldvar_cached_  body_x{6}
   6446   [ <?> ] Type#1196
   6451   dup_  
   6452   is_  NonObject
   6457   [ _ ] Test#178
   6462   brfalse_  197
   6467   br_  198
197:
   6472   mk_promise_  4a
   6477   br_  199
198:
   6482   ldvar_cached_  i{4}
   6491   [ <?> ] TypeOnce#1198 (bit: #9)
199:
   6496   ; [[(body_x, i)
          extract2_1_  
   6497   [ <?> ] Type#1199
   6502   visible_  
   6503   ldvar_cached_  dt{15}
   6512   [ <?> ] TypeOnce#1200 (bit: #10)
   6517   ldvar_cached_  body_vx{16}
   6526   [ <?> ] Type#1201
   6531   dup_  
   6532   is_  NonObject
   6537   [ _ ] Test#179
   6542   brfalse_  200
   6547   br_  201
200:
   6552   mk_promise_  4b
   6557   br_  202
201:
   6562   ldvar_cached_  i{4}
202:
   6571   ; [[(body_vx, i)
          extract2_1_  
   6572   [ <?> ] Type#1204
   6577   visible_  
   6578   ; *(dt, [[(body_vx, i))
          mul_  
   6579   [ <?> ] Type#1205
   6584   ; +([[(body_x, i), *(dt, [[(body_vx, i)))
          add_  
   6585   [ <?> ] Type#1206
   6590   ldvar_super_  body_x
   6595   [ <?> ] Type#1207
   6600   ldvar_cached_  i{4}
   6609   ; <<-([[(body_x, i), +([[(body_x, i), *(dt, [[(b|...
          subassign2_1_  
   6610   stvar_super_  body_x
   6615   ldvar_for_update_cache_  body_y{7}
   6624   set_shared_  
   6625   pop_  
   6626   ldvar_cached_  body_y{7}
   6635   [ <?> ] Type#1209
   6640   dup_  
   6641   is_  NonObject
   6646   [ _ ] Test#180
   6651   brfalse_  203
   6656   br_  204
203:
   6661   mk_promise_  4c
   6666   br_  205
204:
   6671   ldvar_cached_  i{4}
205:
   6680   ; [[(body_y, i)
          extract2_1_  
   6681   [ <?> ] Type#1212
   6686   visible_  
   6687   ldvar_cached_  dt{15}
   6696   ldvar_cached_  body_vy{18}
   6705   [ <?> ] Type#1214
   6710   dup_  
   6711   is_  NonObject
   6716   [ _ ] Test#181
   6721   brfalse_  206
   6726   br_  207
206:
   6731   mk_promise_  4d
   6736   br_  208
207:
   6741   ldvar_cached_  i{4}
208:
   6750   ; [[(body_vy, i)
          extract2_1_  
   6751   [ <?> ] Type#1217
   6756   visible_  
   6757   ; *(dt, [[(body_vy, i))
          mul_  
   6758   [ <?> ] Type#1218
   6763   ; +([[(body_y, i), *(dt, [[(body_vy, i)))
          add_  
   6764   [ <?> ] Type#1219
   6769   ldvar_super_  body_y
   6774   [ <?> ] Type#1220
   6779   ldvar_cached_  i{4}
   6788   ; <<-([[(body_y, i), +([[(body_y, i), *(dt, [[(b|...
          subassign2_1_  
   6789   stvar_super_  body_y
   6794   ldvar_for_update_cache_  body_z{8}
   6803   set_shared_  
   6804   pop_  
   6805   ldvar_cached_  body_z{8}
   6814   [ <?> ] Type#1222
   6819   dup_  
   6820   is_  NonObject
   6825   [ _ ] Test#182
   6830   brfalse_  209
   6835   br_  210
209:
   6840   mk_promise_  4e
   6845   br_  211
210:
   6850   ldvar_cached_  i{4}
211:
   6859   ; [[(body_z, i)
          extract2_1_  
   6860   [ <?> ] Type#1225
   6865   visible_  
   6866   ldvar_cached_  dt{15}
   6875   ldvar_cached_  body_vz{19}
   6884   [ <?> ] Type#1227
   6889   dup_  
   6890   is_  NonObject
   6895   [ _ ] Test#183
   6900   brfalse_  212
   6905   br_  213
212:
   6910   mk_promise_  4f
   6915   br_  214
213:
   6920   ldvar_cached_  i{4}
214:
   6929   ; [[(body_vz, i)
          extract2_1_  
   6930   [ <?> ] Type#1230
   6935   visible_  
   6936   ; *(dt, [[(body_vz, i))
          mul_  
   6937   [ <?> ] Type#1231
   6942   ; +([[(body_z, i), *(dt, [[(body_vz, i)))
          add_  
   6943   [ <?> ] Type#1232
   6948   ldvar_super_  body_z
   6953   [ <?> ] Type#1233
   6958   ldvar_cached_  i{4}
   6967   ; <<-([[(body_z, i), +([[(body_z, i), *(dt, [[(b|...
          subassign2_1_  
   6968   stvar_super_  body_z
   6973   br_  196
215:
   6978   popn_  3
   6983   push_  NULL
   6988   invisible_  
216:
   6989   ret_  

[Prom (index 0)]
0:
      0   ldvar_  n_bodies
      5   [ <?> ] Type#0
     10   ret_  

[Prom (index 1)]
0:
      0   ldvar_  n_bodies
      5   [ <?> ] Type#1
     10   ret_  

[Prom (index 2)]
0:
      0   ldvar_  n_bodies
      5   [ <?> ] Type#3
     10   ret_  

[Prom (index 3)]
0:
      0   ldvar_  n_bodies
      5   [ <?> ] Type#4
     10   ret_  

[Prom (index 4)]
0:
      0   ldvar_  n_bodies
      5   [ <?> ] Type#6
     10   ret_  

[Prom (index 5)]
0:
      0   ldvar_  n_bodies
      5   [ <?> ] Type#7
     10   ret_  

[Prom (index 6)]
0:
      0   push_  1
      5   visible_  
      6   ldvar_  n_bodies
     11   [ <?> ] Type#10
     16   ; :(1, n_bodies)
          colon_  
     17   [ <?> ] Type#11
     22   ret_  

[Prom (index 7)]
0:
      0   push_  1
      5   visible_  
      6   force_  
      7   ldvar_  n_bodies
     12   [ <?> ] Type#12
     17   force_  
     18   ; :(1, n_bodies)
          colon_input_effects_  
     19   [ _ ] Test#1
     24   brtrue_  1
     29   ; :(1, n_bodies)
          colon_  
     30   ldfun_  for
     35   swap_  
     36   mk_eager_promise_  0
     41   mk_promise_  1
     46   ; for(j, :(1, n_bodies), {(<-([[(dxx, i, j), -([|...
          call_  2
     63   [ <?> ] Type#51
     68   br_  42
1:
     73   swap_  
     74   colon_cast_lhs_  
     75   [ <?> ] Type#52
     80   ensure_named_  
     81   swap_  
     82   colon_cast_rhs_  
     83   ensure_named_  
     84   [ <?> ] Type#53
     89   dup2_  
     90   ; NULL
          le_  
     91   [ _ ] Test#8
     96   brfalse_  2
    101   push_  1L
    106   br_  3
2:
    111   push_  -1L
3:
    116   swap_  
    117   pick_  2
    122   dup2_  
    123   ; NULL
          ne_  
    124   [ _ ] Test#9
    129   brfalse_  41
    134   dup_  
    135   stvar_  j
    140   pull_  2
    145   ensure_named_  
    146   ; NULL
          add_  
    147   ldvar_  body_x
    152   [ <?> ] Type#54
    157   dup_  
    158   is_  NonObject
    163   [ _ ] Test#10
    168   brfalse_  4
    173   br_  5
4:
    178   mk_promise_  2
    183   br_  6
5:
    188   ldvar_  i
    193   [ <?> ] TypeOnce#56 (bit: #0)
6:
    198   ; [[(body_x, i)
          extract2_1_  
    199   [ <?> ] Type#57
    204   visible_  
    205   ldvar_  body_x
    210   [ <?> ] Type#58
    215   dup_  
    216   is_  NonObject
    221   [ _ ] Test#11
    226   brfalse_  7
    231   br_  8
7:
    236   mk_promise_  3
    241   br_  9
8:
    246   ldvar_  j
    251   [ <?> ] TypeOnce#60 (bit: #1)
9:
    256   ; [[(body_x, j)
          extract2_1_  
    257   [ <?> ] Type#61
    262   visible_  
    263   ; -([[(body_x, i), [[(body_x, j))
          sub_  
    264   [ <?> ] Type#62
    269   ldvar_for_update_  dxx
    274   [ <?> ] Type#63
    279   ldvar_  i
    284   ldvar_  j
    289   ; <-([[(dxx, i, j), -([[(body_x, i), [[(body_x, j)))
          subassign2_2_  
    290   stvar_  dxx
    295   ldvar_  body_y
    300   [ <?> ] Type#66
    305   dup_  
    306   is_  NonObject
    311   [ _ ] Test#12
    316   brfalse_  10
    321   br_  11
10:
    326   mk_promise_  4
    331   br_  12
11:
    336   ldvar_  i
12:
    341   ; [[(body_y, i)
          extract2_1_  
    342   [ <?> ] Type#69
    347   visible_  
    348   ldvar_  body_y
    353   [ <?> ] Type#70
    358   dup_  
    359   is_  NonObject
    364   [ _ ] Test#13
    369   brfalse_  13
    374   br_  14
13:
    379   mk_promise_  5
    384   br_  15
14:
    389   ldvar_  j
15:
    394   ; [[(body_y, j)
          extract2_1_  
    395   [ <?> ] Type#73
    400   visible_  
    401   ; -([[(body_y, i), [[(body_y, j))
          sub_  
    402   [ <?> ] Type#74
    407   ldvar_for_update_  dyy
    412   [ <?> ] Type#75
    417   ldvar_  i
    422   ldvar_  j
    427   ; <-([[(dyy, i, j), -([[(body_y, i), [[(body_y, j)))
          subassign2_2_  
    428   stvar_  dyy
    433   ldvar_  body_z
    438   [ <?> ] Type#78
    443   dup_  
    444   is_  NonObject
    449   [ _ ] Test#14
    454   brfalse_  16
    459   br_  17
16:
    464   mk_promise_  6
    469   br_  18
17:
    474   ldvar_  i
18:
    479   ; [[(body_z, i)
          extract2_1_  
    480   [ <?> ] Type#81
    485   visible_  
    486   ldvar_  body_z
    491   [ <?> ] Type#82
    496   dup_  
    497   is_  NonObject
    502   [ _ ] Test#15
    507   brfalse_  19
    512   br_  20
19:
    517   mk_promise_  7
    522   br_  21
20:
    527   ldvar_  j
21:
    532   ; [[(body_z, j)
          extract2_1_  
    533   [ <?> ] Type#85
    538   visible_  
    539   ; -([[(body_z, i), [[(body_z, j))
          sub_  
    540   [ <?> ] Type#86
    545   ldvar_for_update_  dzz
    550   [ <?> ] Type#87
    555   ldvar_  i
    560   ldvar_  j
    565   ; <-([[(dzz, i, j), -([[(body_z, i), [[(body_z, j)))
          subassign2_2_  
    566   stvar_  dzz
22:
    571   dup2_  
    572   ; NULL
          ne_  
    573   brfalse_  41
    578   dup_  
    579   stvar_  j
    584   pull_  2
    589   ensure_named_  
    590   ; NULL
          add_  
    591   ldvar_  body_x
    596   [ <?> ] Type#90
    601   dup_  
    602   is_  NonObject
    607   [ _ ] Test#16
    612   brfalse_  23
    617   br_  24
23:
    622   mk_promise_  8
    627   br_  25
24:
    632   ldvar_  i
    637   [ <?> ] TypeOnce#92 (bit: #2)
25:
    642   ; [[(body_x, i)
          extract2_1_  
    643   [ <?> ] Type#93
    648   visible_  
    649   ldvar_  body_x
    654   [ <?> ] Type#94
    659   dup_  
    660   is_  NonObject
    665   [ _ ] Test#17
    670   brfalse_  26
    675   br_  27
26:
    680   mk_promise_  9
    685   br_  28
27:
    690   ldvar_  j
    695   [ <?> ] TypeOnce#96 (bit: #3)
28:
    700   ; [[(body_x, j)
          extract2_1_  
    701   [ <?> ] Type#97
    706   visible_  
    707   ; -([[(body_x, i), [[(body_x, j))
          sub_  
    708   [ <?> ] Type#98
    713   ldvar_for_update_  dxx
    718   [ <?> ] Type#99
    723   ldvar_  i
    728   ldvar_  j
    733   ; <-([[(dxx, i, j), -([[(body_x, i), [[(body_x, j)))
          subassign2_2_  
    734   stvar_  dxx
    739   ldvar_  body_y
    744   [ <?> ] Type#102
    749   dup_  
    750   is_  NonObject
    755   [ _ ] Test#18
    760   brfalse_  29
    765   br_  30
29:
    770   mk_promise_  a
    775   br_  31
30:
    780   ldvar_  i
31:
    785   ; [[(body_y, i)
          extract2_1_  
    786   [ <?> ] Type#105
    791   visible_  
    792   ldvar_  body_y
    797   [ <?> ] Type#106
    802   dup_  
    803   is_  NonObject
    808   [ _ ] Test#19
    813   brfalse_  32
    818   br_  33
32:
    823   mk_promise_  b
    828   br_  34
33:
    833   ldvar_  j
34:
    838   ; [[(body_y, j)
          extract2_1_  
    839   [ <?> ] Type#109
    844   visible_  
    845   ; -([[(body_y, i), [[(body_y, j))
          sub_  
    846   [ <?> ] Type#110
    851   ldvar_for_update_  dyy
    856   [ <?> ] Type#111
    861   ldvar_  i
    866   ldvar_  j
    871   ; <-([[(dyy, i, j), -([[(body_y, i), [[(body_y, j)))
          subassign2_2_  
    872   stvar_  dyy
    877   ldvar_  body_z
    882   [ <?> ] Type#114
    887   dup_  
    888   is_  NonObject
    893   [ _ ] Test#20
    898   brfalse_  35
    903   br_  36
35:
    908   mk_promise_  c
    913   br_  37
36:
    918   ldvar_  i
37:
    923   ; [[(body_z, i)
          extract2_1_  
    924   [ <?> ] Type#117
    929   visible_  
    930   ldvar_  body_z
    935   [ <?> ] Type#118
    940   dup_  
    941   is_  NonObject
    946   [ _ ] Test#21
    951   brfalse_  38
    956   br_  39
38:
    961   mk_promise_  d
    966   br_  40
39:
    971   ldvar_  j
40:
    976   ; [[(body_z, j)
          extract2_1_  
    977   [ <?> ] Type#121
    982   visible_  
    983   ; -([[(body_z, i), [[(body_z, j))
          sub_  
    984   [ <?> ] Type#122
    989   ldvar_for_update_  dzz
    994   [ <?> ] Type#123
    999   ldvar_  i
   1004   ldvar_  j
   1009   ; <-([[(dzz, i, j), -([[(body_z, i), [[(body_z, j)))
          subassign2_2_  
   1010   stvar_  dzz
   1015   br_  22
41:
   1020   popn_  3
   1025   push_  NULL
   1030   invisible_  
42:
   1031   ret_  

[Prom (index 7.0)]
0:
      0   push_  1
      5   visible_  
      6   ldvar_  n_bodies
     11   [ <?> ] Type#13
     16   ; :(1, n_bodies)
          colon_  
     17   [ <?> ] Type#14
     22   ret_  

[Prom (index 7.1)]
0:
      0   ldvar_  body_x
      5   [ <?> ] Type#15
     10   dup_  
     11   is_  NonObject
     16   [ _ ] Test#2
     21   brfalse_  1
     26   br_  2
1:
     31   mk_promise_  0
     36   br_  3
2:
     41   ldvar_  i
     46   [ <?> ] Type#17
3:
     51   ; [[(body_x, i)
          extract2_1_  
     52   [ <?> ] Type#18
     57   visible_  
     58   ldvar_  body_x
     63   [ <?> ] Type#19
     68   dup_  
     69   is_  NonObject
     74   [ _ ] Test#3
     79   brfalse_  4
     84   br_  5
4:
     89   mk_promise_  1
     94   br_  6
5:
     99   ldvar_  j
    104   [ <?> ] Type#21
6:
    109   ; [[(body_x, j)
          extract2_1_  
    110   [ <?> ] Type#22
    115   visible_  
    116   ; -([[(body_x, i), [[(body_x, j))
          sub_  
    117   [ <?> ] Type#23
    122   ldvar_for_update_  dxx
    127   [ <?> ] Type#24
    132   ldvar_  i
    137   ldvar_  j
    142   ; <-([[(dxx, i, j), -([[(body_x, i), [[(body_x, j)))
          subassign2_2_  
    143   stvar_  dxx
    148   ldvar_  body_y
    153   [ <?> ] Type#27
    158   dup_  
    159   is_  NonObject
    164   [ _ ] Test#4
    169   brfalse_  7
    174   br_  8
7:
    179   mk_promise_  2
    184   br_  9
8:
    189   ldvar_  i
9:
    194   ; [[(body_y, i)
          extract2_1_  
    195   [ <?> ] Type#30
    200   visible_  
    201   ldvar_  body_y
    206   [ <?> ] Type#31
    211   dup_  
    212   is_  NonObject
    217   [ _ ] Test#5
    222   brfalse_  10
    227   br_  11
10:
    232   mk_promise_  3
    237   br_  12
11:
    242   ldvar_  j
12:
    247   ; [[(body_y, j)
          extract2_1_  
    248   [ <?> ] Type#34
    253   visible_  
    254   ; -([[(body_y, i), [[(body_y, j))
          sub_  
    255   [ <?> ] Type#35
    260   ldvar_for_update_  dyy
    265   [ <?> ] Type#36
    270   ldvar_  i
    275   ldvar_  j
    280   ; <-([[(dyy, i, j), -([[(body_y, i), [[(body_y, j)))
          subassign2_2_  
    281   stvar_  dyy
    286   ldvar_  body_z
    291   [ <?> ] Type#39
    296   dup_  
    297   is_  NonObject
    302   [ _ ] Test#6
    307   brfalse_  13
    312   br_  14
13:
    317   mk_promise_  4
    322   br_  15
14:
    327   ldvar_  i
15:
    332   ; [[(body_z, i)
          extract2_1_  
    333   [ <?> ] Type#42
    338   visible_  
    339   ldvar_  body_z
    344   [ <?> ] Type#43
    349   dup_  
    350   is_  NonObject
    355   [ _ ] Test#7
    360   brfalse_  16
    365   br_  17
16:
    370   mk_promise_  5
    375   br_  18
17:
    380   ldvar_  j
18:
    385   ; [[(body_z, j)
          extract2_1_  
    386   [ <?> ] Type#46
    391   visible_  
    392   ; -([[(body_z, i), [[(body_z, j))
          sub_  
    393   [ <?> ] Type#47
    398   dup_  
    399   set_shared_  
    400   ldvar_for_update_  dzz
    405   [ <?> ] Type#48
    410   ldvar_  i
    415   ldvar_  j
    420   ; <-([[(dzz, i, j), -([[(body_z, i), [[(body_z, j)))
          subassign2_2_  
    421   stvar_  dzz
    426   invisible_  
    427   ret_  

[Prom (index 7.1.0)]
0:
      0   ldvar_  i
      5   [ <?> ] Type#16
     10   ret_  

[Prom (index 7.1.1)]
0:
      0   ldvar_  j
      5   [ <?> ] Type#20
     10   ret_  

[Prom (index 7.1.2)]
0:
      0   ldvar_  i
      5   [ <?> ] Type#28
     10   ret_  

[Prom (index 7.1.3)]
0:
      0   ldvar_  j
      5   [ <?> ] Type#32
     10   ret_  

[Prom (index 7.1.4)]
0:
      0   ldvar_  i
      5   [ <?> ] Type#40
     10   ret_  

[Prom (index 7.1.5)]
0:
      0   ldvar_  j
      5   [ <?> ] Type#44
     10   ret_  

[Prom (index 7.2)]
0:
      0   ldvar_  i
      5   [ <?> ] TypeOnce#55 (bit: #0)
     10   ret_  

[Prom (index 7.3)]
0:
      0   ldvar_  j
      5   [ <?> ] TypeOnce#59 (bit: #0)
     10   ret_  

[Prom (index 7.4)]
0:
      0   ldvar_  i
      5   [ <?> ] TypeOnce#67 (bit: #0)
     10   ret_  

[Prom (index 7.5)]
0:
      0   ldvar_  j
      5   [ <?> ] TypeOnce#71 (bit: #0)
     10   ret_  

[Prom (index 7.6)]
0:
      0   ldvar_  i
      5   [ <?> ] TypeOnce#79 (bit: #0)
     10   ret_  

[Prom (index 7.7)]
0:
      0   ldvar_  j
      5   [ <?> ] TypeOnce#83 (bit: #0)
     10   ret_  

[Prom (index 7.8)]
0:
      0   ldvar_  i
      5   [ <?> ] TypeOnce#91 (bit: #0)
     10   ret_  

[Prom (index 7.9)]
0:
      0   ldvar_  j
      5   [ <?> ] TypeOnce#95 (bit: #0)
     10   ret_  

[Prom (index 7.10)]
0:
      0   ldvar_  i
      5   [ <?> ] TypeOnce#103 (bit: #0)
     10   ret_  

[Prom (index 7.11)]
0:
      0   ldvar_  j
      5   [ <?> ] TypeOnce#107 (bit: #0)
     10   ret_  

[Prom (index 7.12)]
0:
      0   ldvar_  i
      5   [ <?> ] TypeOnce#115 (bit: #0)
     10   ret_  

[Prom (index 7.13)]
0:
      0   ldvar_  j
      5   [ <?> ] TypeOnce#119 (bit: #0)
     10   ret_  

[Prom (index 8)]
0:
      0   push_  1
      5   visible_  
      6   ldvar_  n_bodies
     11   [ <?> ] Type#129
     16   ; :(1, n_bodies)
          colon_  
     17   [ <?> ] Type#130
     22   ret_  

[Prom (index 9)]
0:
      0   ldvar_  body_x
      5   [ <?> ] Type#131
     10   dup_  
     11   is_  NonObject
     16   [ _ ] Test#24
     21   brfalse_  1
     26   br_  2
1:
     31   mk_promise_  0
     36   br_  3
2:
     41   ldvar_  i
     46   [ <?> ] TypeOnce#133 (bit: #0)
3:
     51   ; [[(body_x, i)
          extract2_1_  
     52   [ <?> ] Type#134
     57   visible_  
     58   ldvar_  body_x
     63   [ <?> ] Type#135
     68   dup_  
     69   is_  NonObject
     74   [ _ ] Test#25
     79   brfalse_  4
     84   br_  5
4:
     89   mk_promise_  1
     94   br_  6
5:
     99   ldvar_  j
    104   [ <?> ] TypeOnce#137 (bit: #1)
6:
    109   ; [[(body_x, j)
          extract2_1_  
    110   [ <?> ] Type#138
    115   visible_  
    116   ; -([[(body_x, i), [[(body_x, j))
          sub_  
    117   [ <?> ] Type#139
    122   ldvar_for_update_  dxx
    127   [ <?> ] Type#140
    132   ldvar_  i
    137   ldvar_  j
    142   ; <-([[(dxx, i, j), -([[(body_x, i), [[(body_x, j)))
          subassign2_2_  
    143   stvar_  dxx
    148   ldvar_  body_y
    153   [ <?> ] Type#143
    158   dup_  
    159   is_  NonObject
    164   [ _ ] Test#26
    169   brfalse_  7
    174   br_  8
7:
    179   mk_promise_  2
    184   br_  9
8:
    189   ldvar_  i
9:
    194   ; [[(body_y, i)
          extract2_1_  
    195   [ <?> ] Type#146
    200   visible_  
    201   ldvar_  body_y
    206   [ <?> ] Type#147
    211   dup_  
    212   is_  NonObject
    217   [ _ ] Test#27
    222   brfalse_  10
    227   br_  11
10:
    232   mk_promise_  3
    237   br_  12
11:
    242   ldvar_  j
12:
    247   ; [[(body_y, j)
          extract2_1_  
    248   [ <?> ] Type#150
    253   visible_  
    254   ; -([[(body_y, i), [[(body_y, j))
          sub_  
    255   [ <?> ] Type#151
    260   ldvar_for_update_  dyy
    265   [ <?> ] Type#152
    270   ldvar_  i
    275   ldvar_  j
    280   ; <-([[(dyy, i, j), -([[(body_y, i), [[(body_y, j)))
          subassign2_2_  
    281   stvar_  dyy
    286   ldvar_  body_z
    291   [ <?> ] Type#155
    296   dup_  
    297   is_  NonObject
    302   [ _ ] Test#28
    307   brfalse_  13
    312   br_  14
13:
    317   mk_promise_  4
    322   br_  15
14:
    327   ldvar_  i
15:
    332   ; [[(body_z, i)
          extract2_1_  
    333   [ <?> ] Type#158
    338   visible_  
    339   ldvar_  body_z
    344   [ <?> ] Type#159
    349   dup_  
    350   is_  NonObject
    355   [ _ ] Test#29
    360   brfalse_  16
    365   br_  17
16:
    370   mk_promise_  5
    375   br_  18
17:
    380   ldvar_  j
18:
    385   ; [[(body_z, j)
          extract2_1_  
    386   [ <?> ] Type#162
    391   visible_  
    392   ; -([[(body_z, i), [[(body_z, j))
          sub_  
    393   [ <?> ] Type#163
    398   dup_  
    399   set_shared_  
    400   ldvar_for_update_  dzz
    405   [ <?> ] Type#164
    410   ldvar_  i
    415   ldvar_  j
    420   ; <-([[(dzz, i, j), -([[(body_z, i), [[(body_z, j)))
          subassign2_2_  
    421   stvar_  dzz
    426   invisible_  
    427   ret_  

[Prom (index 9.0)]
0:
      0   ldvar_  i
      5   [ <?> ] TypeOnce#132 (bit: #0)
     10   ret_  

[Prom (index 9.1)]
0:
      0   ldvar_  j
      5   [ <?> ] TypeOnce#136 (bit: #0)
     10   ret_  

[Prom (index 9.2)]
0:
      0   ldvar_  i
      5   [ <?> ] TypeOnce#144 (bit: #0)
     10   ret_  

[Prom (index 9.3)]
0:
      0   ldvar_  j
      5   [ <?> ] TypeOnce#148 (bit: #0)
     10   ret_  

[Prom (index 9.4)]
0:
      0   ldvar_  i
      5   [ <?> ] TypeOnce#156 (bit: #0)
     10   ret_  

[Prom (index 9.5)]
0:
      0   ldvar_  j
      5   [ <?> ] TypeOnce#160 (bit: #0)
     10   ret_  

[Prom (index 10)]
0:
      0   ldvar_  i
      5   [ <?> ] TypeOnce#170 (bit: #0)
     10   ret_  

[Prom (index 11)]
0:
      0   ldvar_  j
      5   [ <?> ] TypeOnce#174 (bit: #0)
     10   ret_  

[Prom (index 12)]
0:
      0   ldvar_  i
      5   [ <?> ] TypeOnce#182 (bit: #0)
     10   ret_  

[Prom (index 13)]
0:
      0   ldvar_  j
      5   [ <?> ] TypeOnce#186 (bit: #0)
     10   ret_  

[Prom (index 14)]
0:
      0   ldvar_  i
      5   [ <?> ] TypeOnce#194 (bit: #0)
     10   ret_  

[Prom (index 15)]
0:
      0   ldvar_  j
      5   [ <?> ] TypeOnce#198 (bit: #0)
     10   ret_  

[Prom (index 16)]
0:
      0   ldvar_  i
      5   [ <?> ] TypeOnce#206 (bit: #0)
     10   ret_  

[Prom (index 17)]
0:
      0   ldvar_  j
      5   [ <?> ] TypeOnce#210 (bit: #0)
     10   ret_  

[Prom (index 18)]
0:
      0   ldvar_  i
      5   [ <?> ] TypeOnce#218 (bit: #0)
     10   ret_  

[Prom (index 19)]
0:
      0   ldvar_  j
      5   [ <?> ] TypeOnce#222 (bit: #0)
     10   ret_  

[Prom (index 20)]
0:
      0   ldvar_  i
      5   [ <?> ] TypeOnce#230 (bit: #0)
     10   ret_  

[Prom (index 21)]
0:
      0   ldvar_  j
      5   [ <?> ] TypeOnce#234 (bit: #0)
     10   ret_  

[Prom (index 22)]
0:
      0   push_  1
      5   visible_  
      6   ldvar_  n_bodies
     11   [ <?> ] Type#243
     16   push_  1
     21   visible_  
     22   ; -(n_bodies, 1)
          sub_  
     23   [ <?> ] Type#244
     28   visible_  
     29   ; :(1, ((-(n_bodies, 1)))
          colon_  
     30   [ <?> ] Type#245
     35   ret_  

[Prom (index 23)]
0:
      0   ldfun_  min
      5   [ 0, <0>, valid  ] Call#3
     10   mk_promise_  0
     15   mk_promise_  1
     20   ; min(+(i, 1), n_bodies)
          call_  2
     37   [ <?> ] Type#249
     42   stvar_  j_from
     47   ldvar_  j_from
     52   force_  
     53   ldvar_  n_bodies
     58   [ <?> ] Type#251
     63   force_  
     64   ; :(j_from, n_bodies)
          colon_input_effects_  
     65   [ _ ] Test#45
     70   brtrue_  1
     75   ; :(j_from, n_bodies)
          colon_  
     76   ldfun_  for
     81   swap_  
     82   mk_eager_promise_  2
     87   mk_promise_  3
     92   ; for(j, :(j_from, n_bodies), {(<-(dx, -([[(body|...
          call_  2
    109   [ <?> ] Type#391
    114   br_  114
1:
    119   swap_  
    120   colon_cast_lhs_  
    121   [ <?> ] Type#392
    126   ensure_named_  
    127   swap_  
    128   colon_cast_rhs_  
    129   ensure_named_  
    130   [ <?> ] Type#393
    135   dup2_  
    136   ; NULL
          le_  
    137   [ _ ] Test#64
    142   brfalse_  2
    147   push_  1L
    152   br_  3
2:
    157   push_  -1L
3:
    162   swap_  
    163   pick_  2
    168   dup2_  
    169   ; NULL
          ne_  
    170   [ _ ] Test#65
    175   brfalse_  113
    180   dup_  
    181   stvar_  j
    186   pull_  2
    191   ensure_named_  
    192   ; NULL
          add_  
    193   ldvar_  body_x
    198   [ <?> ] Type#394
    203   dup_  
    204   is_  NonObject
    209   [ _ ] Test#66
    214   brfalse_  4
    219   br_  5
4:
    224   mk_promise_  4
    229   br_  6
5:
    234   ldvar_  i
    239   [ <?> ] TypeOnce#396 (bit: #0)
6:
    244   ; [[(body_x, i)
          extract2_1_  
    245   [ <?> ] Type#397
    250   visible_  
    251   ldvar_  body_x
    256   [ <?> ] Type#398
    261   dup_  
    262   is_  NonObject
    267   [ _ ] Test#67
    272   brfalse_  7
    277   br_  8
7:
    282   mk_promise_  5
    287   br_  9
8:
    292   ldvar_  j
    297   [ <?> ] TypeOnce#400 (bit: #1)
9:
    302   ; [[(body_x, j)
          extract2_1_  
    303   [ <?> ] Type#401
    308   visible_  
    309   ; -([[(body_x, i), [[(body_x, j))
          sub_  
    310   [ <?> ] Type#402
    315   stvar_  dx
    320   ldvar_  body_y
    325   [ <?> ] Type#403
    330   dup_  
    331   is_  NonObject
    336   [ _ ] Test#68
    341   brfalse_  10
    346   br_  11
10:
    351   mk_promise_  6
    356   br_  12
11:
    361   ldvar_  i
12:
    366   ; [[(body_y, i)
          extract2_1_  
    367   [ <?> ] Type#406
    372   visible_  
    373   ldvar_  body_y
    378   [ <?> ] Type#407
    383   dup_  
    384   is_  NonObject
    389   [ _ ] Test#69
    394   brfalse_  13
    399   br_  14
13:
    404   mk_promise_  7
    409   br_  15
14:
    414   ldvar_  j
15:
    419   ; [[(body_y, j)
          extract2_1_  
    420   [ <?> ] Type#410
    425   visible_  
    426   ; -([[(body_y, i), [[(body_y, j))
          sub_  
    427   [ <?> ] Type#411
    432   stvar_  dy
    437   ldvar_  body_z
    442   [ <?> ] Type#412
    447   dup_  
    448   is_  NonObject
    453   [ _ ] Test#70
    458   brfalse_  16
    463   br_  17
16:
    468   mk_promise_  8
    473   br_  18
17:
    478   ldvar_  i
18:
    483   ; [[(body_z, i)
          extract2_1_  
    484   [ <?> ] Type#415
    489   visible_  
    490   ldvar_  body_z
    495   [ <?> ] Type#416
    500   dup_  
    501   is_  NonObject
    506   [ _ ] Test#71
    511   brfalse_  19
    516   br_  20
19:
    521   mk_promise_  9
    526   br_  21
20:
    531   ldvar_  j
21:
    536   ; [[(body_z, j)
          extract2_1_  
    537   [ <?> ] Type#419
    542   visible_  
    543   ; -([[(body_z, i), [[(body_z, j))
          sub_  
    544   [ <?> ] Type#420
    549   stvar_  dz
    554   ldfun_  sqrt
    559   [ 0, <0>, valid  ] Call#5
    564   mk_promise_  a
    569   ; sqrt(+(+(*(dx, dx), *(dy, dy)), *(dz, dz)))
          call_  1
    586   [ <?> ] Type#432
    591   stvar_  distance
    596   ldvar_  dt
    601   [ <?> ] TypeOnce#433 (bit: #2)
    606   ldvar_  distance
    611   ldvar_  distance
    616   ; *(distance, distance)
          mul_  
    617   [ <?> ] Type#436
    622   ldvar_  distance
    627   ; *(*(distance, distance), distance)
          mul_  
    628   [ <?> ] Type#438
    633   visible_  
    634   ; /(dt, ((*(*(distance, distance), distance)))
          div_  
    635   [ <?> ] Type#439
    640   stvar_  mag
    645   ldvar_for_update_  body_vx
    650   set_shared_  
    651   pop_  
    652   ldvar_  body_vx
    657   [ <?> ] Type#440
    662   dup_  
    663   is_  NonObject
    668   [ _ ] Test#72
    673   brfalse_  22
    678   br_  23
22:
    683   mk_promise_  b
    688   br_  24
23:
    693   ldvar_  i
24:
    698   ; [[(body_vx, i)
          extract2_1_  
    699   [ <?> ] Type#443
    704   visible_  
    705   ldvar_  dx
    710   ldvar_  body_mass
    715   [ <?> ] Type#445
    720   dup_  
    721   is_  NonObject
    726   [ _ ] Test#73
    731   brfalse_  25
    736   br_  26
25:
    741   mk_promise_  c
    746   br_  27
26:
    751   ldvar_  j
27:
    756   ; [[(body_mass, j)
          extract2_1_  
    757   [ <?> ] Type#448
    762   visible_  
    763   ; *(dx, [[(body_mass, j))
          mul_  
    764   [ <?> ] Type#449
    769   ldvar_  mag
    774   ; *(*(dx, [[(body_mass, j)), mag)
          mul_  
    775   [ <?> ] Type#451
    780   ; -([[(body_vx, i), *(*(dx, [[(body_mass, j)), mag))
          sub_  
    781   [ <?> ] Type#452
    786   ldvar_super_  body_vx
    791   [ <?> ] Type#453
    796   ldvar_  i
    801   ; <<-([[(body_vx, i), -([[(body_vx, i), *(*(dx, |...
          subassign2_1_  
    802   stvar_super_  body_vx
    807   ldvar_for_update_  body_vy
    812   set_shared_  
    813   pop_  
    814   ldvar_  body_vy
    819   [ <?> ] Type#455
    824   dup_  
    825   is_  NonObject
    830   [ _ ] Test#74
    835   brfalse_  28
    840   br_  29
28:
    845   mk_promise_  d
    850   br_  30
29:
    855   ldvar_  i
30:
    860   ; [[(body_vy, i)
          extract2_1_  
    861   [ <?> ] Type#458
    866   visible_  
    867   ldvar_  dy
    872   ldvar_  body_mass
    877   [ <?> ] Type#460
    882   dup_  
    883   is_  NonObject
    888   [ _ ] Test#75
    893   brfalse_  31
    898   br_  32
31:
    903   mk_promise_  e
    908   br_  33
32:
    913   ldvar_  j
33:
    918   ; [[(body_mass, j)
          extract2_1_  
    919   [ <?> ] Type#463
    924   visible_  
    925   ; *(dy, [[(body_mass, j))
          mul_  
    926   [ <?> ] Type#464
    931   ldvar_  mag
    936   ; *(*(dy, [[(body_mass, j)), mag)
          mul_  
    937   [ <?> ] Type#466
    942   ; -([[(body_vy, i), *(*(dy, [[(body_mass, j)), mag))
          sub_  
    943   [ <?> ] Type#467
    948   ldvar_super_  body_vy
    953   [ <?> ] Type#468
    958   ldvar_  i
    963   ; <<-([[(body_vy, i), -([[(body_vy, i), *(*(dy, |...
          subassign2_1_  
    964   stvar_super_  body_vy
    969   ldvar_for_update_  body_vz
    974   set_shared_  
    975   pop_  
    976   ldvar_  body_vz
    981   [ <?> ] Type#470
    986   dup_  
    987   is_  NonObject
    992   [ _ ] Test#76
    997   brfalse_  34
   1002   br_  35
34:
   1007   mk_promise_  f
   1012   br_  36
35:
   1017   ldvar_  i
36:
   1022   ; [[(body_vz, i)
          extract2_1_  
   1023   [ <?> ] Type#473
   1028   visible_  
   1029   ldvar_  dz
   1034   ldvar_  body_mass
   1039   [ <?> ] Type#475
   1044   dup_  
   1045   is_  NonObject
   1050   [ _ ] Test#77
   1055   brfalse_  37
   1060   br_  38
37:
   1065   mk_promise_  10
   1070   br_  39
38:
   1075   ldvar_  j
39:
   1080   ; [[(body_mass, j)
          extract2_1_  
   1081   [ <?> ] Type#478
   1086   visible_  
   1087   ; *(dz, [[(body_mass, j))
          mul_  
   1088   [ <?> ] Type#479
   1093   ldvar_  mag
   1098   ; *(*(dz, [[(body_mass, j)), mag)
          mul_  
   1099   [ <?> ] Type#481
   1104   ; -([[(body_vz, i), *(*(dz, [[(body_mass, j)), mag))
          sub_  
   1105   [ <?> ] Type#482
   1110   ldvar_super_  body_vz
   1115   [ <?> ] Type#483
   1120   ldvar_  i
   1125   ; <<-([[(body_vz, i), -([[(body_vz, i), *(*(dz, |...
          subassign2_1_  
   1126   stvar_super_  body_vz
   1131   ldvar_for_update_  body_vx
   1136   set_shared_  
   1137   pop_  
   1138   ldvar_  body_vx
   1143   [ <?> ] Type#485
   1148   dup_  
   1149   is_  NonObject
   1154   [ _ ] Test#78
   1159   brfalse_  40
   1164   br_  41
40:
   1169   mk_promise_  11
   1174   br_  42
41:
   1179   ldvar_  j
42:
   1184   ; [[(body_vx, j)
          extract2_1_  
   1185   [ <?> ] Type#488
   1190   visible_  
   1191   ldvar_  dx
   1196   ldvar_  body_mass
   1201   [ <?> ] Type#490
   1206   dup_  
   1207   is_  NonObject
   1212   [ _ ] Test#79
   1217   brfalse_  43
   1222   br_  44
43:
   1227   mk_promise_  12
   1232   br_  45
44:
   1237   ldvar_  i
45:
   1242   ; [[(body_mass, i)
          extract2_1_  
   1243   [ <?> ] Type#493
   1248   visible_  
   1249   ; *(dx, [[(body_mass, i))
          mul_  
   1250   [ <?> ] Type#494
   1255   ldvar_  mag
   1260   ; *(*(dx, [[(body_mass, i)), mag)
          mul_  
   1261   [ <?> ] Type#496
   1266   ; +([[(body_vx, j), *(*(dx, [[(body_mass, i)), mag))
          add_  
   1267   [ <?> ] Type#497
   1272   ldvar_super_  body_vx
   1277   [ <?> ] Type#498
   1282   ldvar_  j
   1287   ; <<-([[(body_vx, j), +([[(body_vx, j), *(*(dx, |...
          subassign2_1_  
   1288   stvar_super_  body_vx
   1293   ldvar_for_update_  body_vy
   1298   set_shared_  
   1299   pop_  
   1300   ldvar_  body_vy
   1305   [ <?> ] Type#500
   1310   dup_  
   1311   is_  NonObject
   1316   [ _ ] Test#80
   1321   brfalse_  46
   1326   br_  47
46:
   1331   mk_promise_  13
   1336   br_  48
47:
   1341   ldvar_  j
48:
   1346   ; [[(body_vy, j)
          extract2_1_  
   1347   [ <?> ] Type#503
   1352   visible_  
   1353   ldvar_  dy
   1358   ldvar_  body_mass
   1363   [ <?> ] Type#505
   1368   dup_  
   1369   is_  NonObject
   1374   [ _ ] Test#81
   1379   brfalse_  49
   1384   br_  50
49:
   1389   mk_promise_  14
   1394   br_  51
50:
   1399   ldvar_  i
51:
   1404   ; [[(body_mass, i)
          extract2_1_  
   1405   [ <?> ] Type#508
   1410   visible_  
   1411   ; *(dy, [[(body_mass, i))
          mul_  
   1412   [ <?> ] Type#509
   1417   ldvar_  mag
   1422   ; *(*(dy, [[(body_mass, i)), mag)
          mul_  
   1423   [ <?> ] Type#511
   1428   ; +([[(body_vy, j), *(*(dy, [[(body_mass, i)), mag))
          add_  
   1429   [ <?> ] Type#512
   1434   ldvar_super_  body_vy
   1439   [ <?> ] Type#513
   1444   ldvar_  j
   1449   ; <<-([[(body_vy, j), +([[(body_vy, j), *(*(dy, |...
          subassign2_1_  
   1450   stvar_super_  body_vy
   1455   ldvar_for_update_  body_vz
   1460   set_shared_  
   1461   pop_  
   1462   ldvar_  body_vz
   1467   [ <?> ] Type#515
   1472   dup_  
   1473   is_  NonObject
   1478   [ _ ] Test#82
   1483   brfalse_  52
   1488   br_  53
52:
   1493   mk_promise_  15
   1498   br_  54
53:
   1503   ldvar_  j
54:
   1508   ; [[(body_vz, j)
          extract2_1_  
   1509   [ <?> ] Type#518
   1514   visible_  
   1515   ldvar_  dz
   1520   ldvar_  body_mass
   1525   [ <?> ] Type#520
   1530   dup_  
   1531   is_  NonObject
   1536   [ _ ] Test#83
   1541   brfalse_  55
   1546   br_  56
55:
   1551   mk_promise_  16
   1556   br_  57
56:
   1561   ldvar_  i
57:
   1566   ; [[(body_mass, i)
          extract2_1_  
   1567   [ <?> ] Type#523
   1572   visible_  
   1573   ; *(dz, [[(body_mass, i))
          mul_  
   1574   [ <?> ] Type#524
   1579   ldvar_  mag
   1584   ; *(*(dz, [[(body_mass, i)), mag)
          mul_  
   1585   [ <?> ] Type#526
   1590   ; +([[(body_vz, j), *(*(dz, [[(body_mass, i)), mag))
          add_  
   1591   [ <?> ] Type#527
   1596   ldvar_super_  body_vz
   1601   [ <?> ] Type#528
   1606   ldvar_  j
   1611   ; <<-([[(body_vz, j), +([[(body_vz, j), *(*(dz, |...
          subassign2_1_  
   1612   stvar_super_  body_vz
58:
   1617   dup2_  
   1618   ; NULL
          ne_  
   1619   brfalse_  113
   1624   dup_  
   1625   stvar_  j
   1630   pull_  2
   1635   ensure_named_  
   1636   ; NULL
          add_  
   1637   ldvar_  body_x
   1642   [ <?> ] Type#530
   1647   dup_  
   1648   is_  NonObject
   1653   [ _ ] Test#84
   1658   brfalse_  59
   1663   br_  60
59:
   1668   mk_promise_  17
   1673   br_  61
60:
   1678   ldvar_  i
   1683   [ <?> ] TypeOnce#532 (bit: #3)
61:
   1688   ; [[(body_x, i)
          extract2_1_  
   1689   [ <?> ] Type#533
   1694   visible_  
   1695   ldvar_  body_x
   1700   [ <?> ] Type#534
   1705   dup_  
   1706   is_  NonObject
   1711   [ _ ] Test#85
   1716   brfalse_  62
   1721   br_  63
62:
   1726   mk_promise_  18
   1731   br_  64
63:
   1736   ldvar_  j
   1741   [ <?> ] TypeOnce#536 (bit: #4)
64:
   1746   ; [[(body_x, j)
          extract2_1_  
   1747   [ <?> ] Type#537
   1752   visible_  
   1753   ; -([[(body_x, i), [[(body_x, j))
          sub_  
   1754   [ <?> ] Type#538
   1759   stvar_  dx
   1764   ldvar_  body_y
   1769   [ <?> ] Type#539
   1774   dup_  
   1775   is_  NonObject
   1780   [ _ ] Test#86
   1785   brfalse_  65
   1790   br_  66
65:
   1795   mk_promise_  19
   1800   br_  67
66:
   1805   ldvar_  i
67:
   1810   ; [[(body_y, i)
          extract2_1_  
   1811   [ <?> ] Type#542
   1816   visible_  
   1817   ldvar_  body_y
   1822   [ <?> ] Type#543
   1827   dup_  
   1828   is_  NonObject
   1833   [ _ ] Test#87
   1838   brfalse_  68
   1843   br_  69
68:
   1848   mk_promise_  1a
   1853   br_  70
69:
   1858   ldvar_  j
70:
   1863   ; [[(body_y, j)
          extract2_1_  
   1864   [ <?> ] Type#546
   1869   visible_  
   1870   ; -([[(body_y, i), [[(body_y, j))
          sub_  
   1871   [ <?> ] Type#547
   1876   stvar_  dy
   1881   ldvar_  body_z
   1886   [ <?> ] Type#548
   1891   dup_  
   1892   is_  NonObject
   1897   [ _ ] Test#88
   1902   brfalse_  71
   1907   br_  72
71:
   1912   mk_promise_  1b
   1917   br_  73
72:
   1922   ldvar_  i
73:
   1927   ; [[(body_z, i)
          extract2_1_  
   1928   [ <?> ] Type#551
   1933   visible_  
   1934   ldvar_  body_z
   1939   [ <?> ] Type#552
   1944   dup_  
   1945   is_  NonObject
   1950   [ _ ] Test#89
   1955   brfalse_  74
   1960   br_  75
74:
   1965   mk_promise_  1c
   1970   br_  76
75:
   1975   ldvar_  j
76:
   1980   ; [[(body_z, j)
          extract2_1_  
   1981   [ <?> ] Type#555
   1986   visible_  
   1987   ; -([[(body_z, i), [[(body_z, j))
          sub_  
   1988   [ <?> ] Type#556
   1993   stvar_  dz
   1998   ldfun_  sqrt
   2003   [ 0, <0>, valid  ] Call#6
   2008   mk_promise_  1d
   2013   ; sqrt(+(+(*(dx, dx), *(dy, dy)), *(dz, dz)))
          call_  1
   2030   [ <?> ] Type#568
   2035   stvar_  distance
   2040   ldvar_  dt
   2045   [ <?> ] TypeOnce#569 (bit: #5)
   2050   ldvar_  distance
   2055   ldvar_  distance
   2060   ; *(distance, distance)
          mul_  
   2061   [ <?> ] Type#572
   2066   ldvar_  distance
   2071   ; *(*(distance, distance), distance)
          mul_  
   2072   [ <?> ] Type#574
   2077   visible_  
   2078   ; /(dt, ((*(*(distance, distance), distance)))
          div_  
   2079   [ <?> ] Type#575
   2084   stvar_  mag
   2089   ldvar_for_update_  body_vx
   2094   set_shared_  
   2095   pop_  
   2096   ldvar_  body_vx
   2101   [ <?> ] Type#576
   2106   dup_  
   2107   is_  NonObject
   2112   [ _ ] Test#90
   2117   brfalse_  77
   2122   br_  78
77:
   2127   mk_promise_  1e
   2132   br_  79
78:
   2137   ldvar_  i
79:
   2142   ; [[(body_vx, i)
          extract2_1_  
   2143   [ <?> ] Type#579
   2148   visible_  
   2149   ldvar_  dx
   2154   ldvar_  body_mass
   2159   [ <?> ] Type#581
   2164   dup_  
   2165   is_  NonObject
   2170   [ _ ] Test#91
   2175   brfalse_  80
   2180   br_  81
80:
   2185   mk_promise_  1f
   2190   br_  82
81:
   2195   ldvar_  j
82:
   2200   ; [[(body_mass, j)
          extract2_1_  
   2201   [ <?> ] Type#584
   2206   visible_  
   2207   ; *(dx, [[(body_mass, j))
          mul_  
   2208   [ <?> ] Type#585
   2213   ldvar_  mag
   2218   ; *(*(dx, [[(body_mass, j)), mag)
          mul_  
   2219   [ <?> ] Type#587
   2224   ; -([[(body_vx, i), *(*(dx, [[(body_mass, j)), mag))
          sub_  
   2225   [ <?> ] Type#588
   2230   ldvar_super_  body_vx
   2235   [ <?> ] Type#589
   2240   ldvar_  i
   2245   ; <<-([[(body_vx, i), -([[(body_vx, i), *(*(dx, |...
          subassign2_1_  
   2246   stvar_super_  body_vx
   2251   ldvar_for_update_  body_vy
   2256   set_shared_  
   2257   pop_  
   2258   ldvar_  body_vy
   2263   [ <?> ] Type#591
   2268   dup_  
   2269   is_  NonObject
   2274   [ _ ] Test#92
   2279   brfalse_  83
   2284   br_  84
83:
   2289   mk_promise_  20
   2294   br_  85
84:
   2299   ldvar_  i
85:
   2304   ; [[(body_vy, i)
          extract2_1_  
   2305   [ <?> ] Type#594
   2310   visible_  
   2311   ldvar_  dy
   2316   ldvar_  body_mass
   2321   [ <?> ] Type#596
   2326   dup_  
   2327   is_  NonObject
   2332   [ _ ] Test#93
   2337   brfalse_  86
   2342   br_  87
86:
   2347   mk_promise_  21
   2352   br_  88
87:
   2357   ldvar_  j
88:
   2362   ; [[(body_mass, j)
          extract2_1_  
   2363   [ <?> ] Type#599
   2368   visible_  
   2369   ; *(dy, [[(body_mass, j))
          mul_  
   2370   [ <?> ] Type#600
   2375   ldvar_  mag
   2380   ; *(*(dy, [[(body_mass, j)), mag)
          mul_  
   2381   [ <?> ] Type#602
   2386   ; -([[(body_vy, i), *(*(dy, [[(body_mass, j)), mag))
          sub_  
   2387   [ <?> ] Type#603
   2392   ldvar_super_  body_vy
   2397   [ <?> ] Type#604
   2402   ldvar_  i
   2407   ; <<-([[(body_vy, i), -([[(body_vy, i), *(*(dy, |...
          subassign2_1_  
   2408   stvar_super_  body_vy
   2413   ldvar_for_update_  body_vz
   2418   set_shared_  
   2419   pop_  
   2420   ldvar_  body_vz
   2425   [ <?> ] Type#606
   2430   dup_  
   2431   is_  NonObject
   2436   [ _ ] Test#94
   2441   brfalse_  89
   2446   br_  90
89:
   2451   mk_promise_  22
   2456   br_  91
90:
   2461   ldvar_  i
91:
   2466   ; [[(body_vz, i)
          extract2_1_  
   2467   [ <?> ] Type#609
   2472   visible_  
   2473   ldvar_  dz
   2478   ldvar_  body_mass
   2483   [ <?> ] Type#611
   2488   dup_  
   2489   is_  NonObject
   2494   [ _ ] Test#95
   2499   brfalse_  92
   2504   br_  93
92:
   2509   mk_promise_  23
   2514   br_  94
93:
   2519   ldvar_  j
94:
   2524   ; [[(body_mass, j)
          extract2_1_  
   2525   [ <?> ] Type#614
   2530   visible_  
   2531   ; *(dz, [[(body_mass, j))
          mul_  
   2532   [ <?> ] Type#615
   2537   ldvar_  mag
   2542   ; *(*(dz, [[(body_mass, j)), mag)
          mul_  
   2543   [ <?> ] Type#617
   2548   ; -([[(body_vz, i), *(*(dz, [[(body_mass, j)), mag))
          sub_  
   2549   [ <?> ] Type#618
   2554   ldvar_super_  body_vz
   2559   [ <?> ] Type#619
   2564   ldvar_  i
   2569   ; <<-([[(body_vz, i), -([[(body_vz, i), *(*(dz, |...
          subassign2_1_  
   2570   stvar_super_  body_vz
   2575   ldvar_for_update_  body_vx
   2580   set_shared_  
   2581   pop_  
   2582   ldvar_  body_vx
   2587   [ <?> ] Type#621
   2592   dup_  
   2593   is_  NonObject
   2598   [ _ ] Test#96
   2603   brfalse_  95
   2608   br_  96
95:
   2613   mk_promise_  24
   2618   br_  97
96:
   2623   ldvar_  j
97:
   2628   ; [[(body_vx, j)
          extract2_1_  
   2629   [ <?> ] Type#624
   2634   visible_  
   2635   ldvar_  dx
   2640   ldvar_  body_mass
   2645   [ <?> ] Type#626
   2650   dup_  
   2651   is_  NonObject
   2656   [ _ ] Test#97
   2661   brfalse_  98
   2666   br_  99
98:
   2671   mk_promise_  25
   2676   br_  100
99:
   2681   ldvar_  i
100:
   2686   ; [[(body_mass, i)
          extract2_1_  
   2687   [ <?> ] Type#629
   2692   visible_  
   2693   ; *(dx, [[(body_mass, i))
          mul_  
   2694   [ <?> ] Type#630
   2699   ldvar_  mag
   2704   ; *(*(dx, [[(body_mass, i)), mag)
          mul_  
   2705   [ <?> ] Type#632
   2710   ; +([[(body_vx, j), *(*(dx, [[(body_mass, i)), mag))
          add_  
   2711   [ <?> ] Type#633
   2716   ldvar_super_  body_vx
   2721   [ <?> ] Type#634
   2726   ldvar_  j
   2731   ; <<-([[(body_vx, j), +([[(body_vx, j), *(*(dx, |...
          subassign2_1_  
   2732   stvar_super_  body_vx
   2737   ldvar_for_update_  body_vy
   2742   set_shared_  
   2743   pop_  
   2744   ldvar_  body_vy
   2749   [ <?> ] Type#636
   2754   dup_  
   2755   is_  NonObject
   2760   [ _ ] Test#98
   2765   brfalse_  101
   2770   br_  102
101:
   2775   mk_promise_  26
   2780   br_  103
102:
   2785   ldvar_  j
103:
   2790   ; [[(body_vy, j)
          extract2_1_  
   2791   [ <?> ] Type#639
   2796   visible_  
   2797   ldvar_  dy
   2802   ldvar_  body_mass
   2807   [ <?> ] Type#641
   2812   dup_  
   2813   is_  NonObject
   2818   [ _ ] Test#99
   2823   brfalse_  104
   2828   br_  105
104:
   2833   mk_promise_  27
   2838   br_  106
105:
   2843   ldvar_  i
106:
   2848   ; [[(body_mass, i)
          extract2_1_  
   2849   [ <?> ] Type#644
   2854   visible_  
   2855   ; *(dy, [[(body_mass, i))
          mul_  
   2856   [ <?> ] Type#645
   2861   ldvar_  mag
   2866   ; *(*(dy, [[(body_mass, i)), mag)
          mul_  
   2867   [ <?> ] Type#647
   2872   ; +([[(body_vy, j), *(*(dy, [[(body_mass, i)), mag))
          add_  
   2873   [ <?> ] Type#648
   2878   ldvar_super_  body_vy
   2883   [ <?> ] Type#649
   2888   ldvar_  j
   2893   ; <<-([[(body_vy, j), +([[(body_vy, j), *(*(dy, |...
          subassign2_1_  
   2894   stvar_super_  body_vy
   2899   ldvar_for_update_  body_vz
   2904   set_shared_  
   2905   pop_  
   2906   ldvar_  body_vz
   2911   [ <?> ] Type#651
   2916   dup_  
   2917   is_  NonObject
   2922   [ _ ] Test#100
   2927   brfalse_  107
   2932   br_  108
107:
   2937   mk_promise_  28
   2942   br_  109
108:
   2947   ldvar_  j
109:
   2952   ; [[(body_vz, j)
          extract2_1_  
   2953   [ <?> ] Type#654
   2958   visible_  
   2959   ldvar_  dz
   2964   ldvar_  body_mass
   2969   [ <?> ] Type#656
   2974   dup_  
   2975   is_  NonObject
   2980   [ _ ] Test#101
   2985   brfalse_  110
   2990   br_  111
110:
   2995   mk_promise_  29
   3000   br_  112
111:
   3005   ldvar_  i
112:
   3010   ; [[(body_mass, i)
          extract2_1_  
   3011   [ <?> ] Type#659
   3016   visible_  
   3017   ; *(dz, [[(body_mass, i))
          mul_  
   3018   [ <?> ] Type#660
   3023   ldvar_  mag
   3028   ; *(*(dz, [[(body_mass, i)), mag)
          mul_  
   3029   [ <?> ] Type#662
   3034   ; +([[(body_vz, j), *(*(dz, [[(body_mass, i)), mag))
          add_  
   3035   [ <?> ] Type#663
   3040   ldvar_super_  body_vz
   3045   [ <?> ] Type#664
   3050   ldvar_  j
   3055   ; <<-([[(body_vz, j), +([[(body_vz, j), *(*(dz, |...
          subassign2_1_  
   3056   stvar_super_  body_vz
   3061   br_  58
113:
   3066   popn_  3
   3071   push_  NULL
   3076   invisible_  
114:
   3077   ret_  

[Prom (index 23.0)]
0:
      0   ldvar_  i
      5   [ <?> ] Type#246
     10   push_  1
     15   visible_  
     16   ; +(i, 1)
          add_  
     17   [ <?> ] Type#247
     22   ret_  

[Prom (index 23.1)]
0:
      0   ldvar_  n_bodies
      5   [ <?> ] Type#248
     10   ret_  

[Prom (index 23.2)]
0:
      0   ldvar_  j_from
      5   [ <?> ] Type#252
     10   ldvar_  n_bodies
     15   [ <?> ] Type#253
     20   ; :(j_from, n_bodies)
          colon_  
     21   [ <?> ] Type#254
     26   ret_  

[Prom (index 23.3)]
0:
      0   ldvar_  body_x
      5   [ <?> ] Type#255
     10   dup_  
     11   is_  NonObject
     16   [ _ ] Test#46
     21   brfalse_  1
     26   br_  2
1:
     31   mk_promise_  0
     36   br_  3
2:
     41   ldvar_  i
     46   [ <?> ] Type#257
3:
     51   ; [[(body_x, i)
          extract2_1_  
     52   [ <?> ] Type#258
     57   visible_  
     58   ldvar_  body_x
     63   [ <?> ] Type#259
     68   dup_  
     69   is_  NonObject
     74   [ _ ] Test#47
     79   brfalse_  4
     84   br_  5
4:
     89   mk_promise_  1
     94   br_  6
5:
     99   ldvar_  j
    104   [ <?> ] Type#261
6:
    109   ; [[(body_x, j)
          extract2_1_  
    110   [ <?> ] Type#262
    115   visible_  
    116   ; -([[(body_x, i), [[(body_x, j))
          sub_  
    117   [ <?> ] Type#263
    122   stvar_  dx
    127   ldvar_  body_y
    132   [ <?> ] Type#264
    137   dup_  
    138   is_  NonObject
    143   [ _ ] Test#48
    148   brfalse_  7
    153   br_  8
7:
    158   mk_promise_  2
    163   br_  9
8:
    168   ldvar_  i
9:
    173   ; [[(body_y, i)
          extract2_1_  
    174   [ <?> ] Type#267
    179   visible_  
    180   ldvar_  body_y
    185   [ <?> ] Type#268
    190   dup_  
    191   is_  NonObject
    196   [ _ ] Test#49
    201   brfalse_  10
    206   br_  11
10:
    211   mk_promise_  3
    216   br_  12
11:
    221   ldvar_  j
12:
    226   ; [[(body_y, j)
          extract2_1_  
    227   [ <?> ] Type#271
    232   visible_  
    233   ; -([[(body_y, i), [[(body_y, j))
          sub_  
    234   [ <?> ] Type#272
    239   stvar_  dy
    244   ldvar_  body_z
    249   [ <?> ] Type#273
    254   dup_  
    255   is_  NonObject
    260   [ _ ] Test#50
    265   brfalse_  13
    270   br_  14
13:
    275   mk_promise_  4
    280   br_  15
14:
    285   ldvar_  i
15:
    290   ; [[(body_z, i)
          extract2_1_  
    291   [ <?> ] Type#276
    296   visible_  
    297   ldvar_  body_z
    302   [ <?> ] Type#277
    307   dup_  
    308   is_  NonObject
    313   [ _ ] Test#51
    318   brfalse_  16
    323   br_  17
16:
    328   mk_promise_  5
    333   br_  18
17:
    338   ldvar_  j
18:
    343   ; [[(body_z, j)
          extract2_1_  
    344   [ <?> ] Type#280
    349   visible_  
    350   ; -([[(body_z, i), [[(body_z, j))
          sub_  
    351   [ <?> ] Type#281
    356   stvar_  dz
    361   ldfun_  sqrt
    366   [ 0, <0>, valid  ] Call#4
    371   mk_promise_  6
    376   ; sqrt(+(+(*(dx, dx), *(dy, dy)), *(dz, dz)))
          call_  1
    393   [ <?> ] Type#293
    398   stvar_  distance
    403   ldvar_  dt
    408   [ <?> ] Type#294
    413   ldvar_  distance
    418   ldvar_  distance
    423   ; *(distance, distance)
          mul_  
    424   [ <?> ] Type#297
    429   ldvar_  distance
    434   ; *(*(distance, distance), distance)
          mul_  
    435   [ <?> ] Type#299
    440   visible_  
    441   ; /(dt, ((*(*(distance, distance), distance)))
          div_  
    442   [ <?> ] Type#300
    447   stvar_  mag
    452   ldvar_for_update_  body_vx
    457   set_shared_  
    458   pop_  
    459   ldvar_  body_vx
    464   [ <?> ] Type#301
    469   dup_  
    470   is_  NonObject
    475   [ _ ] Test#52
    480   brfalse_  19
    485   br_  20
19:
    490   mk_promise_  7
    495   br_  21
20:
    500   ldvar_  i
21:
    505   ; [[(body_vx, i)
          extract2_1_  
    506   [ <?> ] Type#304
    511   visible_  
    512   ldvar_  dx
    517   ldvar_  body_mass
    522   [ <?> ] Type#306
    527   dup_  
    528   is_  NonObject
    533   [ _ ] Test#53
    538   brfalse_  22
    543   br_  23
22:
    548   mk_promise_  8
    553   br_  24
23:
    558   ldvar_  j
24:
    563   ; [[(body_mass, j)
          extract2_1_  
    564   [ <?> ] Type#309
    569   visible_  
    570   ; *(dx, [[(body_mass, j))
          mul_  
    571   [ <?> ] Type#310
    576   ldvar_  mag
    581   ; *(*(dx, [[(body_mass, j)), mag)
          mul_  
    582   [ <?> ] Type#312
    587   ; -([[(body_vx, i), *(*(dx, [[(body_mass, j)), mag))
          sub_  
    588   [ <?> ] Type#313
    593   ldvar_super_  body_vx
    598   [ <?> ] Type#314
    603   ldvar_  i
    608   ; <<-([[(body_vx, i), -([[(body_vx, i), *(*(dx, |...
          subassign2_1_  
    609   stvar_super_  body_vx
    614   ldvar_for_update_  body_vy
    619   set_shared_  
    620   pop_  
    621   ldvar_  body_vy
    626   [ <?> ] Type#316
    631   dup_  
    632   is_  NonObject
    637   [ _ ] Test#54
    642   brfalse_  25
    647   br_  26
25:
    652   mk_promise_  9
    657   br_  27
26:
    662   ldvar_  i
27:
    667   ; [[(body_vy, i)
          extract2_1_  
    668   [ <?> ] Type#319
    673   visible_  
    674   ldvar_  dy
    679   ldvar_  body_mass
    684   [ <?> ] Type#321
    689   dup_  
    690   is_  NonObject
    695   [ _ ] Test#55
    700   brfalse_  28
    705   br_  29
28:
    710   mk_promise_  a
    715   br_  30
29:
    720   ldvar_  j
30:
    725   ; [[(body_mass, j)
          extract2_1_  
    726   [ <?> ] Type#324
    731   visible_  
    732   ; *(dy, [[(body_mass, j))
          mul_  
    733   [ <?> ] Type#325
    738   ldvar_  mag
    743   ; *(*(dy, [[(body_mass, j)), mag)
          mul_  
    744   [ <?> ] Type#327
    749   ; -([[(body_vy, i), *(*(dy, [[(body_mass, j)), mag))
          sub_  
    750   [ <?> ] Type#328
    755   ldvar_super_  body_vy
    760   [ <?> ] Type#329
    765   ldvar_  i
    770   ; <<-([[(body_vy, i), -([[(body_vy, i), *(*(dy, |...
          subassign2_1_  
    771   stvar_super_  body_vy
    776   ldvar_for_update_  body_vz
    781   set_shared_  
    782   pop_  
    783   ldvar_  body_vz
    788   [ <?> ] Type#331
    793   dup_  
    794   is_  NonObject
    799   [ _ ] Test#56
    804   brfalse_  31
    809   br_  32
31:
    814   mk_promise_  b
    819   br_  33
32:
    824   ldvar_  i
33:
    829   ; [[(body_vz, i)
          extract2_1_  
    830   [ <?> ] Type#334
    835   visible_  
    836   ldvar_  dz
    841   ldvar_  body_mass
    846   [ <?> ] Type#336
    851   dup_  
    852   is_  NonObject
    857   [ _ ] Test#57
    862   brfalse_  34
    867   br_  35
34:
    872   mk_promise_  c
    877   br_  36
35:
    882   ldvar_  j
36:
    887   ; [[(body_mass, j)
          extract2_1_  
    888   [ <?> ] Type#339
    893   visible_  
    894   ; *(dz, [[(body_mass, j))
          mul_  
    895   [ <?> ] Type#340
    900   ldvar_  mag
    905   ; *(*(dz, [[(body_mass, j)), mag)
          mul_  
    906   [ <?> ] Type#342
    911   ; -([[(body_vz, i), *(*(dz, [[(body_mass, j)), mag))
          sub_  
    912   [ <?> ] Type#343
    917   ldvar_super_  body_vz
    922   [ <?> ] Type#344
    927   ldvar_  i
    932   ; <<-([[(body_vz, i), -([[(body_vz, i), *(*(dz, |...
          subassign2_1_  
    933   stvar_super_  body_vz
    938   ldvar_for_update_  body_vx
    943   set_shared_  
    944   pop_  
    945   ldvar_  body_vx
    950   [ <?> ] Type#346
    955   dup_  
    956   is_  NonObject
    961   [ _ ] Test#58
    966   brfalse_  37
    971   br_  38
37:
    976   mk_promise_  d
    981   br_  39
38:
    986   ldvar_  j
39:
    991   ; [[(body_vx, j)
          extract2_1_  
    992   [ <?> ] Type#349
    997   visible_  
    998   ldvar_  dx
   1003   ldvar_  body_mass
   1008   [ <?> ] Type#351
   1013   dup_  
   1014   is_  NonObject
   1019   [ _ ] Test#59
   1024   brfalse_  40
   1029   br_  41
40:
   1034   mk_promise_  e
   1039   br_  42
41:
   1044   ldvar_  i
42:
   1049   ; [[(body_mass, i)
          extract2_1_  
   1050   [ <?> ] Type#354
   1055   visible_  
   1056   ; *(dx, [[(body_mass, i))
          mul_  
   1057   [ <?> ] Type#355
   1062   ldvar_  mag
   1067   ; *(*(dx, [[(body_mass, i)), mag)
          mul_  
   1068   [ <?> ] Type#357
   1073   ; +([[(body_vx, j), *(*(dx, [[(body_mass, i)), mag))
          add_  
   1074   [ <?> ] Type#358
   1079   ldvar_super_  body_vx
   1084   [ <?> ] Type#359
   1089   ldvar_  j
   1094   ; <<-([[(body_vx, j), +([[(body_vx, j), *(*(dx, |...
          subassign2_1_  
   1095   stvar_super_  body_vx
   1100   ldvar_for_update_  body_vy
   1105   set_shared_  
   1106   pop_  
   1107   ldvar_  body_vy
   1112   [ <?> ] Type#361
   1117   dup_  
   1118   is_  NonObject
   1123   [ _ ] Test#60
   1128   brfalse_  43
   1133   br_  44
43:
   1138   mk_promise_  f
   1143   br_  45
44:
   1148   ldvar_  j
45:
   1153   ; [[(body_vy, j)
          extract2_1_  
   1154   [ <?> ] Type#364
   1159   visible_  
   1160   ldvar_  dy
   1165   ldvar_  body_mass
   1170   [ <?> ] Type#366
   1175   dup_  
   1176   is_  NonObject
   1181   [ _ ] Test#61
   1186   brfalse_  46
   1191   br_  47
46:
   1196   mk_promise_  10
   1201   br_  48
47:
   1206   ldvar_  i
48:
   1211   ; [[(body_mass, i)
          extract2_1_  
   1212   [ <?> ] Type#369
   1217   visible_  
   1218   ; *(dy, [[(body_mass, i))
          mul_  
   1219   [ <?> ] Type#370
   1224   ldvar_  mag
   1229   ; *(*(dy, [[(body_mass, i)), mag)
          mul_  
   1230   [ <?> ] Type#372
   1235   ; +([[(body_vy, j), *(*(dy, [[(body_mass, i)), mag))
          add_  
   1236   [ <?> ] Type#373
   1241   ldvar_super_  body_vy
   1246   [ <?> ] Type#374
   1251   ldvar_  j
   1256   ; <<-([[(body_vy, j), +([[(body_vy, j), *(*(dy, |...
          subassign2_1_  
   1257   stvar_super_  body_vy
   1262   ldvar_for_update_  body_vz
   1267   set_shared_  
   1268   pop_  
   1269   ldvar_  body_vz
   1274   [ <?> ] Type#376
   1279   dup_  
   1280   is_  NonObject
   1285   [ _ ] Test#62
   1290   brfalse_  49
   1295   br_  50
49:
   1300   mk_promise_  11
   1305   br_  51
50:
   1310   ldvar_  j
51:
   1315   ; [[(body_vz, j)
          extract2_1_  
   1316   [ <?> ] Type#379
   1321   visible_  
   1322   ldvar_  dz
   1327   ldvar_  body_mass
   1332   [ <?> ] Type#381
   1337   dup_  
   1338   is_  NonObject
   1343   [ _ ] Test#63
   1348   brfalse_  52
   1353   br_  53
52:
   1358   mk_promise_  12
   1363   br_  54
53:
   1368   ldvar_  i
54:
   1373   ; [[(body_mass, i)
          extract2_1_  
   1374   [ <?> ] Type#384
   1379   visible_  
   1380   ; *(dz, [[(body_mass, i))
          mul_  
   1381   [ <?> ] Type#385
   1386   ldvar_  mag
   1391   ; *(*(dz, [[(body_mass, i)), mag)
          mul_  
   1392   [ <?> ] Type#387
   1397   ; +([[(body_vz, j), *(*(dz, [[(body_mass, i)), mag))
          add_  
   1398   [ <?> ] Type#388
   1403   dup_  
   1404   set_shared_  
   1405   ldvar_super_  body_vz
   1410   [ <?> ] Type#389
   1415   ldvar_  j
   1420   ; <<-([[(body_vz, j), +([[(body_vz, j), *(*(dz, |...
          subassign2_1_  
   1421   stvar_super_  body_vz
   1426   invisible_  
   1427   ret_  

[Prom (index 23.3.0)]
0:
      0   ldvar_  i
      5   [ <?> ] Type#256
     10   ret_  

[Prom (index 23.3.1)]
0:
      0   ldvar_  j
      5   [ <?> ] Type#260
     10   ret_  

[Prom (index 23.3.2)]
0:
      0   ldvar_  i
      5   [ <?> ] Type#265
     10   ret_  

[Prom (index 23.3.3)]
0:
      0   ldvar_  j
      5   [ <?> ] Type#269
     10   ret_  

[Prom (index 23.3.4)]
0:
      0   ldvar_  i
      5   [ <?> ] Type#274
     10   ret_  

[Prom (index 23.3.5)]
0:
      0   ldvar_  j
      5   [ <?> ] Type#278
     10   ret_  

[Prom (index 23.3.6)]
0:
      0   ldvar_  dx
      5   [ <?> ] Type#282
     10   ldvar_  dx
     15   ; *(dx, dx)
          mul_  
     16   [ <?> ] Type#284
     21   ldvar_  dy
     26   [ <?> ] Type#285
     31   ldvar_  dy
     36   ; *(dy, dy)
          mul_  
     37   [ <?> ] Type#287
     42   ; +(*(dx, dx), *(dy, dy))
          add_  
     43   [ <?> ] Type#288
     48   ldvar_  dz
     53   [ <?> ] Type#289
     58   ldvar_  dz
     63   ; *(dz, dz)
          mul_  
     64   [ <?> ] Type#291
     69   ; +(+(*(dx, dx), *(dy, dy)), *(dz, dz))
          add_  
     70   [ <?> ] Type#292
     75   ret_  

[Prom (index 23.3.7)]
0:
      0   ldvar_  i
      5   [ <?> ] Type#302
     10   ret_  

[Prom (index 23.3.8)]
0:
      0   ldvar_  j
      5   [ <?> ] Type#307
     10   ret_  

[Prom (index 23.3.9)]
0:
      0   ldvar_  i
      5   [ <?> ] Type#317
     10   ret_  

[Prom (index 23.3.10)]
0:
      0   ldvar_  j
      5   [ <?> ] Type#322
     10   ret_  

[Prom (index 23.3.11)]
0:
      0   ldvar_  i
      5   [ <?> ] Type#332
     10   ret_  

[Prom (index 23.3.12)]
0:
      0   ldvar_  j
      5   [ <?> ] Type#337
     10   ret_  

[Prom (index 23.3.13)]
0:
      0   ldvar_  j
      5   [ <?> ] Type#347
     10   ret_  

[Prom (index 23.3.14)]
0:
      0   ldvar_  i
      5   [ <?> ] Type#352
     10   ret_  

[Prom (index 23.3.15)]
0:
      0   ldvar_  j
      5   [ <?> ] Type#362
     10   ret_  

[Prom (index 23.3.16)]
0:
      0   ldvar_  i
      5   [ <?> ] Type#367
     10   ret_  

[Prom (index 23.3.17)]
0:
      0   ldvar_  j
      5   [ <?> ] Type#377
     10   ret_  

[Prom (index 23.3.18)]
0:
      0   ldvar_  i
      5   [ <?> ] Type#382
     10   ret_  

[Prom (index 23.4)]
0:
      0   ldvar_  i
      5   [ <?> ] TypeOnce#395 (bit: #0)
     10   ret_  

[Prom (index 23.5)]
0:
      0   ldvar_  j
      5   [ <?> ] TypeOnce#399 (bit: #0)
     10   ret_  

[Prom (index 23.6)]
0:
      0   ldvar_  i
      5   [ <?> ] TypeOnce#404 (bit: #0)
     10   ret_  

[Prom (index 23.7)]
0:
      0   ldvar_  j
      5   [ <?> ] TypeOnce#408 (bit: #0)
     10   ret_  

[Prom (index 23.8)]
0:
      0   ldvar_  i
      5   [ <?> ] TypeOnce#413 (bit: #0)
     10   ret_  

[Prom (index 23.9)]
0:
      0   ldvar_  j
      5   [ <?> ] TypeOnce#417 (bit: #0)
     10   ret_  

[Prom (index 23.10)]
0:
      0   ldvar_  dx
      5   [ <?> ] TypeOnce#421 (bit: #0)
     10   ldvar_  dx
     15   ; *(dx, dx)
          mul_  
     16   [ <?> ] Type#423
     21   ldvar_  dy
     26   [ <?> ] TypeOnce#424 (bit: #1)
     31   ldvar_  dy
     36   ; *(dy, dy)
          mul_  
     37   [ <?> ] Type#426
     42   ; +(*(dx, dx), *(dy, dy))
          add_  
     43   [ <?> ] Type#427
     48   ldvar_  dz
     53   [ <?> ] TypeOnce#428 (bit: #2)
     58   ldvar_  dz
     63   ; *(dz, dz)
          mul_  
     64   [ <?> ] Type#430
     69   ; +(+(*(dx, dx), *(dy, dy)), *(dz, dz))
          add_  
     70   [ <?> ] Type#431
     75   ret_  

[Prom (index 23.11)]
0:
      0   ldvar_  i
      5   [ <?> ] TypeOnce#441 (bit: #0)
     10   ret_  

[Prom (index 23.12)]
0:
      0   ldvar_  j
      5   [ <?> ] TypeOnce#446 (bit: #0)
     10   ret_  

[Prom (index 23.13)]
0:
      0   ldvar_  i
      5   [ <?> ] TypeOnce#456 (bit: #0)
     10   ret_  

[Prom (index 23.14)]
0:
      0   ldvar_  j
      5   [ <?> ] TypeOnce#461 (bit: #0)
     10   ret_  

[Prom (index 23.15)]
0:
      0   ldvar_  i
      5   [ <?> ] TypeOnce#471 (bit: #0)
     10   ret_  

[Prom (index 23.16)]
0:
      0   ldvar_  j
      5   [ <?> ] TypeOnce#476 (bit: #0)
     10   ret_  

[Prom (index 23.17)]
0:
      0   ldvar_  j
      5   [ <?> ] TypeOnce#486 (bit: #0)
     10   ret_  

[Prom (index 23.18)]
0:
      0   ldvar_  i
      5   [ <?> ] TypeOnce#491 (bit: #0)
     10   ret_  

[Prom (index 23.19)]
0:
      0   ldvar_  j
      5   [ <?> ] TypeOnce#501 (bit: #0)
     10   ret_  

[Prom (index 23.20)]
0:
      0   ldvar_  i
      5   [ <?> ] TypeOnce#506 (bit: #0)
     10   ret_  

[Prom (index 23.21)]
0:
      0   ldvar_  j
      5   [ <?> ] TypeOnce#516 (bit: #0)
     10   ret_  

[Prom (index 23.22)]
0:
      0   ldvar_  i
      5   [ <?> ] TypeOnce#521 (bit: #0)
     10   ret_  

[Prom (index 23.23)]
0:
      0   ldvar_  i
      5   [ <?> ] TypeOnce#531 (bit: #0)
     10   ret_  

[Prom (index 23.24)]
0:
      0   ldvar_  j
      5   [ <?> ] TypeOnce#535 (bit: #0)
     10   ret_  

[Prom (index 23.25)]
0:
      0   ldvar_  i
      5   [ <?> ] TypeOnce#540 (bit: #0)
     10   ret_  

[Prom (index 23.26)]
0:
      0   ldvar_  j
      5   [ <?> ] TypeOnce#544 (bit: #0)
     10   ret_  

[Prom (index 23.27)]
0:
      0   ldvar_  i
      5   [ <?> ] TypeOnce#549 (bit: #0)
     10   ret_  

[Prom (index 23.28)]
0:
      0   ldvar_  j
      5   [ <?> ] TypeOnce#553 (bit: #0)
     10   ret_  

[Prom (index 23.29)]
0:
      0   ldvar_  dx
      5   [ <?> ] TypeOnce#557 (bit: #0)
     10   ldvar_  dx
     15   ; *(dx, dx)
          mul_  
     16   [ <?> ] Type#559
     21   ldvar_  dy
     26   [ <?> ] TypeOnce#560 (bit: #1)
     31   ldvar_  dy
     36   ; *(dy, dy)
          mul_  
     37   [ <?> ] Type#562
     42   ; +(*(dx, dx), *(dy, dy))
          add_  
     43   [ <?> ] Type#563
     48   ldvar_  dz
     53   [ <?> ] TypeOnce#564 (bit: #2)
     58   ldvar_  dz
     63   ; *(dz, dz)
          mul_  
     64   [ <?> ] Type#566
     69   ; +(+(*(dx, dx), *(dy, dy)), *(dz, dz))
          add_  
     70   [ <?> ] Type#567
     75   ret_  

[Prom (index 23.30)]
0:
      0   ldvar_  i
      5   [ <?> ] TypeOnce#577 (bit: #0)
     10   ret_  

[Prom (index 23.31)]
0:
      0   ldvar_  j
      5   [ <?> ] TypeOnce#582 (bit: #0)
     10   ret_  

[Prom (index 23.32)]
0:
      0   ldvar_  i
      5   [ <?> ] TypeOnce#592 (bit: #0)
     10   ret_  

[Prom (index 23.33)]
0:
      0   ldvar_  j
      5   [ <?> ] TypeOnce#597 (bit: #0)
     10   ret_  

[Prom (index 23.34)]
0:
      0   ldvar_  i
      5   [ <?> ] TypeOnce#607 (bit: #0)
     10   ret_  

[Prom (index 23.35)]
0:
      0   ldvar_  j
      5   [ <?> ] TypeOnce#612 (bit: #0)
     10   ret_  

[Prom (index 23.36)]
0:
      0   ldvar_  j
      5   [ <?> ] TypeOnce#622 (bit: #0)
     10   ret_  

[Prom (index 23.37)]
0:
      0   ldvar_  i
      5   [ <?> ] TypeOnce#627 (bit: #0)
     10   ret_  

[Prom (index 23.38)]
0:
      0   ldvar_  j
      5   [ <?> ] TypeOnce#637 (bit: #0)
     10   ret_  

[Prom (index 23.39)]
0:
      0   ldvar_  i
      5   [ <?> ] TypeOnce#642 (bit: #0)
     10   ret_  

[Prom (index 23.40)]
0:
      0   ldvar_  j
      5   [ <?> ] TypeOnce#652 (bit: #0)
     10   ret_  

[Prom (index 23.41)]
0:
      0   ldvar_  i
      5   [ <?> ] TypeOnce#657 (bit: #0)
     10   ret_  

[Prom (index 24)]
0:
      0   ldvar_  i
      5   [ <?> ] TypeOnce#668 (bit: #0)
     10   push_  1
     15   visible_  
     16   ; +(i, 1)
          add_  
     17   [ <?> ] Type#669
     22   ret_  

[Prom (index 25)]
0:
      0   ldvar_  n_bodies
      5   [ <?> ] Type#670
     10   ret_  

[Prom (index 26)]
0:
      0   ldvar_  j_from
      5   [ <?> ] TypeOnce#677 (bit: #0)
     10   ldvar_  n_bodies
     15   [ <?> ] Type#678
     20   ; :(j_from, n_bodies)
          colon_  
     21   [ <?> ] Type#679
     26   ret_  

[Prom (index 27)]
0:
      0   ldvar_  body_x
      5   [ <?> ] Type#680
     10   dup_  
     11   is_  NonObject
     16   [ _ ] Test#105
     21   brfalse_  1
     26   br_  2
1:
     31   mk_promise_  0
     36   br_  3
2:
     41   ldvar_  i
     46   [ <?> ] TypeOnce#682 (bit: #0)
3:
     51   ; [[(body_x, i)
          extract2_1_  
     52   [ <?> ] Type#683
     57   visible_  
     58   ldvar_  body_x
     63   [ <?> ] Type#684
     68   dup_  
     69   is_  NonObject
     74   [ _ ] Test#106
     79   brfalse_  4
     84   br_  5
4:
     89   mk_promise_  1
     94   br_  6
5:
     99   ldvar_  j
    104   [ <?> ] TypeOnce#686 (bit: #1)
6:
    109   ; [[(body_x, j)
          extract2_1_  
    110   [ <?> ] Type#687
    115   visible_  
    116   ; -([[(body_x, i), [[(body_x, j))
          sub_  
    117   [ <?> ] Type#688
    122   stvar_  dx
    127   ldvar_  body_y
    132   [ <?> ] Type#689
    137   dup_  
    138   is_  NonObject
    143   [ _ ] Test#107
    148   brfalse_  7
    153   br_  8
7:
    158   mk_promise_  2
    163   br_  9
8:
    168   ldvar_  i
9:
    173   ; [[(body_y, i)
          extract2_1_  
    174   [ <?> ] Type#692
    179   visible_  
    180   ldvar_  body_y
    185   [ <?> ] Type#693
    190   dup_  
    191   is_  NonObject
    196   [ _ ] Test#108
    201   brfalse_  10
    206   br_  11
10:
    211   mk_promise_  3
    216   br_  12
11:
    221   ldvar_  j
12:
    226   ; [[(body_y, j)
          extract2_1_  
    227   [ <?> ] Type#696
    232   visible_  
    233   ; -([[(body_y, i), [[(body_y, j))
          sub_  
    234   [ <?> ] Type#697
    239   stvar_  dy
    244   ldvar_  body_z
    249   [ <?> ] Type#698
    254   dup_  
    255   is_  NonObject
    260   [ _ ] Test#109
    265   brfalse_  13
    270   br_  14
13:
    275   mk_promise_  4
    280   br_  15
14:
    285   ldvar_  i
15:
    290   ; [[(body_z, i)
          extract2_1_  
    291   [ <?> ] Type#701
    296   visible_  
    297   ldvar_  body_z
    302   [ <?> ] Type#702
    307   dup_  
    308   is_  NonObject
    313   [ _ ] Test#110
    318   brfalse_  16
    323   br_  17
16:
    328   mk_promise_  5
    333   br_  18
17:
    338   ldvar_  j
18:
    343   ; [[(body_z, j)
          extract2_1_  
    344   [ <?> ] Type#705
    349   visible_  
    350   ; -([[(body_z, i), [[(body_z, j))
          sub_  
    351   [ <?> ] Type#706
    356   stvar_  dz
    361   ldfun_  sqrt
    366   [ 0, <0>, valid  ] Call#8
    371   mk_promise_  6
    376   ; sqrt(+(+(*(dx, dx), *(dy, dy)), *(dz, dz)))
          call_  1
    393   [ <?> ] Type#718
    398   stvar_  distance
    403   ldvar_  dt
    408   [ <?> ] TypeOnce#719 (bit: #2)
    413   ldvar_  distance
    418   ldvar_  distance
    423   ; *(distance, distance)
          mul_  
    424   [ <?> ] Type#722
    429   ldvar_  distance
    434   ; *(*(distance, distance), distance)
          mul_  
    435   [ <?> ] Type#724
    440   visible_  
    441   ; /(dt, ((*(*(distance, distance), distance)))
          div_  
    442   [ <?> ] Type#725
    447   stvar_  mag
    452   ldvar_for_update_  body_vx
    457   set_shared_  
    458   pop_  
    459   ldvar_  body_vx
    464   [ <?> ] Type#726
    469   dup_  
    470   is_  NonObject
    475   [ _ ] Test#111
    480   brfalse_  19
    485   br_  20
19:
    490   mk_promise_  7
    495   br_  21
20:
    500   ldvar_  i
21:
    505   ; [[(body_vx, i)
          extract2_1_  
    506   [ <?> ] Type#729
    511   visible_  
    512   ldvar_  dx
    517   ldvar_  body_mass
    522   [ <?> ] Type#731
    527   dup_  
    528   is_  NonObject
    533   [ _ ] Test#112
    538   brfalse_  22
    543   br_  23
22:
    548   mk_promise_  8
    553   br_  24
23:
    558   ldvar_  j
24:
    563   ; [[(body_mass, j)
          extract2_1_  
    564   [ <?> ] Type#734
    569   visible_  
    570   ; *(dx, [[(body_mass, j))
          mul_  
    571   [ <?> ] Type#735
    576   ldvar_  mag
    581   ; *(*(dx, [[(body_mass, j)), mag)
          mul_  
    582   [ <?> ] Type#737
    587   ; -([[(body_vx, i), *(*(dx, [[(body_mass, j)), mag))
          sub_  
    588   [ <?> ] Type#738
    593   ldvar_super_  body_vx
    598   [ <?> ] Type#739
    603   ldvar_  i
    608   ; <<-([[(body_vx, i), -([[(body_vx, i), *(*(dx, |...
          subassign2_1_  
    609   stvar_super_  body_vx
    614   ldvar_for_update_  body_vy
    619   set_shared_  
    620   pop_  
    621   ldvar_  body_vy
    626   [ <?> ] Type#741
    631   dup_  
    632   is_  NonObject
    637   [ _ ] Test#113
    642   brfalse_  25
    647   br_  26
25:
    652   mk_promise_  9
    657   br_  27
26:
    662   ldvar_  i
27:
    667   ; [[(body_vy, i)
          extract2_1_  
    668   [ <?> ] Type#744
    673   visible_  
    674   ldvar_  dy
    679   ldvar_  body_mass
    684   [ <?> ] Type#746
    689   dup_  
    690   is_  NonObject
    695   [ _ ] Test#114
    700   brfalse_  28
    705   br_  29
28:
    710   mk_promise_  a
    715   br_  30
29:
    720   ldvar_  j
30:
    725   ; [[(body_mass, j)
          extract2_1_  
    726   [ <?> ] Type#749
    731   visible_  
    732   ; *(dy, [[(body_mass, j))
          mul_  
    733   [ <?> ] Type#750
    738   ldvar_  mag
    743   ; *(*(dy, [[(body_mass, j)), mag)
          mul_  
    744   [ <?> ] Type#752
    749   ; -([[(body_vy, i), *(*(dy, [[(body_mass, j)), mag))
          sub_  
    750   [ <?> ] Type#753
    755   ldvar_super_  body_vy
    760   [ <?> ] Type#754
    765   ldvar_  i
    770   ; <<-([[(body_vy, i), -([[(body_vy, i), *(*(dy, |...
          subassign2_1_  
    771   stvar_super_  body_vy
    776   ldvar_for_update_  body_vz
    781   set_shared_  
    782   pop_  
    783   ldvar_  body_vz
    788   [ <?> ] Type#756
    793   dup_  
    794   is_  NonObject
    799   [ _ ] Test#115
    804   brfalse_  31
    809   br_  32
31:
    814   mk_promise_  b
    819   br_  33
32:
    824   ldvar_  i
33:
    829   ; [[(body_vz, i)
          extract2_1_  
    830   [ <?> ] Type#759
    835   visible_  
    836   ldvar_  dz
    841   ldvar_  body_mass
    846   [ <?> ] Type#761
    851   dup_  
    852   is_  NonObject
    857   [ _ ] Test#116
    862   brfalse_  34
    867   br_  35
34:
    872   mk_promise_  c
    877   br_  36
35:
    882   ldvar_  j
36:
    887   ; [[(body_mass, j)
          extract2_1_  
    888   [ <?> ] Type#764
    893   visible_  
    894   ; *(dz, [[(body_mass, j))
          mul_  
    895   [ <?> ] Type#765
    900   ldvar_  mag
    905   ; *(*(dz, [[(body_mass, j)), mag)
          mul_  
    906   [ <?> ] Type#767
    911   ; -([[(body_vz, i), *(*(dz, [[(body_mass, j)), mag))
          sub_  
    912   [ <?> ] Type#768
    917   ldvar_super_  body_vz
    922   [ <?> ] Type#769
    927   ldvar_  i
    932   ; <<-([[(body_vz, i), -([[(body_vz, i), *(*(dz, |...
          subassign2_1_  
    933   stvar_super_  body_vz
    938   ldvar_for_update_  body_vx
    943   set_shared_  
    944   pop_  
    945   ldvar_  body_vx
    950   [ <?> ] Type#771
    955   dup_  
    956   is_  NonObject
    961   [ _ ] Test#117
    966   brfalse_  37
    971   br_  38
37:
    976   mk_promise_  d
    981   br_  39
38:
    986   ldvar_  j
39:
    991   ; [[(body_vx, j)
          extract2_1_  
    992   [ <?> ] Type#774
    997   visible_  
    998   ldvar_  dx
   1003   ldvar_  body_mass
   1008   [ <?> ] Type#776
   1013   dup_  
   1014   is_  NonObject
   1019   [ _ ] Test#118
   1024   brfalse_  40
   1029   br_  41
40:
   1034   mk_promise_  e
   1039   br_  42
41:
   1044   ldvar_  i
42:
   1049   ; [[(body_mass, i)
          extract2_1_  
   1050   [ <?> ] Type#779
   1055   visible_  
   1056   ; *(dx, [[(body_mass, i))
          mul_  
   1057   [ <?> ] Type#780
   1062   ldvar_  mag
   1067   ; *(*(dx, [[(body_mass, i)), mag)
          mul_  
   1068   [ <?> ] Type#782
   1073   ; +([[(body_vx, j), *(*(dx, [[(body_mass, i)), mag))
          add_  
   1074   [ <?> ] Type#783
   1079   ldvar_super_  body_vx
   1084   [ <?> ] Type#784
   1089   ldvar_  j
   1094   ; <<-([[(body_vx, j), +([[(body_vx, j), *(*(dx, |...
          subassign2_1_  
   1095   stvar_super_  body_vx
   1100   ldvar_for_update_  body_vy
   1105   set_shared_  
   1106   pop_  
   1107   ldvar_  body_vy
   1112   [ <?> ] Type#786
   1117   dup_  
   1118   is_  NonObject
   1123   [ _ ] Test#119
   1128   brfalse_  43
   1133   br_  44
43:
   1138   mk_promise_  f
   1143   br_  45
44:
   1148   ldvar_  j
45:
   1153   ; [[(body_vy, j)
          extract2_1_  
   1154   [ <?> ] Type#789
   1159   visible_  
   1160   ldvar_  dy
   1165   ldvar_  body_mass
   1170   [ <?> ] Type#791
   1175   dup_  
   1176   is_  NonObject
   1181   [ _ ] Test#120
   1186   brfalse_  46
   1191   br_  47
46:
   1196   mk_promise_  10
   1201   br_  48
47:
   1206   ldvar_  i
48:
   1211   ; [[(body_mass, i)
          extract2_1_  
   1212   [ <?> ] Type#794
   1217   visible_  
   1218   ; *(dy, [[(body_mass, i))
          mul_  
   1219   [ <?> ] Type#795
   1224   ldvar_  mag
   1229   ; *(*(dy, [[(body_mass, i)), mag)
          mul_  
   1230   [ <?> ] Type#797
   1235   ; +([[(body_vy, j), *(*(dy, [[(body_mass, i)), mag))
          add_  
   1236   [ <?> ] Type#798
   1241   ldvar_super_  body_vy
   1246   [ <?> ] Type#799
   1251   ldvar_  j
   1256   ; <<-([[(body_vy, j), +([[(body_vy, j), *(*(dy, |...
          subassign2_1_  
   1257   stvar_super_  body_vy
   1262   ldvar_for_update_  body_vz
   1267   set_shared_  
   1268   pop_  
   1269   ldvar_  body_vz
   1274   [ <?> ] Type#801
   1279   dup_  
   1280   is_  NonObject
   1285   [ _ ] Test#121
   1290   brfalse_  49
   1295   br_  50
49:
   1300   mk_promise_  11
   1305   br_  51
50:
   1310   ldvar_  j
51:
   1315   ; [[(body_vz, j)
          extract2_1_  
   1316   [ <?> ] Type#804
   1321   visible_  
   1322   ldvar_  dz
   1327   ldvar_  body_mass
   1332   [ <?> ] Type#806
   1337   dup_  
   1338   is_  NonObject
   1343   [ _ ] Test#122
   1348   brfalse_  52
   1353   br_  53
52:
   1358   mk_promise_  12
   1363   br_  54
53:
   1368   ldvar_  i
54:
   1373   ; [[(body_mass, i)
          extract2_1_  
   1374   [ <?> ] Type#809
   1379   visible_  
   1380   ; *(dz, [[(body_mass, i))
          mul_  
   1381   [ <?> ] Type#810
   1386   ldvar_  mag
   1391   ; *(*(dz, [[(body_mass, i)), mag)
          mul_  
   1392   [ <?> ] Type#812
   1397   ; +([[(body_vz, j), *(*(dz, [[(body_mass, i)), mag))
          add_  
   1398   [ <?> ] Type#813
   1403   dup_  
   1404   set_shared_  
   1405   ldvar_super_  body_vz
   1410   [ <?> ] Type#814
   1415   ldvar_  j
   1420   ; <<-([[(body_vz, j), +([[(body_vz, j), *(*(dz, |...
          subassign2_1_  
   1421   stvar_super_  body_vz
   1426   invisible_  
   1427   ret_  

[Prom (index 27.0)]
0:
      0   ldvar_  i
      5   [ <?> ] TypeOnce#681 (bit: #0)
     10   ret_  

[Prom (index 27.1)]
0:
      0   ldvar_  j
      5   [ <?> ] TypeOnce#685 (bit: #0)
     10   ret_  

[Prom (index 27.2)]
0:
      0   ldvar_  i
      5   [ <?> ] TypeOnce#690 (bit: #0)
     10   ret_  

[Prom (index 27.3)]
0:
      0   ldvar_  j
      5   [ <?> ] TypeOnce#694 (bit: #0)
     10   ret_  

[Prom (index 27.4)]
0:
      0   ldvar_  i
      5   [ <?> ] TypeOnce#699 (bit: #0)
     10   ret_  

[Prom (index 27.5)]
0:
      0   ldvar_  j
      5   [ <?> ] TypeOnce#703 (bit: #0)
     10   ret_  

[Prom (index 27.6)]
0:
      0   ldvar_  dx
      5   [ <?> ] TypeOnce#707 (bit: #0)
     10   ldvar_  dx
     15   ; *(dx, dx)
          mul_  
     16   [ <?> ] Type#709
     21   ldvar_  dy
     26   [ <?> ] TypeOnce#710 (bit: #1)
     31   ldvar_  dy
     36   ; *(dy, dy)
          mul_  
     37   [ <?> ] Type#712
     42   ; +(*(dx, dx), *(dy, dy))
          add_  
     43   [ <?> ] Type#713
     48   ldvar_  dz
     53   [ <?> ] TypeOnce#714 (bit: #2)
     58   ldvar_  dz
     63   ; *(dz, dz)
          mul_  
     64   [ <?> ] Type#716
     69   ; +(+(*(dx, dx), *(dy, dy)), *(dz, dz))
          add_  
     70   [ <?> ] Type#717
     75   ret_  

[Prom (index 27.7)]
0:
      0   ldvar_  i
      5   [ <?> ] TypeOnce#727 (bit: #0)
     10   ret_  

[Prom (index 27.8)]
0:
      0   ldvar_  j
      5   [ <?> ] TypeOnce#732 (bit: #0)
     10   ret_  

[Prom (index 27.9)]
0:
      0   ldvar_  i
      5   [ <?> ] TypeOnce#742 (bit: #0)
     10   ret_  

[Prom (index 27.10)]
0:
      0   ldvar_  j
      5   [ <?> ] TypeOnce#747 (bit: #0)
     10   ret_  

[Prom (index 27.11)]
0:
      0   ldvar_  i
      5   [ <?> ] TypeOnce#757 (bit: #0)
     10   ret_  

[Prom (index 27.12)]
0:
      0   ldvar_  j
      5   [ <?> ] TypeOnce#762 (bit: #0)
     10   ret_  

[Prom (index 27.13)]
0:
      0   ldvar_  j
      5   [ <?> ] TypeOnce#772 (bit: #0)
     10   ret_  

[Prom (index 27.14)]
0:
      0   ldvar_  i
      5   [ <?> ] TypeOnce#777 (bit: #0)
     10   ret_  

[Prom (index 27.15)]
0:
      0   ldvar_  j
      5   [ <?> ] TypeOnce#787 (bit: #0)
     10   ret_  

[Prom (index 27.16)]
0:
      0   ldvar_  i
      5   [ <?> ] TypeOnce#792 (bit: #0)
     10   ret_  

[Prom (index 27.17)]
0:
      0   ldvar_  j
      5   [ <?> ] TypeOnce#802 (bit: #0)
     10   ret_  

[Prom (index 27.18)]
0:
      0   ldvar_  i
      5   [ <?> ] TypeOnce#807 (bit: #0)
     10   ret_  

[Prom (index 28)]
0:
      0   ldvar_  i
      5   [ <?> ] TypeOnce#819 (bit: #0)
     10   ret_  

[Prom (index 29)]
0:
      0   ldvar_  j
      5   [ <?> ] TypeOnce#823 (bit: #0)
     10   ret_  

[Prom (index 30)]
0:
      0   ldvar_  i
      5   [ <?> ] TypeOnce#828 (bit: #0)
     10   ret_  

[Prom (index 31)]
0:
      0   ldvar_  j
      5   [ <?> ] TypeOnce#832 (bit: #0)
     10   ret_  

[Prom (index 32)]
0:
      0   ldvar_  i
      5   [ <?> ] TypeOnce#837 (bit: #0)
     10   ret_  

[Prom (index 33)]
0:
      0   ldvar_  j
      5   [ <?> ] TypeOnce#841 (bit: #0)
     10   ret_  

[Prom (index 34)]
0:
      0   ldvar_  dx
      5   [ <?> ] TypeOnce#845 (bit: #0)
     10   ldvar_  dx
     15   ; *(dx, dx)
          mul_  
     16   [ <?> ] Type#847
     21   ldvar_  dy
     26   [ <?> ] TypeOnce#848 (bit: #1)
     31   ldvar_  dy
     36   ; *(dy, dy)
          mul_  
     37   [ <?> ] Type#850
     42   ; +(*(dx, dx), *(dy, dy))
          add_  
     43   [ <?> ] Type#851
     48   ldvar_  dz
     53   [ <?> ] TypeOnce#852 (bit: #2)
     58   ldvar_  dz
     63   ; *(dz, dz)
          mul_  
     64   [ <?> ] Type#854
     69   ; +(+(*(dx, dx), *(dy, dy)), *(dz, dz))
          add_  
     70   [ <?> ] Type#855
     75   ret_  

[Prom (index 35)]
0:
      0   ldvar_  i
      5   [ <?> ] TypeOnce#876 (bit: #0)
     10   ret_  

[Prom (index 36)]
0:
      0   ldvar_  j
      5   [ <?> ] TypeOnce#881 (bit: #0)
     10   ret_  

[Prom (index 37)]
0:
      0   ldvar_  i
      5   [ <?> ] TypeOnce#891 (bit: #0)
     10   ret_  

[Prom (index 38)]
0:
      0   ldvar_  j
      5   [ <?> ] TypeOnce#896 (bit: #0)
     10   ret_  

[Prom (index 39)]
0:
      0   ldvar_  i
      5   [ <?> ] TypeOnce#906 (bit: #0)
     10   ret_  

[Prom (index 40)]
0:
      0   ldvar_  j
      5   [ <?> ] TypeOnce#911 (bit: #0)
     10   ret_  

[Prom (index 41)]
0:
      0   ldvar_  j
      5   [ <?> ] TypeOnce#921 (bit: #0)
     10   ret_  

[Prom (index 42)]
0:
      0   ldvar_  i
      5   [ <?> ] TypeOnce#926 (bit: #0)
     10   ret_  

[Prom (index 43)]
0:
      0   ldvar_  j
      5   [ <?> ] TypeOnce#936 (bit: #0)
     10   ret_  

[Prom (index 44)]
0:
      0   ldvar_  i
      5   [ <?> ] TypeOnce#941 (bit: #0)
     10   ret_  

[Prom (index 45)]
0:
      0   ldvar_  j
      5   [ <?> ] TypeOnce#951 (bit: #0)
     10   ret_  

[Prom (index 46)]
0:
      0   ldvar_  i
      5   [ <?> ] TypeOnce#956 (bit: #0)
     10   ret_  

[Prom (index 47)]
0:
      0   ldvar_  i
      5   [ <?> ] TypeOnce#966 (bit: #0)
     10   ret_  

[Prom (index 48)]
0:
      0   ldvar_  j
      5   [ <?> ] TypeOnce#970 (bit: #0)
     10   ret_  

[Prom (index 49)]
0:
      0   ldvar_  i
      5   [ <?> ] TypeOnce#975 (bit: #0)
     10   ret_  

[Prom (index 50)]
0:
      0   ldvar_  j
      5   [ <?> ] TypeOnce#979 (bit: #0)
     10   ret_  

[Prom (index 51)]
0:
      0   ldvar_  i
      5   [ <?> ] TypeOnce#984 (bit: #0)
     10   ret_  

[Prom (index 52)]
0:
      0   ldvar_  j
      5   [ <?> ] TypeOnce#988 (bit: #0)
     10   ret_  

[Prom (index 53)]
0:
      0   ldvar_  dx
      5   [ <?> ] TypeOnce#992 (bit: #0)
     10   ldvar_  dx
     15   ; *(dx, dx)
          mul_  
     16   [ <?> ] Type#994
     21   ldvar_  dy
     26   [ <?> ] TypeOnce#995 (bit: #1)
     31   ldvar_  dy
     36   ; *(dy, dy)
          mul_  
     37   [ <?> ] Type#997
     42   ; +(*(dx, dx), *(dy, dy))
          add_  
     43   [ <?> ] Type#998
     48   ldvar_  dz
     53   [ <?> ] TypeOnce#999 (bit: #2)
     58   ldvar_  dz
     63   ; *(dz, dz)
          mul_  
     64   [ <?> ] Type#1001
     69   ; +(+(*(dx, dx), *(dy, dy)), *(dz, dz))
          add_  
     70   [ <?> ] Type#1002
     75   ret_  

[Prom (index 54)]
0:
      0   ldvar_  i
      5   [ <?> ] TypeOnce#1023 (bit: #0)
     10   ret_  

[Prom (index 55)]
0:
      0   ldvar_  j
      5   [ <?> ] TypeOnce#1028 (bit: #0)
     10   ret_  

[Prom (index 56)]
0:
      0   ldvar_  i
      5   [ <?> ] TypeOnce#1038 (bit: #0)
     10   ret_  

[Prom (index 57)]
0:
      0   ldvar_  j
      5   [ <?> ] TypeOnce#1043 (bit: #0)
     10   ret_  

[Prom (index 58)]
0:
      0   ldvar_  i
      5   [ <?> ] TypeOnce#1053 (bit: #0)
     10   ret_  

[Prom (index 59)]
0:
      0   ldvar_  j
      5   [ <?> ] TypeOnce#1058 (bit: #0)
     10   ret_  

[Prom (index 60)]
0:
      0   ldvar_  j
      5   [ <?> ] TypeOnce#1068 (bit: #0)
     10   ret_  

[Prom (index 61)]
0:
      0   ldvar_  i
      5   [ <?> ] TypeOnce#1073 (bit: #0)
     10   ret_  

[Prom (index 62)]
0:
      0   ldvar_  j
      5   [ <?> ] TypeOnce#1083 (bit: #0)
     10   ret_  

[Prom (index 63)]
0:
      0   ldvar_  i
      5   [ <?> ] TypeOnce#1088 (bit: #0)
     10   ret_  

[Prom (index 64)]
0:
      0   ldvar_  j
      5   [ <?> ] TypeOnce#1098 (bit: #0)
     10   ret_  

[Prom (index 65)]
0:
      0   ldvar_  i
      5   [ <?> ] TypeOnce#1103 (bit: #0)
     10   ret_  

[Prom (index 66)]
0:
      0   push_  1
      5   visible_  
      6   ldvar_  n_bodies
     11   [ <?> ] Type#1113
     16   ; :(1, n_bodies)
          colon_  
     17   [ <?> ] Type#1114
     22   ret_  

[Prom (index 67)]
0:
      0   ldvar_for_update_  body_x
      5   set_shared_  
      6   pop_  
      7   ldvar_  body_x
     12   [ <?> ] Type#1115
     17   dup_  
     18   is_  NonObject
     23   [ _ ] Test#164
     28   brfalse_  1
     33   br_  2
1:
     38   mk_promise_  0
     43   br_  3
2:
     48   ldvar_  i
     53   [ <?> ] Type#1117
3:
     58   ; [[(body_x, i)
          extract2_1_  
     59   [ <?> ] Type#1118
     64   visible_  
     65   ldvar_  dt
     70   [ <?> ] Type#1119
     75   ldvar_  body_vx
     80   [ <?> ] Type#1120
     85   dup_  
     86   is_  NonObject
     91   [ _ ] Test#165
     96   brfalse_  4
    101   br_  5
4:
    106   mk_promise_  1
    111   br_  6
5:
    116   ldvar_  i
6:
    121   ; [[(body_vx, i)
          extract2_1_  
    122   [ <?> ] Type#1123
    127   visible_  
    128   ; *(dt, [[(body_vx, i))
          mul_  
    129   [ <?> ] Type#1124
    134   ; +([[(body_x, i), *(dt, [[(body_vx, i)))
          add_  
    135   [ <?> ] Type#1125
    140   ldvar_super_  body_x
    145   [ <?> ] Type#1126
    150   ldvar_  i
    155   ; <<-([[(body_x, i), +([[(body_x, i), *(dt, [[(b|...
          subassign2_1_  
    156   stvar_super_  body_x
    161   ldvar_for_update_  body_y
    166   set_shared_  
    167   pop_  
    168   ldvar_  body_y
    173   [ <?> ] Type#1128
    178   dup_  
    179   is_  NonObject
    184   [ _ ] Test#166
    189   brfalse_  7
    194   br_  8
7:
    199   mk_promise_  2
    204   br_  9
8:
    209   ldvar_  i
9:
    214   ; [[(body_y, i)
          extract2_1_  
    215   [ <?> ] Type#1131
    220   visible_  
    221   ldvar_  dt
    226   ldvar_  body_vy
    231   [ <?> ] Type#1133
    236   dup_  
    237   is_  NonObject
    242   [ _ ] Test#167
    247   brfalse_  10
    252   br_  11
10:
    257   mk_promise_  3
    262   br_  12
11:
    267   ldvar_  i
12:
    272   ; [[(body_vy, i)
          extract2_1_  
    273   [ <?> ] Type#1136
    278   visible_  
    279   ; *(dt, [[(body_vy, i))
          mul_  
    280   [ <?> ] Type#1137
    285   ; +([[(body_y, i), *(dt, [[(body_vy, i)))
          add_  
    286   [ <?> ] Type#1138
    291   ldvar_super_  body_y
    296   [ <?> ] Type#1139
    301   ldvar_  i
    306   ; <<-([[(body_y, i), +([[(body_y, i), *(dt, [[(b|...
          subassign2_1_  
    307   stvar_super_  body_y
    312   ldvar_for_update_  body_z
    317   set_shared_  
    318   pop_  
    319   ldvar_  body_z
    324   [ <?> ] Type#1141
    329   dup_  
    330   is_  NonObject
    335   [ _ ] Test#168
    340   brfalse_  13
    345   br_  14
13:
    350   mk_promise_  4
    355   br_  15
14:
    360   ldvar_  i
15:
    365   ; [[(body_z, i)
          extract2_1_  
    366   [ <?> ] Type#1144
    371   visible_  
    372   ldvar_  dt
    377   ldvar_  body_vz
    382   [ <?> ] Type#1146
    387   dup_  
    388   is_  NonObject
    393   [ _ ] Test#169
    398   brfalse_  16
    403   br_  17
16:
    408   mk_promise_  5
    413   br_  18
17:
    418   ldvar_  i
18:
    423   ; [[(body_vz, i)
          extract2_1_  
    424   [ <?> ] Type#1149
    429   visible_  
    430   ; *(dt, [[(body_vz, i))
          mul_  
    431   [ <?> ] Type#1150
    436   ; +([[(body_z, i), *(dt, [[(body_vz, i)))
          add_  
    437   [ <?> ] Type#1151
    442   dup_  
    443   set_shared_  
    444   ldvar_super_  body_z
    449   [ <?> ] Type#1152
    454   ldvar_  i
    459   ; <<-([[(body_z, i), +([[(body_z, i), *(dt, [[(b|...
          subassign2_1_  
    460   stvar_super_  body_z
    465   invisible_  
    466   ret_  

[Prom (index 67.0)]
0:
      0   ldvar_  i
      5   [ <?> ] Type#1116
     10   ret_  

[Prom (index 67.1)]
0:
      0   ldvar_  i
      5   [ <?> ] Type#1121
     10   ret_  

[Prom (index 67.2)]
0:
      0   ldvar_  i
      5   [ <?> ] Type#1129
     10   ret_  

[Prom (index 67.3)]
0:
      0   ldvar_  i
      5   [ <?> ] Type#1134
     10   ret_  

[Prom (index 67.4)]
0:
      0   ldvar_  i
      5   [ <?> ] Type#1142
     10   ret_  

[Prom (index 67.5)]
0:
      0   ldvar_  i
      5   [ <?> ] Type#1147
     10   ret_  

[Prom (index 68)]
0:
      0   ldvar_  i
      5   [ <?> ] TypeOnce#1158 (bit: #0)
     10   ret_  

[Prom (index 69)]
0:
      0   ldvar_  i
      5   [ <?> ] TypeOnce#1163 (bit: #0)
     10   ret_  

[Prom (index 70)]
0:
      0   ldvar_  i
      5   [ <?> ] TypeOnce#1171 (bit: #0)
     10   ret_  

[Prom (index 71)]
0:
      0   ldvar_  i
      5   [ <?> ] TypeOnce#1176 (bit: #0)
     10   ret_  

[Prom (index 72)]
0:
      0   ldvar_  i
      5   [ <?> ] TypeOnce#1184 (bit: #0)
     10   ret_  

[Prom (index 73)]
0:
      0   ldvar_  i
      5   [ <?> ] TypeOnce#1189 (bit: #0)
     10   ret_  

[Prom (index 74)]
0:
      0   ldvar_  i
      5   [ <?> ] TypeOnce#1197 (bit: #0)
     10   ret_  

[Prom (index 75)]
0:
      0   ldvar_  i
      5   [ <?> ] TypeOnce#1202 (bit: #0)
     10   ret_  

[Prom (index 76)]
0:
      0   ldvar_  i
      5   [ <?> ] TypeOnce#1210 (bit: #0)
     10   ret_  

[Prom (index 77)]
0:
      0   ldvar_  i
      5   [ <?> ] TypeOnce#1215 (bit: #0)
     10   ret_  

[Prom (index 78)]
0:
      0   ldvar_  i
      5   [ <?> ] TypeOnce#1223 (bit: #0)
     10   ret_  

[Prom (index 79)]
0:
      0   ldvar_  i
      5   [ <?> ] TypeOnce#1228 (bit: #0)
     10   ret_  

NoRecord Type#25 (dep: #17)
NoRecord Type#26 (dep: #21)
NoRecord Type#29 (dep: #17)
NoRecord Type#33 (dep: #21)
NoRecord Type#37 (dep: #17)
NoRecord Type#38 (dep: #21)
NoRecord Type#41 (dep: #17)
NoRecord Type#45 (dep: #21)
NoRecord Type#49 (dep: #17)
NoRecord Type#50 (dep: #21)
NoRecord Type#64 (dep: #56)
NoRecord Type#65 (dep: #60)
NoRecord Type#68 (dep: #56)
NoRecord Type#72 (dep: #60)
NoRecord Type#76 (dep: #56)
NoRecord Type#77 (dep: #60)
NoRecord Type#80 (dep: #56)
NoRecord Type#84 (dep: #60)
NoRecord Type#88 (dep: #56)
NoRecord Type#89 (dep: #60)
NoRecord Type#100 (dep: #92)
NoRecord Type#101 (dep: #96)
NoRecord Type#104 (dep: #92)
NoRecord Type#108 (dep: #96)
NoRecord Type#112 (dep: #92)
NoRecord Type#113 (dep: #96)
NoRecord Type#116 (dep: #92)
NoRecord Type#120 (dep: #96)
NoRecord Type#124 (dep: #92)
NoRecord Type#125 (dep: #96)
NoRecord Type#141 (dep: #133)
NoRecord Type#142 (dep: #137)
NoRecord Type#145 (dep: #133)
NoRecord Type#149 (dep: #137)
NoRecord Type#153 (dep: #133)
NoRecord Type#154 (dep: #137)
NoRecord Type#157 (dep: #133)
NoRecord Type#161 (dep: #137)
NoRecord Type#165 (dep: #133)
NoRecord Type#166 (dep: #137)
NoRecord Type#179 (dep: #171)
NoRecord Type#180 (dep: #175)
NoRecord Type#183 (dep: #171)
NoRecord Type#187 (dep: #175)
NoRecord Type#191 (dep: #171)
NoRecord Type#192 (dep: #175)
NoRecord Type#195 (dep: #171)
NoRecord Type#199 (dep: #175)
NoRecord Type#203 (dep: #171)
NoRecord Type#204 (dep: #175)
NoRecord Type#215 (dep: #207)
NoRecord Type#216 (dep: #211)
NoRecord Type#219 (dep: #207)
NoRecord Type#223 (dep: #211)
NoRecord Type#227 (dep: #207)
NoRecord Type#228 (dep: #211)
NoRecord Type#231 (dep: #207)
NoRecord Type#235 (dep: #211)
NoRecord Type#239 (dep: #207)
NoRecord Type#240 (dep: #211)
NoRecord Type#250 (dep: #249)
NoRecord Type#266 (dep: #257)
NoRecord Type#270 (dep: #261)
NoRecord Type#275 (dep: #257)
NoRecord Type#279 (dep: #261)
NoRecord Type#283 (dep: #282)
NoRecord Type#286 (dep: #285)
NoRecord Type#290 (dep: #289)
NoRecord Type#295 (dep: #293)
NoRecord Type#296 (dep: #293)
NoRecord Type#298 (dep: #293)
NoRecord Type#303 (dep: #257)
NoRecord Type#305 (dep: #263)
NoRecord Type#308 (dep: #261)
NoRecord Type#311 (dep: #300)
NoRecord Type#315 (dep: #257)
NoRecord Type#318 (dep: #257)
NoRecord Type#320 (dep: #272)
NoRecord Type#323 (dep: #261)
NoRecord Type#326 (dep: #300)
NoRecord Type#330 (dep: #257)
NoRecord Type#333 (dep: #257)
NoRecord Type#335 (dep: #281)
NoRecord Type#338 (dep: #261)
NoRecord Type#341 (dep: #300)
NoRecord Type#345 (dep: #257)
NoRecord Type#348 (dep: #261)
NoRecord Type#350 (dep: #263)
NoRecord Type#353 (dep: #257)
NoRecord Type#356 (dep: #300)
NoRecord Type#360 (dep: #261)
NoRecord Type#363 (dep: #261)
NoRecord Type#365 (dep: #272)
NoRecord Type#368 (dep: #257)
NoRecord Type#371 (dep: #300)
NoRecord Type#375 (dep: #261)
NoRecord Type#378 (dep: #261)
NoRecord Type#380 (dep: #281)
NoRecord Type#383 (dep: #257)
NoRecord Type#386 (dep: #300)
NoRecord Type#390 (dep: #261)
NoRecord Type#405 (dep: #396)
NoRecord Type#409 (dep: #400)
NoRecord Type#414 (dep: #396)
NoRecord Type#418 (dep: #400)
NoRecord Type#422 (dep: #421)
NoRecord Type#425 (dep: #424)
NoRecord Type#429 (dep: #428)
NoRecord Type#434 (dep: #432)
NoRecord Type#435 (dep: #432)
NoRecord Type#437 (dep: #432)
NoRecord Type#442 (dep: #396)
NoRecord Type#444 (dep: #402)
NoRecord Type#447 (dep: #400)
NoRecord Type#450 (dep: #439)
NoRecord Type#454 (dep: #396)
NoRecord Type#457 (dep: #396)
NoRecord Type#459 (dep: #411)
NoRecord Type#462 (dep: #400)
NoRecord Type#465 (dep: #439)
NoRecord Type#469 (dep: #396)
NoRecord Type#472 (dep: #396)
NoRecord Type#474 (dep: #420)
NoRecord Type#477 (dep: #400)
NoRecord Type#480 (dep: #439)
NoRecord Type#484 (dep: #396)
NoRecord Type#487 (dep: #400)
NoRecord Type#489 (dep: #402)
NoRecord Type#492 (dep: #396)
NoRecord Type#495 (dep: #439)
NoRecord Type#499 (dep: #400)
NoRecord Type#502 (dep: #400)
NoRecord Type#504 (dep: #411)
NoRecord Type#507 (dep: #396)
NoRecord Type#510 (dep: #439)
NoRecord Type#514 (dep: #400)
NoRecord Type#517 (dep: #400)
NoRecord Type#519 (dep: #420)
NoRecord Type#522 (dep: #396)
NoRecord Type#525 (dep: #439)
NoRecord Type#529 (dep: #400)
NoRecord Type#541 (dep: #532)
NoRecord Type#545 (dep: #536)
NoRecord Type#550 (dep: #532)
NoRecord Type#554 (dep: #536)
NoRecord Type#558 (dep: #557)
NoRecord Type#561 (dep: #560)
NoRecord Type#565 (dep: #564)
NoRecord Type#570 (dep: #568)
NoRecord Type#571 (dep: #568)
NoRecord Type#573 (dep: #568)
NoRecord Type#578 (dep: #532)
NoRecord Type#580 (dep: #538)
NoRecord Type#583 (dep: #536)
NoRecord Type#586 (dep: #575)
NoRecord Type#590 (dep: #532)
NoRecord Type#593 (dep: #532)
NoRecord Type#595 (dep: #547)
NoRecord Type#598 (dep: #536)
NoRecord Type#601 (dep: #575)
NoRecord Type#605 (dep: #532)
NoRecord Type#608 (dep: #532)
NoRecord Type#610 (dep: #556)
NoRecord Type#613 (dep: #536)
NoRecord Type#616 (dep: #575)
NoRecord Type#620 (dep: #532)
NoRecord Type#623 (dep: #536)
NoRecord Type#625 (dep: #538)
NoRecord Type#628 (dep: #532)
NoRecord Type#631 (dep: #575)
NoRecord Type#635 (dep: #536)
NoRecord Type#638 (dep: #536)
NoRecord Type#640 (dep: #547)
NoRecord Type#643 (dep: #532)
NoRecord Type#646 (dep: #575)
NoRecord Type#650 (dep: #536)
NoRecord Type#653 (dep: #536)
NoRecord Type#655 (dep: #556)
NoRecord Type#658 (dep: #532)
NoRecord Type#661 (dep: #575)
NoRecord Type#665 (dep: #536)
NoRecord Type#675 (dep: #674)
NoRecord Type#691 (dep: #682)
NoRecord Type#695 (dep: #686)
NoRecord Type#700 (dep: #682)
NoRecord Type#704 (dep: #686)
NoRecord Type#708 (dep: #707)
NoRecord Type#711 (dep: #710)
NoRecord Type#715 (dep: #714)
NoRecord Type#720 (dep: #718)
NoRecord Type#721 (dep: #718)
NoRecord Type#723 (dep: #718)
NoRecord Type#728 (dep: #682)
NoRecord Type#730 (dep: #688)
NoRecord Type#733 (dep: #686)
NoRecord Type#736 (dep: #725)
NoRecord Type#740 (dep: #682)
NoRecord Type#743 (dep: #682)
NoRecord Type#745 (dep: #697)
NoRecord Type#748 (dep: #686)
NoRecord Type#751 (dep: #725)
NoRecord Type#755 (dep: #682)
NoRecord Type#758 (dep: #682)
NoRecord Type#760 (dep: #706)
NoRecord Type#763 (dep: #686)
NoRecord Type#766 (dep: #725)
NoRecord Type#770 (dep: #682)
NoRecord Type#773 (dep: #686)
NoRecord Type#775 (dep: #688)
NoRecord Type#778 (dep: #682)
NoRecord Type#781 (dep: #725)
NoRecord Type#785 (dep: #686)
NoRecord Type#788 (dep: #686)
NoRecord Type#790 (dep: #697)
NoRecord Type#793 (dep: #682)
NoRecord Type#796 (dep: #725)
NoRecord Type#800 (dep: #686)
NoRecord Type#803 (dep: #686)
NoRecord Type#805 (dep: #706)
NoRecord Type#808 (dep: #682)
NoRecord Type#811 (dep: #725)
NoRecord Type#815 (dep: #686)
NoRecord Type#829 (dep: #820)
NoRecord Type#833 (dep: #824)
NoRecord Type#838 (dep: #820)
NoRecord Type#842 (dep: #824)
NoRecord Type#846 (dep: #845)
NoRecord Type#849 (dep: #848)
NoRecord Type#853 (dep: #852)
NoRecord Type#856 (dep: #826)
NoRecord Type#857 (dep: #826)
NoRecord Type#859 (dep: #835)
NoRecord Type#860 (dep: #835)
NoRecord Type#863 (dep: #844)
NoRecord Type#864 (dep: #844)
NoRecord Type#869 (dep: #867)
NoRecord Type#870 (dep: #867)
NoRecord Type#872 (dep: #867)
NoRecord Type#877 (dep: #820)
NoRecord Type#879 (dep: #826)
NoRecord Type#882 (dep: #824)
NoRecord Type#885 (dep: #874)
NoRecord Type#889 (dep: #820)
NoRecord Type#892 (dep: #820)
NoRecord Type#894 (dep: #835)
NoRecord Type#897 (dep: #824)
NoRecord Type#900 (dep: #874)
NoRecord Type#904 (dep: #820)
NoRecord Type#907 (dep: #820)
NoRecord Type#909 (dep: #844)
NoRecord Type#912 (dep: #824)
NoRecord Type#915 (dep: #874)
NoRecord Type#919 (dep: #820)
NoRecord Type#922 (dep: #824)
NoRecord Type#924 (dep: #826)
NoRecord Type#927 (dep: #820)
NoRecord Type#930 (dep: #874)
NoRecord Type#934 (dep: #824)
NoRecord Type#937 (dep: #824)
NoRecord Type#939 (dep: #835)
NoRecord Type#942 (dep: #820)
NoRecord Type#945 (dep: #874)
NoRecord Type#949 (dep: #824)
NoRecord Type#952 (dep: #824)
NoRecord Type#954 (dep: #844)
NoRecord Type#957 (dep: #820)
NoRecord Type#960 (dep: #874)
NoRecord Type#964 (dep: #824)
NoRecord Type#976 (dep: #967)
NoRecord Type#980 (dep: #971)
NoRecord Type#985 (dep: #967)
NoRecord Type#989 (dep: #971)
NoRecord Type#993 (dep: #992)
NoRecord Type#996 (dep: #995)
NoRecord Type#1000 (dep: #999)
NoRecord Type#1003 (dep: #973)
NoRecord Type#1004 (dep: #973)
NoRecord Type#1006 (dep: #982)
NoRecord Type#1007 (dep: #982)
NoRecord Type#1010 (dep: #991)
NoRecord Type#1011 (dep: #991)
NoRecord Type#1016 (dep: #1014)
NoRecord Type#1017 (dep: #1014)
NoRecord Type#1019 (dep: #1014)
NoRecord Type#1024 (dep: #967)
NoRecord Type#1026 (dep: #973)
NoRecord Type#1029 (dep: #971)
NoRecord Type#1032 (dep: #1021)
NoRecord Type#1036 (dep: #967)
NoRecord Type#1039 (dep: #967)
NoRecord Type#1041 (dep: #982)
NoRecord Type#1044 (dep: #971)
NoRecord Type#1047 (dep: #1021)
NoRecord Type#1051 (dep: #967)
NoRecord Type#1054 (dep: #967)
NoRecord Type#1056 (dep: #991)
NoRecord Type#1059 (dep: #971)
NoRecord Type#1062 (dep: #1021)
NoRecord Type#1066 (dep: #967)
NoRecord Type#1069 (dep: #971)
NoRecord Type#1071 (dep: #973)
NoRecord Type#1074 (dep: #967)
NoRecord Type#1077 (dep: #1021)
NoRecord Type#1081 (dep: #971)
NoRecord Type#1084 (dep: #971)
NoRecord Type#1086 (dep: #982)
NoRecord Type#1089 (dep: #967)
NoRecord Type#1092 (dep: #1021)
NoRecord Type#1096 (dep: #971)
NoRecord Type#1099 (dep: #971)
NoRecord Type#1101 (dep: #991)
NoRecord Type#1104 (dep: #967)
NoRecord Type#1107 (dep: #1021)
NoRecord Type#1111 (dep: #971)
NoRecord Type#1122 (dep: #1117)
NoRecord Type#1127 (dep: #1117)
NoRecord Type#1130 (dep: #1117)
NoRecord Type#1132 (dep: #1119)
NoRecord Type#1135 (dep: #1117)
NoRecord Type#1140 (dep: #1117)
NoRecord Type#1143 (dep: #1117)
NoRecord Type#1145 (dep: #1119)
NoRecord Type#1148 (dep: #1117)
NoRecord Type#1153 (dep: #1117)
NoRecord Type#1164 (dep: #1159)
NoRecord Type#1169 (dep: #1159)
NoRecord Type#1172 (dep: #1159)
NoRecord Type#1174 (dep: #1161)
NoRecord Type#1177 (dep: #1159)
NoRecord Type#1182 (dep: #1159)
NoRecord Type#1185 (dep: #1159)
NoRecord Type#1187 (dep: #1161)
NoRecord Type#1190 (dep: #1159)
NoRecord Type#1195 (dep: #1159)
NoRecord Type#1203 (dep: #1198)
NoRecord Type#1208 (dep: #1198)
NoRecord Type#1211 (dep: #1198)
NoRecord Type#1213 (dep: #1200)
NoRecord Type#1216 (dep: #1198)
NoRecord Type#1221 (dep: #1198)
NoRecord Type#1224 (dep: #1198)
NoRecord Type#1226 (dep: #1200)
NoRecord Type#1229 (dep: #1198)
NoRecord Type#1234 (dep: #1198)
> 
  Time (mean ± σ):     194.1 ms ±   1.9 ms    [User: 142.9 ms, System: 54.0 ms]
  Range (min … max):   192.3 ms … 196.2 ms    3 runs
 
