[1/1] cd /home/skrynski/rsh-recordLess/build/release && /home/skrynski/rsh-recordLess/tools/setup-build-dir /home/skrynski/rsh-recordLess /home/skrynski/rsh-recordLess/external/custom-r

R version 4.1.1 RC (2021-08-03 r80701) -- "Kick Things"
Copyright (C) 2021 The R Foundation for Statistical Computing
Platform: x86_64-pc-linux-gnu (64-bit)

R is free software and comes with ABSOLUTELY NO WARRANTY.
You are welcome to redistribute it under certain conditions.
Type 'license()' or 'licence()' for distribution details.

R is a collaborative project with many contributors.
Type 'contributors()' for more information and
'citation()' on how to cite R or R packages in publications.

Type 'demo()' for some demos, 'help()' for on-line help, or
'help.start()' for an HTML browser interface to help.
Type 'q()' to quit R.

> 
> verifyResult <- function(x, ...) {
+     UseMethod("verifyResult", x)
+ }
> 
> verifyResult.default <- function(result, benchmarkParameter) {
+     TRUE
+ }
> 
> innerBenchmarkLoop <- function(x, ...) {
+     UseMethod("innerBenchmarkLoop", x)
+ }
> 
> innerBenchmarkLoop.default <- function(class, benchmarkParameter, innerIterations) {
+     for (i in 1:innerIterations) {
+         if (!verifyResult(execute(benchmarkParameter), benchmarkParameter)) {
+             return(FALSE)
+         }
+     }
+     return(TRUE)
+ }
> 
> doRuns <- function(name, iterations, benchmarkParameter, innerIterations) {
+     total <- 0
+     class(name) <- tolower(name)
+     for (i in 1:iterations) {
+         startTime <- Sys.time()
+         if (!innerBenchmarkLoop(name, benchmarkParameter, innerIterations)) {
+             stop("Benchmark failed with incorrect result")
+         }
+         endTime <- Sys.time()
+         runTime <- (as.numeric(endTime) - as.numeric(startTime)) * 1000000
+ 
+         cat(name, ": iterations=1 runtime: ", round(runTime), "us\n", sep = "")
+         total <- total + runTime
+     }
+     total
+ }
> 
> run <- function(args) {
+     if (length(args) < 3 || 4 < length(args))
+         stop(printUsage())
+ 
+     name <- args[[1]]
+     numIterations <- strtoi(args[[2]])
+     benchmarkParameter <- strtoi(args[[3]])
+     innerIterations <- if (length(args) > 3) strtoi(args[[4]]) else 1
+ 
+     source(file.path(".", paste(tolower(name), ".r", sep="")))
+     
+     total <- as.numeric(doRuns(name, numIterations, benchmarkParameter, innerIterations));
+     cat(name, ": ",
+         "iterations=", numIterations, "; ",
+         "average: ", round(total / numIterations), " us; ",
+         "total: ", round(total), "us\n\n", sep="")
+     #cat("Total runtime: ", total, "us\n\n", sep="")
+ }
> 
> printUsage <- function() {
+     cat("harness.r benchmark num-iterations benchmark-parameter [inner-iter]\n")
+     cat("\n")
+     cat("  benchmark           - benchmark class name\n")
+     cat("  num-iterations      - number of times to execute benchmark\n")
+     cat("  benchmark-parameter - size of the benchmark problem\n")
+     cat("  inner-iter          - number of times the benchmark is executed in an inner loop,\n")
+     cat("                        which is measured in total, default: 1\n")
+ }
> 
> run(commandArgs(trailingOnly=TRUE))
== closure 0x55c006564300 (env 0x55c0047c6078) ==
== dispatch table 0x55c005bd7d20 ==
= version 0 (0x55c005e01d58) =
[sigature] needsEnv 
[flags]    
[stats]    invoked: 0, deopt: 0
0:
      0   push_  <blt length>
      5   dup_  
      6   ldvar_noforce_  length
     11   identical_noforce_  
     12   [ _ ] Test#0
     17   brtrue_  1
     22   pop_  
     23   ldfun_  length
     28   [ 0, <0>, valid  ] Call#0
     33   mk_promise_  0
     38   ; length(args)
          call_  1
     55   br_  2
1:
     60   ldvar_cached_  args{0}
     69   [ <?> ] Type#1
     74   ; length(args)
          call_  1
2:
     91   [ <?> ] Type#2
     96   push_  3
    101   visible_  
    102   ; <(length(args), 3)
          lt_  
    103   [ <?> ] Type#3
    108   ; ||(<(length(args), 3), <(4, length(args)))
          aslogical_  
    109   dup_  
    110   brtrue_  5
    115   push_  4
    120   visible_  
    121   push_  <blt length>
    126   dup_  
    127   ldvar_noforce_  length
    132   identical_noforce_  
    133   [ _ ] Test#1
    138   brtrue_  3
    143   pop_  
    144   ldfun_  length
    149   [ 0, <0>, valid  ] Call#1
    154   mk_promise_  1
    159   ; length(args)
          call_  1
    176   br_  4
3:
    181   ldvar_cached_  args{0}
    190   ; length(args)
          call_  1
4:
    207   [ <?> ] Type#6
    212   ; <(4, length(args))
          lt_  
    213   [ <?> ] Type#7
    218   ; ||(<(length(args), 3), <(4, length(args)))
          aslogical_  
    219   lgl_or_  
5:
    220   asbool_  
    221   brtrue_  6
    226   br_  7
6:
    231   ldfun_  stop
    236   [ 0, <0>, valid  ] Call#2
    241   mk_promise_  2
    246   ; stop(printUsage())
          call_  1
    263   pop_  
7:
    264   ldvar_cached_  args{0}
    273   dup_  
    274   is_  NonObject
    279   [ _ ] Test#2
    284   brfalse_  8
    289   br_  9
8:
    294   push_  1
    299   br_  10
9:
    304   push_  1
    309   visible_  
10:
    310   ; [[(args, 1)
          extract2_1_  
    311   [ <?> ] Type#10
    316   visible_  
    317   stvar_cached_  name{1}
    326   ldfun_  strtoi
    331   [ 0, <0>, valid  ] Call#4
    336   mk_promise_  3
    341   ; strtoi([[(args, 2))
          call_  1
    358   [ <?> ] Type#13
    363   stvar_cached_  numIterations{2}
    372   ldfun_  strtoi
    377   [ 0, <0>, valid  ] Call#5
    382   mk_promise_  4
    387   ; strtoi([[(args, 3))
          call_  1
    404   [ <?> ] Type#16
    409   stvar_cached_  benchmarkParameter{3}
    418   push_  <blt length>
    423   dup_  
    424   ldvar_noforce_  length
    429   identical_noforce_  
    430   [ _ ] Test#5
    435   brtrue_  11
    440   pop_  
    441   ldfun_  length
    446   [ 0, <0>, valid  ] Call#6
    451   mk_promise_  5
    456   ; length(args)
          call_  1
    473   br_  12
11:
    478   ldvar_cached_  args{0}
    487   ; length(args)
          call_  1
12:
    504   [ <?> ] Type#19
    509   push_  3
    514   visible_  
    515   ; >(length(args), 3)
          gt_  
    516   [ <?> ] Type#20
    521   asbool_  
    522   brtrue_  13
    527   push_  1
    532   visible_  
    533   br_  14
13:
    538   ldfun_  strtoi
    543   [ 0, <0>, valid  ] Call#7
    548   mk_promise_  6
    553   ; strtoi([[(args, 4))
          call_  1
    570   [ <?> ] Type#23
14:
    575   stvar_cached_  innerIterations{4}
    584   ldfun_  source
    589   [ 0, <0>, valid  ] Call#8
    594   mk_promise_  7
    599   ; source(file.path(".", paste(tolower(name), ".r|...
          call_  1
    616   pop_  
    617   push_  <blt as.double>
    622   dup_  
    623   ldvar_noforce_  as.numeric
    628   identical_noforce_  
    629   [ _ ] Test#7
    634   brtrue_  15
    639   pop_  
    640   ldfun_  as.numeric
    645   [ 0, <0>, valid  ] Call#12
    650   mk_promise_  8
    655   ; as.numeric(doRuns(name, numIterations, benchma|...
          call_  1
    672   br_  16
15:
    677   ldfun_  doRuns
    682   [ 0, <0>, valid  ] Call#14
    687   mk_promise_  9
    692   mk_promise_  a
    697   mk_promise_  b
    702   mk_promise_  c
    707   ; doRuns(name, numIterations, benchmarkParameter|...
          call_  4
    724   [ <?> ] Type#37
    729   ; as.numeric(doRuns(name, numIterations, benchma|...
          call_  1
16:
    746   [ <?> ] Type#38
    751   stvar_cached_  total{5}
    760   ldfun_  cat
    765   [ 0, <0>, valid  ] Call#15
    770   mk_promise_  d
    775   push_  ": "
    780   push_  "iterations="
    785   mk_promise_  e
    790   push_  "; "
    795   push_  "average: "
    800   mk_promise_  f
    805   push_  " us; "
    810   push_  "total: "
    815   mk_promise_  10
    820   push_  "us

"
    825   push_  ""
    830   ; cat(name, ": ", "iterations=", numIterations, |...
          named_call_  12 [ _ _ _ _ _ _ _ _ _ _ _ sep ]
    895   [ <?> ] Type#47
    900   ret_  

[Prom (index 0)]
0:
      0   ldvar_  args
      5   [ <?> ] Type#0
     10   ret_  

[Prom (index 1)]
0:
      0   ldvar_  args
      5   [ <?> ] Type#4
     10   ret_  

[Prom (index 2)]
0:
      0   ldfun_  printUsage
      5   [ 0, <0>, valid  ] Call#3
     10   ; printUsage()
          call_  0
     27   [ <?> ] Type#8
     32   ret_  

[Prom (index 3)]
0:
      0   ldvar_  args
      5   [ <?> ] Type#11
     10   dup_  
     11   is_  NonObject
     16   [ _ ] Test#3
     21   brfalse_  1
     26   br_  2
1:
     31   push_  2
     36   br_  3
2:
     41   push_  2
     46   visible_  
3:
     47   ; [[(args, 2)
          extract2_1_  
     48   [ <?> ] Type#12
     53   visible_  
     54   ret_  

[Prom (index 4)]
0:
      0   ldvar_  args
      5   [ <?> ] Type#14
     10   dup_  
     11   is_  NonObject
     16   [ _ ] Test#4
     21   brfalse_  1
     26   br_  2
1:
     31   push_  3
     36   br_  3
2:
     41   push_  3
     46   visible_  
3:
     47   ; [[(args, 3)
          extract2_1_  
     48   [ <?> ] Type#15
     53   visible_  
     54   ret_  

[Prom (index 5)]
0:
      0   ldvar_  args
      5   [ <?> ] Type#17
     10   ret_  

[Prom (index 6)]
0:
      0   ldvar_  args
      5   [ <?> ] Type#21
     10   dup_  
     11   is_  NonObject
     16   [ _ ] Test#6
     21   brfalse_  1
     26   br_  2
1:
     31   push_  4
     36   br_  3
2:
     41   push_  4
     46   visible_  
3:
     47   ; [[(args, 4)
          extract2_1_  
     48   [ <?> ] Type#22
     53   visible_  
     54   ret_  

[Prom (index 7)]
0:
      0   ldfun_  file.path
      5   [ 0, <0>, valid  ] Call#9
     10   push_  "."
     15   mk_promise_  0
     20   ; file.path(".", paste(tolower(name), ".r", sep=""))
          call_  2
     37   [ <?> ] Type#27
     42   ret_  

[Prom (index 7.0)]
0:
      0   ldfun_  paste
      5   [ 0, <0>, valid  ] Call#10
     10   mk_promise_  0
     15   push_  ".r"
     20   push_  ""
     25   ; paste(tolower(name), ".r", sep="")
          named_call_  3 [ _ _ sep ]
     54   [ <?> ] Type#26
     59   ret_  

[Prom (index 7.0.0)]
0:
      0   ldfun_  tolower
      5   [ 0, <0>, valid  ] Call#11
     10   mk_promise_  0
     15   ; tolower(name)
          call_  1
     32   [ <?> ] Type#25
     37   ret_  

[Prom (index 7.0.0.0)]
0:
      0   ldvar_  name
      5   [ <?> ] Type#24
     10   ret_  

[Prom (index 8)]
0:
      0   ldfun_  doRuns
      5   [ 0, <0>, valid  ] Call#13
     10   mk_promise_  0
     15   mk_promise_  1
     20   mk_promise_  2
     25   mk_promise_  3
     30   ; doRuns(name, numIterations, benchmarkParameter|...
          call_  4
     47   [ <?> ] Type#32
     52   ret_  

[Prom (index 8.0)]
0:
      0   ldvar_  name
      5   [ <?> ] Type#28
     10   ret_  

[Prom (index 8.1)]
0:
      0   ldvar_  numIterations
      5   [ <?> ] Type#29
     10   ret_  

[Prom (index 8.2)]
0:
      0   ldvar_  benchmarkParameter
      5   [ <?> ] Type#30
     10   ret_  

[Prom (index 8.3)]
0:
      0   ldvar_  innerIterations
      5   [ <?> ] Type#31
     10   ret_  

[Prom (index 9)]
0:
      0   ldvar_  name
      5   [ <?> ] Type#33
     10   ret_  

[Prom (index 10)]
0:
      0   ldvar_  numIterations
      5   [ <?> ] Type#34
     10   ret_  

[Prom (index 11)]
0:
      0   ldvar_  benchmarkParameter
      5   [ <?> ] Type#35
     10   ret_  

[Prom (index 12)]
0:
      0   ldvar_  innerIterations
      5   [ <?> ] Type#36
     10   ret_  

[Prom (index 13)]
0:
      0   ldvar_  name
      5   [ <?> ] Type#39
     10   ret_  

[Prom (index 14)]
0:
      0   ldvar_  numIterations
      5   [ <?> ] Type#40
     10   ret_  

[Prom (index 15)]
0:
      0   ldfun_  round
      5   [ 0, <0>, valid  ] Call#16
     10   mk_promise_  0
     15   ; round(/(total, numIterations))
          call_  1
     32   [ <?> ] Type#44
     37   ret_  

[Prom (index 15.0)]
0:
      0   ldvar_  total
      5   [ <?> ] Type#41
     10   ldvar_  numIterations
     15   [ <?> ] Type#42
     20   ; /(total, numIterations)
          div_  
     21   [ <?> ] Type#43
     26   ret_  

[Prom (index 16)]
0:
      0   ldfun_  round
      5   [ 0, <0>, valid  ] Call#17
     10   mk_promise_  0
     15   ; round(total)
          call_  1
     32   [ <?> ] Type#46
     37   ret_  

[Prom (index 16.0)]
0:
      0   ldvar_  total
      5   [ <?> ] Type#45
     10   ret_  

NoRecord Type#5 (dep: #1)
NoRecord Type#9 (dep: #1)
NoRecord Type#18 (dep: #1)
== closure 0x55c0065692f8 (env 0x55c0047c5fd0) ==
== dispatch table 0x55c005c12d70 ==
= version 0 (0x55c005e027a8) =
[sigature] needsEnv 
[flags]    
[stats]    invoked: 0, deopt: 0
0:
      0   push_  <blt as.character>
      5   dup_  
      6   ldvar_noforce_  as.character
     11   identical_noforce_  
     12   [ _ ] Test#0
     17   brtrue_  1
     22   pop_  
     23   ldfun_  as.character
     28   [ 0, <0>, valid  ] Call#0
     33   mk_promise_  0
     38   ; as.character(x)
          call_  1
     55   br_  2
1:
     60   ldvar_cached_  x{0}
     69   [ <?> ] Type#1
     74   ; as.character(x)
          call_  1
2:
     91   [ <?> ] Type#2
     96   push_  <blt as.integer>
    101   dup_  
    102   ldvar_noforce_  as.integer
    107   identical_noforce_  
    108   [ _ ] Test#1
    113   brtrue_  3
    118   pop_  
    119   ldfun_  as.integer
    124   [ 0, <0>, valid  ] Call#1
    129   mk_promise_  1
    134   ; as.integer(base)
          call_  1
    151   br_  4
3:
    156   ldvar_cached_  base{1}
    165   [ <?> ] Type#4
    170   ; as.integer(base)
          call_  1
4:
    187   [ <?> ] Type#5
    192   call_builtin_  2 : <blt strtoi>
    205   ret_  

[Prom (index 0)]
0:
      0   ldvar_  x
      5   [ <?> ] Type#0
     10   ret_  

[Prom (index 1)]
0:
      0   ldvar_  base
      5   [ <?> ] Type#3
     10   ret_  

== closure 0x55c006568878 (env 0x55c0047c5fd0) ==
== dispatch table 0x55c005988ad0 ==
= version 0 (0x55c004c98ed0) =
[sigature] needsEnv 
[flags]    
[stats]    invoked: 0, deopt: 0
0:
      0   ldfun_  isTRUE
      5   [ 0, <0>, valid  ] Call#5
     10   mk_promise_  0
     15   ; isTRUE(local)
          call_  1
     32   [ <?> ] Type#9
     37   asbool_  
     38   brtrue_  7
     43   ldfun_  isFALSE
     48   [ 0, <0>, valid  ] Call#6
     53   mk_promise_  1
     58   ; isFALSE(local)
          call_  1
     75   [ <?> ] Type#11
     80   asbool_  
     81   brtrue_  5
     86   push_  <blt is.environment>
     91   dup_  
     92   ldvar_noforce_  is.environment
     97   identical_noforce_  
     98   [ _ ] Test#0
    103   brtrue_  1
    108   pop_  
    109   ldfun_  is.environment
    114   [ 0, <0>, valid  ] Call#7
    119   mk_promise_  2
    124   ; is.environment(local)
          call_  1
    141   br_  2
1:
    146   ldvar_cached_  local{1}
    155   [ <?> ] Type#13
    160   ; is.environment(local)
          call_  1
2:
    177   [ <?> ] Type#14
    182   asbool_  
    183   brtrue_  3
    188   ldfun_  stop
    193   [ 0, <0>, valid  ] Call#8
    198   push_  "'local' must be TRUE, FALSE or an environment"
    203   ; stop("'local' must be TRUE, FALSE or an enviro|...
          call_  1
    220   [ <?> ] Type#15
    225   br_  4
3:
    230   ldvar_cached_  local{1}
    239   [ <?> ] Type#16
4:
    244   br_  6
5:
    249   ldvar_cached_  .GlobalEnv{2}
    258   [ <?> ] Type#17
6:
    263   br_  8
7:
    268   ldfun_  parent.frame
    273   [ 0, <0>, valid  ] Call#9
    278   ; parent.frame()
          call_  0
    295   [ <?> ] Type#18
8:
    300   stvar_cached_  envir{0}
    309   missing_  echo
    314   visible_  
    315   ; !(missing(echo))
          not_  
    316   asbool_  
    317   brtrue_  9
    322   br_  16
9:
    327   push_  <blt is.logical>
    332   dup_  
    333   ldvar_noforce_  is.logical
    338   identical_noforce_  
    339   [ _ ] Test#1
    344   brtrue_  10
    349   pop_  
    350   ldfun_  is.logical
    355   [ 0, <0>, valid  ] Call#10
    360   mk_promise_  3
    365   ; is.logical(echo)
          call_  1
    382   br_  11
10:
    387   ldvar_cached_  echo{3}
    396   [ <?> ] Type#20
    401   ; is.logical(echo)
          call_  1
11:
    418   [ <?> ] Type#21
    423   ; !(is.logical(echo))
          not_  
    424   asbool_  
    425   brtrue_  12
    430   br_  13
12:
    435   ldfun_  stop
    440   [ 0, <0>, valid  ] Call#11
    445   push_  "'echo' must be logical"
    450   ; stop("'echo' must be logical")
          call_  1
    467   pop_  
13:
    468   ldvar_cached_  echo{3}
    477   ; !(echo)
          not_  
    478   ; !(echo)
          aslogical_  
    479   dup_  
    480   brfalse_  14
    485   ldvar_cached_  verbose{4}
    494   [ <?> ] Type#23
    499   ; verbose
          aslogical_  
    500   lgl_and_  
14:
    501   asbool_  
    502   brtrue_  15
    507   br_  16
15:
    512   ldfun_  warning
    517   [ 0, <0>, valid  ] Call#12
    522   push_  "'verbose' is TRUE, 'echo' not; ... coercing '|...
    527   ; warning("'verbose' is TRUE, 'echo' not; ... co|...
          call_  1
    544   pop_  
    545   push_  TRUE
    550   visible_  
    551   stvar_cached_  echo{3}
16:
    560   ldvar_cached_  verbose{4}
    569   [ <?> ] Type#24
    574   asbool_  
    575   brtrue_  17
    580   br_  18
17:
    585   ldfun_  cat
    590   [ 0, <0>, valid  ] Call#13
    595   push_  "'envir' chosen:"
    600   ; cat("'envir' chosen:")
          call_  1
    617   pop_  
    618   ldfun_  print
    623   [ 0, <0>, valid  ] Call#14
    628   mk_promise_  4
    633   ; print(envir)
          call_  1
    650   pop_  
18:
    651   missing_  exprs
    656   visible_  
    657   dup_  
    658   invisible_  
    659   stvar_cached_  use_file{5}
    668   asbool_  
    669   brtrue_  25
    674   missing_  file
    679   visible_  
    680   ; !(missing(file))
          not_  
    681   asbool_  
    682   brtrue_  19
    687   br_  20
19:
    692   ldfun_  stop
    697   [ 0, <0>, valid  ] Call#15
    702   push_  "specify either 'file' or 'exprs' but not both"
    707   ; stop("specify either 'file' or 'exprs' but not|...
          call_  1
    724   pop_  
20:
    725   push_  <blt is.expression>
    730   dup_  
    731   ldvar_noforce_  is.expression
    736   identical_noforce_  
    737   [ _ ] Test#2
    742   brtrue_  21
    747   pop_  
    748   ldfun_  is.expression
    753   [ 0, <0>, valid  ] Call#16
    758   mk_promise_  5
    763   ; is.expression(exprs)
          call_  1
    780   br_  22
21:
    785   ldvar_cached_  exprs{6}
    794   [ <?> ] Type#27
    799   ; is.expression(exprs)
          call_  1
22:
    816   [ <?> ] Type#28
    821   ; !(is.expression(exprs))
          not_  
    822   asbool_  
    823   brtrue_  23
    828   br_  24
23:
    833   ldfun_  as.expression
    838   [ 0, <0>, valid  ] Call#17
    843   mk_promise_  6
    848   ; as.expression(exprs)
          call_  1
    865   [ <?> ] Type#30
    870   stvar_cached_  exprs{6}
24:
    879   br_  99
25:
    884   ldvar_cached_  file{8}
    893   [ <?> ] Type#31
    898   stvar_cached_  ofile{7}
    907   push_  FALSE
    912   visible_  
    913   stvar_cached_  from_file{9}
    922   push_  NULL
    927   visible_  
    928   stvar_cached_  srcfile{10}
    937   push_  <blt is.character>
    942   dup_  
    943   ldvar_noforce_  is.character
    948   identical_noforce_  
    949   [ _ ] Test#3
    954   brtrue_  26
    959   pop_  
    960   ldfun_  is.character
    965   [ 0, <0>, valid  ] Call#18
    970   mk_promise_  7
    975   ; is.character(file)
          call_  1
    992   br_  27
26:
    997   ldvar_cached_  file{8}
   1006   ; is.character(file)
          call_  1
27:
   1023   [ <?> ] Type#34
   1028   asbool_  
   1029   brtrue_  30
   1034   ldfun_  readLines
   1039   [ 0, <0>, valid  ] Call#19
   1044   mk_promise_  8
   1049   push_  FALSE
   1054   ; readLines(file, warn=FALSE)
          named_call_  2 [ _ warn ]
   1079   [ <?> ] Type#36
   1084   stvar_cached_  lines{21}
   1093   ldfun_  isTRUE
   1098   [ 0, <0>, valid  ] Call#20
   1103   mk_promise_  9
   1108   ; isTRUE(keep.source)
          call_  1
   1125   [ <?> ] Type#38
   1130   asbool_  
   1131   brtrue_  28
   1136   ldfun_  deparse1
   1141   [ 0, <0>, valid  ] Call#21
   1146   mk_promise_  a
   1151   push_  ""
   1156   ; deparse1(substitute(file), "")
          call_  2
   1173   [ <?> ] Type#41
   1178   br_  29
28:
   1183   ldfun_  srcfilecopy
   1188   [ 0, <0>, valid  ] Call#23
   1193   mk_promise_  b
   1198   mk_promise_  c
   1203   ; srcfilecopy(deparse1(substitute(file), ""), lines)
          call_  2
   1220   [ <?> ] Type#46
29:
   1225   stvar_cached_  srcfile{10}
   1234   br_  80
30:
   1239   missing_  encoding
   1244   visible_  
   1245   ; !(missing(encoding))
          not_  
   1246   ; !(missing(encoding))
          aslogical_  
   1247   dup_  
   1248   brfalse_  31
   1253   ldvar_cached_  encoding{12}
   1262   [ <?> ] Type#47
   1267   push_  "unknown"
   1272   visible_  
   1273   ; !=(encoding, "unknown")
          ne_  
   1274   [ <?> ] Type#48
   1279   ; !=(encoding, "unknown")
          aslogical_  
   1280   lgl_and_  
31:
   1281   stvar_cached_  have_encoding{11}
   1290   ldfun_  identical
   1295   [ 0, <0>, valid  ] Call#26
   1300   mk_promise_  d
   1305   push_  "unknown"
   1310   ; identical(encoding, "unknown")
          call_  2
   1327   [ <?> ] Type#50
   1332   asbool_  
   1333   brtrue_  32
   1338   ldvar_cached_  encoding{12}
   1347   [ <?> ] Type#51
   1352   stvar_cached_  enc{13}
   1361   br_  38
32:
   1366   ldfun_  ::
   1371   [ 0, <0>, valid  ] Call#27
   1376   mk_promise_  e
   1381   mk_promise_  f
   1386   ; ::(utils, localeToCharset)
          call_  2
   1403   [ <?> ] Type#54
   1408   check_function_  
   1409   [ 0, <0>, valid  ] Call#28
   1414   ; ::(utils, localeToCharset)()
          call_  0
   1431   [ <?> ] Type#55
   1436   stvar_cached_  enc{13}
   1445   ldvar_cached_  enc{13}
   1454   dup_  
   1455   is_  NonObject
   1460   [ _ ] Test#4
   1465   brfalse_  33
   1470   br_  34
33:
   1475   mk_promise_  10
   1480   br_  37
34:
   1485   push_  <blt length>
   1490   dup_  
   1491   ldvar_noforce_  length
   1496   identical_noforce_  
   1497   [ _ ] Test#5
   1502   brtrue_  35
   1507   pop_  
   1508   ldfun_  length
   1513   [ 0, <0>, valid  ] Call#30
   1518   mk_promise_  11
   1523   ; length(enc)
          call_  1
   1540   br_  36
35:
   1545   ldvar_cached_  enc{13}
   1554   ; length(enc)
          call_  1
36:
   1571   [ <?> ] Type#61
37:
   1576   ; [(enc, length(enc))
          extract1_1_  
   1577   [ <?> ] Type#62
   1582   visible_  
   1583   stvar_cached_  encoding{12}
38:
   1592   push_  <blt length>
   1597   dup_  
   1598   ldvar_noforce_  length
   1603   identical_noforce_  
   1604   [ _ ] Test#6
   1609   brtrue_  39
   1614   pop_  
   1615   ldfun_  length
   1620   [ 0, <0>, valid  ] Call#31
   1625   mk_promise_  12
   1630   ; length(enc)
          call_  1
   1647   br_  40
39:
   1652   ldvar_cached_  enc{13}
   1661   [ <?> ] Type#64
   1666   ; length(enc)
          call_  1
40:
   1683   [ <?> ] Type#65
   1688   push_  1L
   1693   visible_  
   1694   ; >(length(enc), 1L)
          gt_  
   1695   [ <?> ] Type#66
   1700   asbool_  
   1701   brtrue_  41
   1706   br_  55
41:
   1711   push_  NA
   1716   visible_  
   1717   stvar_cached_  encoding{12}
   1726   ldfun_  options
   1731   [ 0, <0>, valid  ] Call#32
   1736   push_  2
   1741   ; options(warn=2)
          named_call_  1 [ warn ]
   1762   [ <?> ] Type#67
   1767   stvar_cached_  owarn{14}
   1776   ldvar_cached_  enc{13}
   1785   [ <?> ] Type#68
   1790   for_seq_size_  
   1791   push_  0L
   1796   inc_  
   1797   ensure_named_  
   1798   dup2_  
   1799   ; NULL
          lt_  
   1800   [ _ ] Test#7
   1805   brtrue_  54
   1810   pull_  2
   1815   pull_  1
   1820   ; NULL
          extract2_1_  
   1821   stvar_cached_  e{15}
   1830   push_  <blt is.na>
   1835   dup_  
   1836   ldvar_noforce_  is.na
   1841   identical_noforce_  
   1842   [ _ ] Test#8
   1847   brtrue_  42
   1852   pop_  
   1853   ldfun_  is.na
   1858   [ 0, <0>, valid  ] Call#33
   1863   mk_promise_  13
   1868   ; is.na(e)
          call_  1
   1885   br_  43
42:
   1890   ldvar_cached_  e{15}
   1899   [ <?> ] Type#70
   1904   ; is.na(e)
          call_  1
43:
   1921   [ <?> ] Type#71
   1926   asbool_  
   1927   brtrue_  44
   1932   br_  45
44:
   1937   br_  47
   1942   push_  NULL
45:
   1947   ldfun_  file
   1952   [ 0, <0>, valid  ] Call#34
   1957   mk_promise_  14
   1962   mk_promise_  15
   1967   ; file(file, encoding=e)
          named_call_  2 [ _ encoding ]
   1992   [ <?> ] Type#74
   1997   stvar_cached_  zz{16}
   2006   ldfun_  tryCatch
   2011   [ 0, <0>, valid  ] Call#35
   2016   mk_promise_  16
   2021   mk_promise_  17
   2026   ; tryCatch(readLines(zz, warn=FALSE), error=iden|...
          named_call_  2 [ _ error ]
   2051   [ <?> ] Type#78
   2056   stvar_cached_  res{17}
   2065   ldfun_  close
   2070   [ 0, <0>, valid  ] Call#37
   2075   mk_promise_  18
   2080   ; close(zz)
          call_  1
   2097   pop_  
   2098   ldfun_  inherits
   2103   [ 0, <0>, valid  ] Call#38
   2108   mk_promise_  19
   2113   push_  "error"
   2118   ; inherits(res, "error")
          call_  2
   2135   [ <?> ] Type#81
   2140   ; !(inherits(res, "error"))
          not_  
   2141   asbool_  
   2142   brtrue_  46
   2147   br_  47
46:
   2152   ldvar_cached_  e{15}
   2161   [ <?> ] Type#82
   2166   stvar_cached_  encoding{12}
   2175   br_  54
   2180   push_  NULL
47:
   2185   inc_  
   2186   ensure_named_  
   2187   dup2_  
   2188   ; NULL
          lt_  
   2189   brtrue_  54
   2194   pull_  2
   2199   pull_  1
   2204   ; NULL
          extract2_1_  
   2205   stvar_cached_  e{15}
   2214   push_  <blt is.na>
   2219   dup_  
   2220   ldvar_noforce_  is.na
   2225   identical_noforce_  
   2226   [ _ ] Test#9
   2231   brtrue_  48
   2236   pop_  
   2237   ldfun_  is.na
   2242   [ 0, <0>, valid  ] Call#39
   2247   mk_promise_  1a
   2252   ; is.na(e)
          call_  1
   2269   br_  49
48:
   2274   ldvar_cached_  e{15}
   2283   [ <?> ] Type#84
   2288   ; is.na(e)
          call_  1
49:
   2305   [ <?> ] Type#85
   2310   asbool_  
   2311   brtrue_  50
   2316   br_  51
50:
   2321   br_  47
   2326   push_  NULL
51:
   2331   ldfun_  file
   2336   [ 0, <0>, valid  ] Call#40
   2341   mk_promise_  1b
   2346   mk_promise_  1c
   2351   ; file(file, encoding=e)
          named_call_  2 [ _ encoding ]
   2376   [ <?> ] Type#88
   2381   stvar_cached_  zz{16}
   2390   ldfun_  tryCatch
   2395   [ 0, <0>, valid  ] Call#41
   2400   mk_promise_  1d
   2405   mk_promise_  1e
   2410   ; tryCatch(readLines(zz, warn=FALSE), error=iden|...
          named_call_  2 [ _ error ]
   2435   [ <?> ] Type#92
   2440   stvar_cached_  res{17}
   2449   ldfun_  close
   2454   [ 0, <0>, valid  ] Call#43
   2459   mk_promise_  1f
   2464   ; close(zz)
          call_  1
   2481   pop_  
   2482   ldfun_  inherits
   2487   [ 0, <0>, valid  ] Call#44
   2492   mk_promise_  20
   2497   push_  "error"
   2502   ; inherits(res, "error")
          call_  2
   2519   [ <?> ] Type#95
   2524   ; !(inherits(res, "error"))
          not_  
   2525   asbool_  
   2526   brtrue_  52
   2531   br_  53
52:
   2536   ldvar_cached_  e{15}
   2545   [ <?> ] Type#96
   2550   stvar_cached_  encoding{12}
   2559   br_  54
   2564   push_  NULL
53:
   2569   br_  47
54:
   2574   popn_  3
   2579   ldfun_  options
   2584   [ 0, <0>, valid  ] Call#45
   2589   mk_promise_  21
   2594   ; options(owarn)
          call_  1
   2611   pop_  
55:
   2612   push_  <blt is.na>
   2617   dup_  
   2618   ldvar_noforce_  is.na
   2623   identical_noforce_  
   2624   [ _ ] Test#10
   2629   brtrue_  56
   2634   pop_  
   2635   ldfun_  is.na
   2640   [ 0, <0>, valid  ] Call#46
   2645   mk_promise_  22
   2650   ; is.na(encoding)
          call_  1
   2667   br_  57
56:
   2672   ldvar_cached_  encoding{12}
   2681   [ <?> ] Type#99
   2686   ; is.na(encoding)
          call_  1
57:
   2703   [ <?> ] Type#100
   2708   asbool_  
   2709   brtrue_  58
   2714   br_  59
58:
   2719   ldfun_  stop
   2724   [ 0, <0>, valid  ] Call#47
   2729   push_  "unable to find a plausible encoding"
   2734   ; stop("unable to find a plausible encoding")
          call_  1
   2751   pop_  
59:
   2752   ldvar_cached_  verbose{4}
   2761   [ <?> ] Type#101
   2766   asbool_  
   2767   brtrue_  60
   2772   br_  61
60:
   2777   ldfun_  cat
   2782   [ 0, <0>, valid  ] Call#48
   2787   mk_promise_  23
   2792   push_  "
"
   2797   push_  ""
   2802   ; cat(gettextf("encoding = "%s" chosen", encodin|...
          named_call_  3 [ _ _ sep ]
   2831   pop_  
61:
   2832   ldvar_cached_  file{8}
   2841   [ <?> ] Type#104
   2846   push_  ""
   2851   visible_  
   2852   ; ==(file, "")
          eq_  
   2853   [ <?> ] Type#105
   2858   asbool_  
   2859   brtrue_  79
   2864   ldvar_cached_  file{8}
   2873   [ <?> ] Type#106
   2878   stvar_cached_  filename{19}
   2887   ldfun_  file
   2892   [ 0, <0>, valid  ] Call#50
   2897   mk_promise_  24
   2902   push_  "r"
   2907   mk_promise_  25
   2912   ; file(filename, "r", encoding=encoding)
          named_call_  3 [ _ _ encoding ]
   2941   [ <?> ] Type#109
   2946   stvar_cached_  file{8}
   2955   ldfun_  on.exit
   2960   [ 0, <0>, valid  ] Call#51
   2965   mk_promise_  26
   2970   ; on.exit(close(file))
          call_  1
   2987   pop_  
   2988   ldfun_  isTRUE
   2993   [ 0, <0>, valid  ] Call#53
   2998   mk_promise_  27
   3003   ; isTRUE(keep.source)
          call_  1
   3020   [ <?> ] Type#113
   3025   asbool_  
   3026   brtrue_  62
   3031   push_  TRUE
   3036   visible_  
   3037   stvar_cached_  from_file{9}
   3046   ldvar_cached_  filename{19}
   3055   [ <?> ] Type#114
   3060   stvar_cached_  srcfile{10}
   3069   br_  63
62:
   3074   ldfun_  readLines
   3079   [ 0, <0>, valid  ] Call#54
   3084   mk_promise_  28
   3089   push_  FALSE
   3094   ; readLines(file, warn=FALSE)
          named_call_  2 [ _ warn ]
   3119   [ <?> ] Type#116
   3124   stvar_cached_  lines{21}
   3133   ldfun_  on.exit
   3138   [ 0, <0>, valid  ] Call#55
   3143   ; on.exit()
          call_  0
   3160   pop_  
   3161   ldfun_  close
   3166   [ 0, <0>, valid  ] Call#56
   3171   mk_promise_  29
   3176   ; close(file)
          call_  1
   3193   pop_  
   3194   ldfun_  srcfilecopy
   3199   [ 0, <0>, valid  ] Call#57
   3204   mk_promise_  2a
   3209   mk_promise_  2b
   3214   mk_promise_  2c
   3219   push_  TRUE
   3224   ; srcfilecopy(filename, lines, [(file.mtime(file|...
          named_call_  4 [ _ _ _ isFile ]
   3257   [ <?> ] Type#123
   3262   stvar_cached_  srcfile{10}
63:
   3271   ldfun_  ::
   3276   [ 0, <0>, valid  ] Call#59
   3281   mk_promise_  2d
   3286   mk_promise_  2e
   3291   ; ::(utils, localeToCharset)
          call_  2
   3308   [ <?> ] Type#126
   3313   check_function_  
   3314   [ 0, <0>, valid  ] Call#60
   3319   ; ::(utils, localeToCharset)()
          call_  0
   3336   [ <?> ] Type#127
   3341   dup_  
   3342   is_  NonObject
   3347   [ _ ] Test#12
   3352   brfalse_  64
   3357   br_  65
64:
   3362   push_  1L
   3367   br_  66
65:
   3372   push_  1L
   3377   visible_  
66:
   3378   ; [(::(utils, localeToCharset)(), 1L)
          extract1_1_  
   3379   [ <?> ] Type#128
   3384   visible_  
   3385   stvar_cached_  loc{22}
   3394   ldvar_cached_  have_encoding{11}
   3403   [ <?> ] Type#129
   3408   asbool_  
   3409   brtrue_  67
   3414   push_  "unknown"
   3419   visible_  
   3420   br_  78
67:
   3425   ldvar_cached_  loc{22}
   3434   [ <?> ] Type#130
   3439   dup_  
   3440   is_  Vector
   3445   [ _ ] Test#13
   3450   brtrue_  68
   3455   br_  69
68:
   3460   dup_  
   3461   length_  
   3462   push_  1L
   3467   ; NULL
          eq_  
   3468   [ _ ] Test#14
   3473   brtrue_  70
69:
   3478   push_  TRUE
   3483   push_  "EXPR must be a length 1 vector"
   3488   call_builtin_  2 : <blt stop>
   3501   return_  
70:
   3502   dup_  
   3503   is_  Factor
   3508   [ _ ] Test#15
   3513   brfalse_  71
   3518   push_  TRUE
   3523   push_  FALSE
   3528   push_  FALSE
   3533   push_  "EXPR is a "factor", treated as integer.
 Cons|...
   3538   call_builtin_  4 : <blt warning>
   3551   pop_  
71:
   3552   dup_  
   3553   is_  character
   3558   [ _ ] Test#16
   3563   brtrue_  72
   3568   as_switch_idx_  
   3569   dup_  
   3570   push_  1L
   3575   ; NULL
          eq_  
   3576   asbool_  
   3577   [ _ ] Test#17
   3582   brtrue_  74
   3587   dup_  
   3588   push_  2L
   3593   ; NULL
          eq_  
   3594   asbool_  
   3595   [ _ ] Test#18
   3600   brtrue_  75
   3605   dup_  
   3606   push_  3L
   3611   ; NULL
          eq_  
   3612   asbool_  
   3613   [ _ ] Test#19
   3618   brtrue_  76
   3623   br_  77
72:
   3628   dup_  
   3629   call_builtin_  1 : <blt is.na>
   3642   asbool_  
   3643   [ _ ] Test#20
   3648   brfalse_  73
   3653   pop_  
   3654   push_  "NA"
73:
   3659   dup_  
   3660   push_  UTF-8
   3665   ; NULL
          eq_  
   3666   asbool_  
   3667   [ _ ] Test#21
   3672   brtrue_  74
   3677   dup_  
   3678   push_  ISO8859-1
   3683   ; NULL
          eq_  
   3684   asbool_  
   3685   [ _ ] Test#22
   3690   brtrue_  75
   3695   br_  76
74:
   3700   pop_  
   3701   push_  "UTF-8"
   3706   visible_  
   3707   br_  78
75:
   3712   pop_  
   3713   push_  "latin1"
   3718   visible_  
   3719   br_  78
76:
   3724   pop_  
   3725   push_  "unknown"
   3730   visible_  
   3731   br_  78
77:
   3736   pop_  
   3737   push_  NULL
78:
   3742   stvar_cached_  encoding{12}
   3751   br_  80
79:
   3756   ldfun_  stdin
   3761   [ 0, <0>, valid  ] Call#61
   3766   ; stdin()
          call_  0
   3783   [ <?> ] Type#131
   3788   stvar_cached_  file{8}
   3797   push_  "<stdin>"
   3802   visible_  
   3803   stvar_cached_  srcfile{10}
80:
   3812   ldvar_cached_  from_file{9}
   3821   [ <?> ] Type#132
   3826   ; !(from_file)
          not_  
   3827   asbool_  
   3828   brtrue_  81
   3833   ldvar_cached_  file{8}
   3842   [ <?> ] Type#133
   3847   push_  1
   3852   visible_  
   3853   ; -(1)
          uminus_  
   3854   push_  NULL
   3859   visible_  
   3860   push_  "?"
   3865   visible_  
   3866   ldvar_cached_  srcfile{10}
   3875   [ <?> ] Type#134
   3880   ldvar_cached_  encoding{12}
   3889   [ <?> ] Type#135
   3894   call_builtin_  6 : <blt parse>
   3907   br_  85
81:
   3912   push_  <blt length>
   3917   dup_  
   3918   ldvar_noforce_  length
   3923   identical_noforce_  
   3924   [ _ ] Test#23
   3929   brtrue_  82
   3934   pop_  
   3935   ldfun_  length
   3940   [ 0, <0>, valid  ] Call#62
   3945   mk_promise_  2f
   3950   ; length(lines)
          call_  1
   3967   br_  83
82:
   3972   ldvar_cached_  lines{21}
   3981   [ <?> ] Type#137
   3986   ; length(lines)
          call_  1
83:
   4003   [ <?> ] Type#138
   4008   asbool_  
   4009   brtrue_  84
   4014   ldfun_  expression
   4019   [ 0, <0>, valid  ] Call#63
   4024   ; expression()
          call_  0
   4041   [ <?> ] Type#139
   4046   br_  85
84:
   4051   ldfun_  stdin
   4056   [ 0, <0>, valid  ] Call#64
   4061   ; stdin()
          call_  0
   4078   [ <?> ] Type#140
   4083   push_  1
   4088   visible_  
   4089   ; -(1)
          uminus_  
   4090   ldvar_cached_  lines{21}
   4099   [ <?> ] Type#141
   4104   push_  "?"
   4109   visible_  
   4110   ldvar_cached_  srcfile{10}
   4119   [ <?> ] Type#142
   4124   ldvar_cached_  encoding{12}
   4133   [ <?> ] Type#143
   4138   call_builtin_  6 : <blt parse>
85:
   4151   stvar_cached_  exprs{6}
   4160   ldfun_  on.exit
   4165   [ 0, <0>, valid  ] Call#65
   4170   ; on.exit()
          call_  0
   4187   pop_  
   4188   ldvar_cached_  from_file{9}
   4197   asbool_  
   4198   brtrue_  86
   4203   br_  87
86:
   4208   ldfun_  close
   4213   [ 0, <0>, valid  ] Call#66
   4218   mk_promise_  30
   4223   ; close(file)
          call_  1
   4240   pop_  
87:
   4241   ldvar_cached_  verbose{4}
   4250   [ <?> ] Type#146
   4255   asbool_  
   4256   brtrue_  88
   4261   br_  89
88:
   4266   ldfun_  cat
   4271   [ 0, <0>, valid  ] Call#67
   4276   push_  "--> parsed"
   4281   mk_promise_  31
   4286   push_  "expressions; now eval(.)ing them:
"
   4291   ; cat("--> parsed", length(exprs), "expressions;|...
          call_  3
   4308   pop_  
89:
   4309   ldvar_cached_  chdir{23}
   4318   [ <?> ] Type#149
   4323   asbool_  
   4324   brtrue_  90
   4329   br_  99
90:
   4334   push_  <blt is.character>
   4339   dup_  
   4340   ldvar_noforce_  is.character
   4345   identical_noforce_  
   4346   [ _ ] Test#24
   4351   brtrue_  91
   4356   pop_  
   4357   ldfun_  is.character
   4362   [ 0, <0>, valid  ] Call#69
   4367   mk_promise_  32
   4372   ; is.character(ofile)
          call_  1
   4389   br_  92
91:
   4394   ldvar_cached_  ofile{7}
   4403   [ <?> ] Type#151
   4408   ; is.character(ofile)
          call_  1
92:
   4425   [ <?> ] Type#152
   4430   asbool_  
   4431   brtrue_  93
   4436   ldfun_  warning
   4441   [ 0, <0>, valid  ] Call#70
   4446   push_  "'chdir = TRUE' makes no sense for a connection"
   4451   ; warning("'chdir = TRUE' makes no sense for a c|...
          call_  1
   4468   pop_  
   4469   br_  99
93:
   4474   ldfun_  grepl
   4479   [ 0, <0>, valid  ] Call#71
   4484   push_  "^(ftp|http|file)://"
   4489   mk_promise_  33
   4494   ; grepl("^(ftp|http|file)://", ofile)
          call_  2
   4511   [ <?> ] Type#154
   4516   asbool_  
   4517   brtrue_  98
   4522   ldfun_  dirname
   4527   [ 0, <0>, valid  ] Call#72
   4532   mk_promise_  34
   4537   ; dirname(ofile)
          call_  1
   4554   [ <?> ] Type#156
   4559   dup_  
   4560   invisible_  
   4561   stvar_cached_  path{24}
   4570   visible_  
   4571   push_  "."
   4576   visible_  
   4577   ; !=(((<-(path, dirname(ofile))), ".")
          ne_  
   4578   [ <?> ] Type#157
   4583   asbool_  
   4584   brtrue_  94
   4589   br_  97
94:
   4594   ldfun_  getwd
   4599   [ 0, <0>, valid  ] Call#73
   4604   ; getwd()
          call_  0
   4621   [ <?> ] Type#158
   4626   stvar_cached_  owd{25}
   4635   ldvar_cached_  owd{25}
   4644   is_  NULL
   4649   asbool_  
   4650   brtrue_  95
   4655   br_  96
95:
   4660   ldfun_  stop
   4665   [ 0, <0>, valid  ] Call#74
   4670   push_  "cannot 'chdir' as current directory is unknown"
   4675   ; stop("cannot 'chdir' as current directory is u|...
          call_  1
   4692   pop_  
96:
   4693   ldfun_  on.exit
   4698   [ 0, <0>, valid  ] Call#75
   4703   mk_promise_  35
   4708   push_  TRUE
   4713   ; on.exit(setwd(owd), add=TRUE)
          named_call_  2 [ _ add ]
   4738   pop_  
   4739   ldfun_  setwd
   4744   [ 0, <0>, valid  ] Call#77
   4749   mk_promise_  36
   4754   ; setwd(path)
          call_  1
   4771   pop_  
97:
   4772   br_  99
98:
   4777   ldfun_  warning
   4782   [ 0, <0>, valid  ] Call#78
   4787   push_  "'chdir = TRUE' makes no sense for a URL"
   4792   ; warning("'chdir = TRUE' makes no sense for a URL")
          call_  1
   4809   pop_  
99:
   4810   push_  <blt length>
   4815   dup_  
   4816   ldvar_noforce_  length
   4821   identical_noforce_  
   4822   [ _ ] Test#25
   4827   brtrue_  100
   4832   pop_  
   4833   ldfun_  length
   4838   [ 0, <0>, valid  ] Call#79
   4843   mk_promise_  37
   4848   ; length(exprs)
          call_  1
   4865   br_  101
100:
   4870   ldvar_cached_  exprs{6}
   4879   [ <?> ] Type#164
   4884   ; length(exprs)
          call_  1
101:
   4901   [ <?> ] Type#165
   4906   stvar_cached_  Ne{26}
   4915   ldvar_cached_  echo{3}
   4924   [ <?> ] Type#166
   4929   asbool_  
   4930   brtrue_  102
   4935   br_  103
102:
   4940   push_  """
   4945   visible_  
   4946   stvar_cached_  sd{27}
   4955   push_  "[^"]*"
   4960   visible_  
   4961   stvar_cached_  nos{28}
   4970   ldfun_  paste0
   4975   [ 0, <0>, valid  ] Call#80
   4980   push_  "^"
   4985   mk_promise_  38
   4990   mk_promise_  39
   4995   push_  "("
   5000   mk_promise_  3a
   5005   mk_promise_  3b
   5010   mk_promise_  3c
   5015   mk_promise_  3d
   5020   push_  ")*"
   5025   mk_promise_  3e
   5030   push_  "$"
   5035   ; paste0("^", nos, sd, "(", nos, sd, nos, sd, ")|...
          call_  11
   5052   [ <?> ] Type#174
   5057   stvar_cached_  oddsd{29}
   5066   push_  <lst srcfile=R_MissingArg showfrom=R_MissingAr|...
   5071   push_  <(rir::DispatchTable*)0x55c004bda170>
   5076   push_  NULL
   5081   close_  
   5082   stvar_cached_  trySrcLines{30}
103:
   5091   push_  NULL
   5096   visible_  
   5097   stvar_cached_  yy{33}
   5106   push_  0
   5111   visible_  
   5112   stvar_cached_  lastshown{34}
   5121   push_  <blt attr>
   5126   dup_  
   5127   ldvar_noforce_  attr
   5132   identical_noforce_  
   5133   [ _ ] Test#26
   5138   brtrue_  104
   5143   pop_  
   5144   ldfun_  attr
   5149   [ 0, <0>, valid  ] Call#81
   5154   mk_promise_  3f
   5159   push_  "srcref"
   5164   ; attr(exprs, "srcref")
          call_  2
   5181   br_  105
104:
   5186   ldvar_cached_  exprs{6}
   5195   push_  "srcref"
   5200   visible_  
   5201   ; attr(exprs, "srcref")
          call_  2
105:
   5218   [ <?> ] Type#177
   5223   stvar_cached_  srcrefs{35}
   5232   ldvar_cached_  verbose{4}
   5241   ; verbose
          aslogical_  
   5242   dup_  
   5243   brfalse_  106
   5248   ldvar_cached_  srcrefs{35}
   5257   is_  NULL
   5262   ; !(is.null(srcrefs))
          not_  
   5263   ; !(is.null(srcrefs))
          aslogical_  
   5264   lgl_and_  
106:
   5265   asbool_  
   5266   brtrue_  107
   5271   br_  108
107:
   5276   ldfun_  cat
   5281   [ 0, <0>, valid  ] Call#82
   5286   push_  "has srcrefs:
"
   5291   ; cat("has srcrefs:
")
          call_  1
   5308   pop_  
   5309   ldfun_  ::
   5314   [ 0, <0>, valid  ] Call#83
   5319   mk_promise_  40
   5324   mk_promise_  41
   5329   ; ::(utils, str)
          call_  2
   5346   [ <?> ] Type#182
   5351   check_function_  
   5352   [ 0, <0>, valid  ] Call#84
   5357   mk_promise_  42
   5362   ; ::(utils, str)(srcrefs)
          call_  1
   5379   pop_  
108:
   5380   push_  <blt seq_len>
   5385   dup_  
   5386   ldvar_noforce_  seq_len
   5391   identical_noforce_  
   5392   [ _ ] Test#27
   5397   brtrue_  109
   5402   pop_  
   5403   ldfun_  seq_len
   5408   [ 0, <0>, valid  ] Call#85
   5413   mk_promise_  43
   5418   ; seq_len(+(Ne, echo))
          call_  1
   5435   br_  110
109:
   5440   ldvar_cached_  Ne{26}
   5449   ldvar_cached_  echo{3}
   5458   ; +(Ne, echo)
          add_  
   5459   [ <?> ] Type#189
   5464   ; seq_len(+(Ne, echo))
          call_  1
110:
   5481   [ <?> ] Type#190
   5486   for_seq_size_  
   5487   push_  0L
111:
   5492   inc_  
   5493   ensure_named_  
   5494   dup2_  
   5495   ; NULL
          lt_  
   5496   brtrue_  198
   5501   pull_  2
   5506   pull_  1
   5511   ; NULL
          extract2_1_  
   5512   stvar_cached_  i{36}
   5521   ldvar_cached_  i{36}
   5530   [ <?> ] Type#191
   5535   ldvar_cached_  Ne{26}
   5544   [ <?> ] TypeOnce#192 (bit: #0)
   5549   ; >(i, Ne)
          gt_  
   5550   [ <?> ] Type#193
   5555   stvar_cached_  tail{37}
   5564   ldvar_cached_  tail{37}
   5573   ; !(tail)
          not_  
   5574   asbool_  
   5575   brtrue_  112
   5580   br_  118
112:
   5585   ldvar_cached_  verbose{4}
   5594   [ <?> ] TypeOnce#195 (bit: #1)
   5599   asbool_  
   5600   brtrue_  113
   5605   br_  114
113:
   5610   ldfun_  cat
   5615   [ 0, <0>, valid  ] Call#86
   5620   push_  "
>>>> eval(expression_nr."
   5625   mk_promise_  44
   5630   push_  ")
		 =================
"
   5635   ; cat("
>>>> eval(expression_nr.", i, ")
		 ====|...
          call_  3
   5652   pop_  
114:
   5653   ldvar_cached_  exprs{6}
   5662   [ <?> ] TypeOnce#197 (bit: #2)
   5667   dup_  
   5668   is_  NonObject
   5673   [ _ ] Test#28
   5678   brfalse_  115
   5683   br_  116
115:
   5688   mk_promise_  45
   5693   br_  117
116:
   5698   ldvar_cached_  i{36}
   5707   [ <?> ] Type#199
117:
   5712   ; [(exprs, i)
          extract1_1_  
   5713   [ <?> ] Type#200
   5718   visible_  
   5719   stvar_cached_  ei{38}
118:
   5728   ldvar_cached_  echo{3}
   5737   [ <?> ] TypeOnce#201 (bit: #3)
   5742   asbool_  
   5743   brtrue_  119
   5748   br_  177
119:
   5753   push_  0
   5758   visible_  
   5759   stvar_cached_  nd{39}
   5768   ldvar_cached_  tail{37}
   5777   [ <?> ] Type#202
   5782   asbool_  
   5783   brtrue_  127
   5788   ldvar_cached_  i{36}
   5797   [ <?> ] Type#203
   5802   push_  <blt length>
   5807   dup_  
   5808   ldvar_noforce_  length
   5813   identical_noforce_  
   5814   [ _ ] Test#29
   5819   brtrue_  120
   5824   pop_  
   5825   ldfun_  length
   5830   [ 0, <0>, valid  ] Call#87
   5835   mk_promise_  46
   5840   ; length(srcrefs)
          call_  1
   5857   br_  121
120:
   5862   ldvar_cached_  srcrefs{35}
   5871   [ <?> ] TypeOnce#205 (bit: #4)
   5876   ; length(srcrefs)
          call_  1
121:
   5893   [ <?> ] Type#206
   5898   ; <=(i, length(srcrefs))
          le_  
   5899   [ <?> ] Type#207
   5904   asbool_  
   5905   brtrue_  122
   5910   push_  NULL
   5915   invisible_  
   5916   br_  126
122:
   5921   ldvar_cached_  srcrefs{35}
   5930   [ <?> ] TypeOnce#208 (bit: #5)
   5935   dup_  
   5936   is_  NonObject
   5941   [ _ ] Test#30
   5946   brfalse_  123
   5951   br_  124
123:
   5956   mk_promise_  47
   5961   br_  125
124:
   5966   ldvar_cached_  i{36}
   5975   [ <?> ] Type#210
125:
   5980   ; [[(srcrefs, i)
          extract2_1_  
   5981   [ <?> ] Type#211
   5986   visible_  
126:
   5987   br_  130
127:
   5992   push_  <blt attr>
   5997   dup_  
   5998   ldvar_noforce_  attr
   6003   identical_noforce_  
   6004   [ _ ] Test#31
   6009   brtrue_  128
   6014   pop_  
   6015   ldfun_  attr
   6020   [ 0, <0>, valid  ] Call#88
   6025   mk_promise_  48
   6030   push_  "wholeSrcref"
   6035   ; attr(exprs, "wholeSrcref")
          call_  2
   6052   br_  129
128:
   6057   ldvar_cached_  exprs{6}
   6066   [ <?> ] TypeOnce#213 (bit: #6)
   6071   push_  "wholeSrcref"
   6076   visible_  
   6077   ; attr(exprs, "wholeSrcref")
          call_  2
129:
   6094   [ <?> ] Type#214
130:
   6099   stvar_cached_  srcref{40}
   6108   ldvar_cached_  srcref{40}
   6117   [ <?> ] Type#215
   6122   is_  NULL
   6127   ; !(is.null(srcref))
          not_  
   6128   asbool_  
   6129   brtrue_  131
   6134   br_  172
131:
   6139   ldvar_cached_  i{36}
   6148   [ <?> ] Type#216
   6153   push_  1
   6158   visible_  
   6159   ; ==(i, 1)
          eq_  
   6160   [ <?> ] Type#217
   6165   asbool_  
   6166   brtrue_  132
   6171   br_  138
132:
   6176   push_  <blt min>
   6181   dup_  
   6182   ldvar_noforce_  min
   6187   identical_noforce_  
   6188   [ _ ] Test#32
   6193   brtrue_  133
   6198   pop_  
   6199   ldfun_  min
   6204   [ 0, <0>, valid  ] Call#89
   6209   mk_promise_  49
   6214   mk_promise_  4a
   6219   ; min(skip.echo, -([(srcref, 3L), 1))
          call_  2
   6236   br_  137
133:
   6241   ldvar_cached_  skip.echo{41}
   6250   [ <?> ] TypeOnce#222 (bit: #7)
   6255   ldvar_cached_  srcref{40}
   6264   [ <?> ] Type#223
   6269   dup_  
   6270   is_  NonObject
   6275   [ _ ] Test#34
   6280   brfalse_  134
   6285   br_  135
134:
   6290   push_  3L
   6295   br_  136
135:
   6300   push_  3L
   6305   visible_  
136:
   6306   ; [(srcref, 3L)
          extract1_1_  
   6307   [ <?> ] Type#224
   6312   visible_  
   6313   push_  1
   6318   visible_  
   6319   ; -([(srcref, 3L), 1)
          sub_  
   6320   [ <?> ] Type#225
   6325   ; min(skip.echo, -([(srcref, 3L), 1))
          call_  2
137:
   6342   [ <?> ] Type#226
   6347   stvar_cached_  lastshown{34}
138:
   6356   ldvar_cached_  lastshown{34}
   6365   [ <?> ] Type#227
   6370   ldvar_cached_  srcref{40}
   6379   [ <?> ] Type#228
   6384   dup_  
   6385   is_  NonObject
   6390   [ _ ] Test#35
   6395   brfalse_  139
   6400   br_  140
139:
   6405   push_  3L
   6410   br_  141
140:
   6415   push_  3L
   6420   visible_  
141:
   6421   ; [(srcref, 3L)
          extract1_1_  
   6422   [ <?> ] Type#229
   6427   visible_  
   6428   ; <(lastshown, [(srcref, 3L))
          lt_  
   6429   [ <?> ] Type#230
   6434   asbool_  
   6435   brtrue_  142
   6440   br_  172
142:
   6445   push_  <blt attr>
   6450   dup_  
   6451   ldvar_noforce_  attr
   6456   identical_noforce_  
   6457   [ _ ] Test#36
   6462   brtrue_  143
   6467   pop_  
   6468   ldfun_  attr
   6473   [ 0, <0>, valid  ] Call#90
   6478   mk_promise_  4b
   6483   push_  "srcfile"
   6488   ; attr(srcref, "srcfile")
          call_  2
   6505   br_  144
143:
   6510   ldvar_cached_  srcref{40}
   6519   [ <?> ] Type#232
   6524   push_  "srcfile"
   6529   visible_  
   6530   ; attr(srcref, "srcfile")
          call_  2
144:
   6547   [ <?> ] Type#233
   6552   stvar_cached_  srcfile{10}
   6561   ldfun_  trySrcLines
   6566   [ 0, <0>, valid  ] Call#91
   6571   mk_promise_  4c
   6576   mk_promise_  4d
   6581   mk_promise_  4e
   6586   ; trySrcLines(srcfile, +(lastshown, 1), [(srcref|...
          call_  3
   6603   [ <?> ] Type#239
   6608   stvar_cached_  dep{42}
   6617   push_  <blt length>
   6622   dup_  
   6623   ldvar_noforce_  length
   6628   identical_noforce_  
   6629   [ _ ] Test#38
   6634   brtrue_  145
   6639   pop_  
   6640   ldfun_  length
   6645   [ 0, <0>, valid  ] Call#92
   6650   mk_promise_  4f
   6655   ; length(dep)
          call_  1
   6672   br_  146
145:
   6677   ldvar_cached_  dep{42}
   6686   [ <?> ] Type#241
   6691   ; length(dep)
          call_  1
146:
   6708   [ <?> ] Type#242
   6713   asbool_  
   6714   brtrue_  147
   6719   push_  NULL
   6724   visible_  
   6725   stvar_cached_  srcref{40}
   6734   br_  172
147:
   6739   ldvar_cached_  tail{37}
   6748   [ <?> ] Type#243
   6753   asbool_  
   6754   brtrue_  151
   6759   ldvar_cached_  srcref{40}
   6768   [ <?> ] Type#244
   6773   dup_  
   6774   is_  NonObject
   6779   [ _ ] Test#39
   6784   brfalse_  148
   6789   br_  149
148:
   6794   push_  1L
   6799   br_  150
149:
   6804   push_  1L
   6809   visible_  
150:
   6810   ; [(srcref, 1L)
          extract1_1_  
   6811   [ <?> ] Type#245
   6816   visible_  
   6817   ldvar_cached_  lastshown{34}
   6826   [ <?> ] Type#246
   6831   ; -([(srcref, 1L), lastshown)
          sub_  
   6832   [ <?> ] Type#247
   6837   br_  154
151:
   6842   push_  <blt length>
   6847   dup_  
   6848   ldvar_noforce_  length
   6853   identical_noforce_  
   6854   [ _ ] Test#40
   6859   brtrue_  152
   6864   pop_  
   6865   ldfun_  length
   6870   [ 0, <0>, valid  ] Call#93
   6875   mk_promise_  50
   6880   ; length(dep)
          call_  1
   6897   br_  153
152:
   6902   ldvar_cached_  dep{42}
   6911   [ <?> ] Type#249
   6916   ; length(dep)
          call_  1
153:
   6933   [ <?> ] Type#250
154:
   6938   stvar_cached_  leading{43}
   6947   ldvar_cached_  srcref{40}
   6956   [ <?> ] Type#251
   6961   dup_  
   6962   is_  NonObject
   6967   [ _ ] Test#41
   6972   brfalse_  155
   6977   br_  156
155:
   6982   push_  3L
   6987   br_  157
156:
   6992   push_  3L
   6997   visible_  
157:
   6998   ; [(srcref, 3L)
          extract1_1_  
   6999   [ <?> ] Type#252
   7004   visible_  
   7005   stvar_cached_  lastshown{34}
   7014   push_  <blt length>
   7019   dup_  
   7020   ldvar_noforce_  length
   7025   identical_noforce_  
   7026   [ _ ] Test#42
   7031   brtrue_  158
   7036   pop_  
   7037   ldfun_  length
   7042   [ 0, <0>, valid  ] Call#94
   7047   mk_promise_  51
   7052   ; length(dep)
          call_  1
   7069   br_  159
158:
   7074   ldvar_cached_  dep{42}
   7083   [ <?> ] Type#254
   7088   ; length(dep)
          call_  1
159:
   7105   [ <?> ] Type#255
   7110   ; length(dep)
          aslogical_  
   7111   dup_  
   7112   brfalse_  160
   7117   ldfun_  grepl
   7122   [ 0, <0>, valid  ] Call#95
   7127   push_  "^[[:blank:]]*$"
   7132   mk_promise_  52
   7137   ; grepl("^[[:blank:]]*$", [(dep, 1L))
          call_  2
   7154   [ <?> ] Type#258
   7159   ; grepl("^[[:blank:]]*$", [(dep, 1L))
          aslogical_  
   7160   lgl_and_  
160:
   7161   asbool_  
   7162   [ _ ] Test#44
   7167   brfalse_  171
   7172   ldvar_cached_  dep{42}
   7181   [ <?> ] Type#259
   7186   dup_  
   7187   is_  NonObject
   7192   [ _ ] Test#45
   7197   brfalse_  161
   7202   br_  162
161:
   7207   mk_promise_  53
   7212   br_  163
162:
   7217   push_  1L
   7222   visible_  
   7223   ; -(1L)
          uminus_  
163:
   7224   ; [(dep, -(1L))
          extract1_1_  
   7225   [ <?> ] Type#260
   7230   visible_  
   7231   stvar_cached_  dep{42}
   7240   ldvar_cached_  leading{43}
   7249   [ <?> ] Type#261
   7254   push_  1L
   7259   visible_  
   7260   ; -(leading, 1L)
          sub_  
   7261   [ <?> ] Type#262
   7266   stvar_cached_  leading{43}
164:
   7275   push_  <blt length>
   7280   dup_  
   7281   ldvar_noforce_  length
   7286   identical_noforce_  
   7287   [ _ ] Test#46
   7292   brtrue_  165
   7297   pop_  
   7298   ldfun_  length
   7303   [ 0, <0>, valid  ] Call#96
   7308   mk_promise_  54
   7313   ; length(dep)
          call_  1
   7330   br_  166
165:
   7335   ldvar_cached_  dep{42}
   7344   [ <?> ] Type#264
   7349   ; length(dep)
          call_  1
166:
   7366   [ <?> ] Type#265
   7371   ; length(dep)
          aslogical_  
   7372   dup_  
   7373   brfalse_  167
   7378   ldfun_  grepl
   7383   [ 0, <0>, valid  ] Call#97
   7388   push_  "^[[:blank:]]*$"
   7393   mk_promise_  55
   7398   ; grepl("^[[:blank:]]*$", [(dep, 1L))
          call_  2
   7415   [ <?> ] Type#268
   7420   ; grepl("^[[:blank:]]*$", [(dep, 1L))
          aslogical_  
   7421   lgl_and_  
167:
   7422   asbool_  
   7423   brfalse_  171
   7428   ldvar_cached_  dep{42}
   7437   [ <?> ] Type#269
   7442   dup_  
   7443   is_  NonObject
   7448   [ _ ] Test#48
   7453   brfalse_  168
   7458   br_  169
168:
   7463   mk_promise_  56
   7468   br_  170
169:
   7473   push_  1L
   7478   visible_  
   7479   ; -(1L)
          uminus_  
170:
   7480   ; [(dep, -(1L))
          extract1_1_  
   7481   [ <?> ] Type#270
   7486   visible_  
   7487   stvar_cached_  dep{42}
   7496   ldvar_cached_  leading{43}
   7505   [ <?> ] Type#271
   7510   push_  1L
   7515   visible_  
   7516   ; -(leading, 1L)
          sub_  
   7517   [ <?> ] Type#272
   7522   stvar_cached_  leading{43}
   7531   br_  164
171:
   7536   ldfun_  paste0
   7541   [ 0, <0>, valid  ] Call#98
   7546   mk_promise_  57
   7551   mk_promise_  58
   7556   push_  "
"
   7561   ; paste0(rep.int(c(prompt.echo, continue.echo), |...
          named_call_  3 [ _ _ collapse ]
   7590   [ <?> ] Type#285
   7595   stvar_cached_  dep{42}
   7604   ldfun_  nchar
   7609   [ 0, <0>, valid  ] Call#104
   7614   mk_promise_  59
   7619   push_  "c"
   7624   ; nchar(dep, "c")
          call_  2
   7641   [ <?> ] Type#287
   7646   stvar_cached_  nd{39}
172:
   7655   ldvar_cached_  srcref{40}
   7664   [ <?> ] Type#288
   7669   is_  NULL
   7674   asbool_  
   7675   brtrue_  173
   7680   br_  175
173:
   7685   ldvar_cached_  tail{37}
   7694   [ <?> ] Type#289
   7699   ; !(tail)
          not_  
   7700   asbool_  
   7701   brtrue_  174
   7706   br_  175
174:
   7711   ldfun_  substr
   7716   [ 0, <0>, valid  ] Call#105
   7721   mk_promise_  5a
   7726   push_  12L
   7731   push_  1000000L
   7736   ; substr(paste(deparse(ei, width.cutoff=width.cu|...
          call_  3
   7753   [ <?> ] Type#295
   7758   stvar_cached_  dep{42}
   7767   ldfun_  paste0
   7772   [ 0, <0>, valid  ] Call#108
   7777   mk_promise_  5b
   7782   mk_promise_  5c
   7787   ; paste0(prompt.echo, gsub("
", paste0("
", cont|...
          call_  2
   7804   [ <?> ] Type#301
   7809   stvar_cached_  dep{42}
   7818   ldfun_  nchar
   7823   [ 0, <0>, valid  ] Call#111
   7828   mk_promise_  5d
   7833   push_  "c"
   7838   ; nchar(dep, "c")
          call_  2
   7855   [ <?> ] Type#303
   7860   push_  1L
   7865   visible_  
   7866   ; -(nchar(dep, "c"), 1L)
          sub_  
   7867   [ <?> ] Type#304
   7872   stvar_cached_  nd{39}
175:
   7881   ldvar_cached_  nd{39}
   7890   [ <?> ] Type#305
   7895   asbool_  
   7896   brtrue_  176
   7901   br_  177
176:
   7906   ldvar_cached_  nd{39}
   7915   [ <?> ] Type#306
   7920   ldvar_cached_  max.deparse.length{49}
   7929   [ <?> ] TypeOnce#307 (bit: #8)
   7934   ; >(nd, max.deparse.length)
          gt_  
   7935   [ <?> ] Type#308
   7940   stvar_cached_  do.trunc{48}
   7949   ldfun_  substr
   7954   [ 0, <0>, valid  ] Call#112
   7959   mk_promise_  5e
   7964   push_  1L
   7969   mk_promise_  5f
   7974   ; substr(dep, 1L, if(do.trunc, max.deparse.lengt|...
          call_  3
   7991   [ <?> ] Type#313
   7996   stvar_cached_  dep{42}
   8005   ldfun_  cat
   8010   [ 0, <0>, valid  ] Call#113
   8015   mk_promise_  60
   8020   mk_promise_  61
   8025   mk_promise_  62
   8030   push_  "
"
   8035   push_  ""
   8040   ; cat(if(spaced, "
"), dep, if(do.trunc, paste(i|...
          named_call_  5 [ _ _ _ _ sep ]
   8077   pop_  
177:
   8078   ldvar_cached_  tail{37}
   8087   ; !(tail)
          not_  
   8088   asbool_  
   8089   brtrue_  178
   8094   br_  197
178:
   8099   ldfun_  withVisible
   8104   [ 0, <0>, valid  ] Call#117
   8109   mk_promise_  63
   8114   ; withVisible(eval(ei, envir))
          call_  1
   8131   [ <?> ] Type#328
   8136   stvar_cached_  yy{33}
   8145   ldfun_  mode
   8150   [ 0, <0>, valid  ] Call#119
   8155   mk_promise_  64
   8160   ; mode([[(ei, 1L))
          call_  1
   8177   [ <?> ] Type#331
   8182   push_  "name"
   8187   visible_  
   8188   ; ==(mode([[(ei, 1L)), "name")
          eq_  
   8189   [ <?> ] Type#332
   8194   stvar_cached_  i.symbol{51}
   8203   ldvar_cached_  i.symbol{51}
   8212   ; !(i.symbol)
          not_  
   8213   asbool_  
   8214   brtrue_  179
   8219   br_  187
179:
   8224   ldvar_cached_  ei{38}
   8233   [ <?> ] Type#334
   8238   dup_  
   8239   is_  NonObject
   8244   [ _ ] Test#50
   8249   brfalse_  180
   8254   br_  181
180:
   8259   push_  1L
   8264   br_  182
181:
   8269   push_  1L
   8274   visible_  
182:
   8275   ; [[(ei, 1L)
          extract2_1_  
   8276   [ <?> ] Type#335
   8281   visible_  
   8282   dup_  
   8283   is_  NonObject
   8288   [ _ ] Test#51
   8293   brfalse_  183
   8298   br_  184
183:
   8303   push_  1L
   8308   br_  185
184:
   8313   push_  1L
   8318   visible_  
185:
   8319   ; [[([[(ei, 1L), 1L)
          extract2_1_  
   8320   [ <?> ] Type#336
   8325   visible_  
   8326   stvar_cached_  curr.fun{52}
   8335   ldvar_cached_  verbose{4}
   8344   [ <?> ] TypeOnce#337 (bit: #9)
   8349   asbool_  
   8350   brtrue_  186
   8355   br_  187
186:
   8360   ldfun_  cat
   8365   [ 0, <0>, valid  ] Call#120
   8370   push_  "curr.fun:"
   8375   ; cat("curr.fun:")
          call_  1
   8392   pop_  
   8393   ldfun_  ::
   8398   [ 0, <0>, valid  ] Call#121
   8403   mk_promise_  65
   8408   mk_promise_  66
   8413   ; ::(utils, str)
          call_  2
   8430   [ <?> ] Type#340
   8435   check_function_  
   8436   [ 0, <0>, valid  ] Call#122
   8441   mk_promise_  67
   8446   ; ::(utils, str)(curr.fun)
          call_  1
   8463   pop_  
187:
   8464   ldvar_cached_  verbose{4}
   8473   [ <?> ] TypeOnce#342 (bit: #10)
   8478   push_  2
   8483   visible_  
   8484   ; >=(verbose, 2)
          ge_  
   8485   [ <?> ] Type#343
   8490   asbool_  
   8491   brtrue_  188
   8496   br_  189
188:
   8501   ldfun_  cat
   8506   [ 0, <0>, valid  ] Call#123
   8511   push_  ".... mode(ei[[1L]])="
   8516   mk_promise_  68
   8521   push_  "; paste(curr.fun)="
   8526   ; cat(".... mode(ei[[1L]])=", mode([[(ei, 1L)), |...
          call_  3
   8543   pop_  
   8544   ldfun_  ::
   8549   [ 0, <0>, valid  ] Call#125
   8554   mk_promise_  69
   8559   mk_promise_  6a
   8564   ; ::(utils, str)
          call_  2
   8581   [ <?> ] Type#349
   8586   check_function_  
   8587   [ 0, <0>, valid  ] Call#126
   8592   mk_promise_  6b
   8597   ; ::(utils, str)(paste(curr.fun))
          call_  1
   8614   pop_  
189:
   8615   ldvar_cached_  print.eval{53}
   8624   [ <?> ] TypeOnce#352 (bit: #11)
   8629   ; print.eval
          aslogical_  
   8630   dup_  
   8631   brfalse_  190
   8636   ldfun_  $
   8641   [ 0, <0>, valid  ] Call#128
   8646   mk_promise_  6c
   8651   mk_promise_  6d
   8656   ; $(yy, visible)
          call_  2
   8673   [ <?> ] Type#355
   8678   ; $(yy, visible)
          aslogical_  
   8679   lgl_and_  
190:
   8680   asbool_  
   8681   brtrue_  191
   8686   br_  195
191:
   8691   push_  <blt isS4>
   8696   dup_  
   8697   ldvar_noforce_  isS4
   8702   identical_noforce_  
   8703   [ _ ] Test#53
   8708   brtrue_  192
   8713   pop_  
   8714   ldfun_  isS4
   8719   [ 0, <0>, valid  ] Call#129
   8724   mk_promise_  6e
   8729   ; isS4($(yy, value))
          call_  1
   8746   br_  193
192:
   8751   ldfun_  $
   8756   [ 0, <0>, valid  ] Call#131
   8761   mk_promise_  6f
   8766   mk_promise_  70
   8771   ; $(yy, value)
          call_  2
   8788   [ <?> ] Type#361
   8793   ; isS4($(yy, value))
          call_  1
193:
   8810   [ <?> ] Type#362
   8815   asbool_  
   8816   brtrue_  194
   8821   ldfun_  print
   8826   [ 0, <0>, valid  ] Call#132
   8831   mk_promise_  71
   8836   ; print($(yy, value))
          call_  1
   8853   pop_  
   8854   br_  195
194:
   8859   ldfun_  ::
   8864   [ 0, <0>, valid  ] Call#134
   8869   mk_promise_  72
   8874   mk_promise_  73
   8879   ; ::(methods, show)
          call_  2
   8896   [ <?> ] Type#368
   8901   check_function_  
   8902   [ 0, <0>, valid  ] Call#135
   8907   mk_promise_  74
   8912   ; ::(methods, show)($(yy, value))
          call_  1
   8929   pop_  
195:
   8930   ldvar_cached_  verbose{4}
   8939   asbool_  
   8940   brtrue_  196
   8945   br_  197
196:
   8950   ldfun_  cat
   8955   [ 0, <0>, valid  ] Call#137
   8960   push_  " .. after "
   8965   mk_promise_  75
   8970   push_  "
"
   8975   push_  ""
   8980   ; cat(" .. after ", sQuote(deparse(ei, control=u|...
          named_call_  4 [ _ _ _ sep ]
   9013   pop_  
197:
   9014   br_  111
198:
   9019   popn_  3
   9024   push_  <blt invisible>
   9029   dup_  
   9030   ldvar_noforce_  invisible
   9035   identical_noforce_  
   9036   [ _ ] Test#54
   9041   brtrue_  199
   9046   pop_  
   9047   ldfun_  invisible
   9052   [ 0, <0>, valid  ] Call#142
   9057   mk_promise_  76
   9062   ; invisible(yy)
          call_  1
   9079   br_  200
199:
   9084   ldvar_cached_  yy{33}
   9093   [ <?> ] Type#380
   9098   ; invisible(yy)
          call_  1
200:
   9115   [ <?> ] Type#381
   9120   ret_  

[Prom (index 0)]
0:
      0   ldvar_  local
      5   [ <?> ] Type#8
     10   ret_  

[Prom (index 1)]
0:
      0   ldvar_  local
      5   [ <?> ] Type#10
     10   ret_  

[Prom (index 2)]
0:
      0   ldvar_  local
      5   [ <?> ] Type#12
     10   ret_  

[Prom (index 3)]
0:
      0   ldvar_  echo
      5   [ <?> ] Type#19
     10   ret_  

[Prom (index 4)]
0:
      0   ldvar_  envir
      5   [ <?> ] Type#25
     10   ret_  

[Prom (index 5)]
0:
      0   ldvar_  exprs
      5   [ <?> ] Type#26
     10   ret_  

[Prom (index 6)]
0:
      0   ldvar_  exprs
      5   [ <?> ] Type#29
     10   ret_  

[Prom (index 7)]
0:
      0   ldvar_  file
      5   [ <?> ] Type#32
     10   ret_  

[Prom (index 8)]
0:
      0   ldvar_  file
      5   [ <?> ] Type#35
     10   ret_  

[Prom (index 9)]
0:
      0   ldvar_  keep.source
      5   [ <?> ] Type#37
     10   ret_  

[Prom (index 10)]
0:
      0   ldfun_  substitute
      5   [ 0, <0>, valid  ] Call#22
     10   mk_promise_  0
     15   ; substitute(file)
          call_  1
     32   [ <?> ] Type#40
     37   ret_  

[Prom (index 10.0)]
0:
      0   ldvar_  file
      5   [ <?> ] Type#39
     10   ret_  

[Prom (index 11)]
0:
      0   ldfun_  deparse1
      5   [ 0, <0>, valid  ] Call#24
     10   mk_promise_  0
     15   push_  ""
     20   ; deparse1(substitute(file), "")
          call_  2
     37   [ <?> ] Type#44
     42   ret_  

[Prom (index 11.0)]
0:
      0   ldfun_  substitute
      5   [ 0, <0>, valid  ] Call#25
     10   mk_promise_  0
     15   ; substitute(file)
          call_  1
     32   [ <?> ] Type#43
     37   ret_  

[Prom (index 11.0.0)]
0:
      0   ldvar_  file
      5   [ <?> ] Type#42
     10   ret_  

[Prom (index 12)]
0:
      0   ldvar_  lines
      5   [ <?> ] Type#45
     10   ret_  

[Prom (index 13)]
0:
      0   ldvar_  encoding
      5   [ <?> ] Type#49
     10   ret_  

[Prom (index 14)]
0:
      0   ldvar_  utils
      5   [ <?> ] Type#52
     10   ret_  

[Prom (index 15)]
0:
      0   ldvar_  localeToCharset
      5   [ <?> ] Type#53
     10   ret_  

[Prom (index 16)]
0:
      0   ldfun_  length
      5   [ 0, <0>, valid  ] Call#29
     10   mk_promise_  0
     15   ; length(enc)
          call_  1
     32   [ <?> ] Type#58
     37   ret_  

[Prom (index 16.0)]
0:
      0   ldvar_  enc
      5   [ <?> ] Type#57
     10   ret_  

[Prom (index 17)]
0:
      0   ldvar_  enc
      5   [ <?> ] Type#59
     10   ret_  

[Prom (index 18)]
0:
      0   ldvar_  enc
      5   [ <?> ] Type#63
     10   ret_  

[Prom (index 19)]
0:
      0   ldvar_  e
      5   [ <?> ] Type#69
     10   ret_  

[Prom (index 20)]
0:
      0   ldvar_  file
      5   [ <?> ] Type#72
     10   ret_  

[Prom (index 21)]
0:
      0   ldvar_  e
      5   [ <?> ] Type#73
     10   ret_  

[Prom (index 22)]
0:
      0   ldfun_  readLines
      5   [ 0, <0>, valid  ] Call#36
     10   mk_promise_  0
     15   push_  FALSE
     20   ; readLines(zz, warn=FALSE)
          named_call_  2 [ _ warn ]
     45   [ <?> ] Type#76
     50   ret_  

[Prom (index 22.0)]
0:
      0   ldvar_  zz
      5   [ <?> ] Type#75
     10   ret_  

[Prom (index 23)]
0:
      0   ldvar_  identity
      5   [ <?> ] Type#77
     10   ret_  

[Prom (index 24)]
0:
      0   ldvar_  zz
      5   [ <?> ] Type#79
     10   ret_  

[Prom (index 25)]
0:
      0   ldvar_  res
      5   [ <?> ] Type#80
     10   ret_  

[Prom (index 26)]
0:
      0   ldvar_  e
      5   [ <?> ] Type#83
     10   ret_  

[Prom (index 27)]
0:
      0   ldvar_  file
      5   [ <?> ] Type#86
     10   ret_  

[Prom (index 28)]
0:
      0   ldvar_  e
      5   [ <?> ] Type#87
     10   ret_  

[Prom (index 29)]
0:
      0   ldfun_  readLines
      5   [ 0, <0>, valid  ] Call#42
     10   mk_promise_  0
     15   push_  FALSE
     20   ; readLines(zz, warn=FALSE)
          named_call_  2 [ _ warn ]
     45   [ <?> ] Type#90
     50   ret_  

[Prom (index 29.0)]
0:
      0   ldvar_  zz
      5   [ <?> ] Type#89
     10   ret_  

[Prom (index 30)]
0:
      0   ldvar_  identity
      5   [ <?> ] Type#91
     10   ret_  

[Prom (index 31)]
0:
      0   ldvar_  zz
      5   [ <?> ] Type#93
     10   ret_  

[Prom (index 32)]
0:
      0   ldvar_  res
      5   [ <?> ] Type#94
     10   ret_  

[Prom (index 33)]
0:
      0   ldvar_  owarn
      5   [ <?> ] Type#97
     10   ret_  

[Prom (index 34)]
0:
      0   ldvar_  encoding
      5   [ <?> ] Type#98
     10   ret_  

[Prom (index 35)]
0:
      0   ldfun_  gettextf
      5   [ 0, <0>, valid  ] Call#49
     10   push_  "encoding = "%s" chosen"
     15   mk_promise_  0
     20   ; gettextf("encoding = "%s" chosen", encoding)
          call_  2
     37   [ <?> ] Type#103
     42   ret_  

[Prom (index 35.0)]
0:
      0   ldvar_  encoding
      5   [ <?> ] Type#102
     10   ret_  

[Prom (index 36)]
0:
      0   ldvar_  filename
      5   [ <?> ] Type#107
     10   ret_  

[Prom (index 37)]
0:
      0   ldvar_  encoding
      5   [ <?> ] Type#108
     10   ret_  

[Prom (index 38)]
0:
      0   ldfun_  close
      5   [ 0, <0>, valid  ] Call#52
     10   mk_promise_  0
     15   ; close(file)
          call_  1
     32   [ <?> ] Type#111
     37   ret_  

[Prom (index 38.0)]
0:
      0   ldvar_  file
      5   [ <?> ] Type#110
     10   ret_  

[Prom (index 39)]
0:
      0   ldvar_  keep.source
      5   [ <?> ] Type#112
     10   ret_  

[Prom (index 40)]
0:
      0   ldvar_  file
      5   [ <?> ] Type#115
     10   ret_  

[Prom (index 41)]
0:
      0   ldvar_  file
      5   [ <?> ] Type#117
     10   ret_  

[Prom (index 42)]
0:
      0   ldvar_  filename
      5   [ <?> ] Type#118
     10   ret_  

[Prom (index 43)]
0:
      0   ldvar_  lines
      5   [ <?> ] Type#119
     10   ret_  

[Prom (index 44)]
0:
      0   ldfun_  file.mtime
      5   [ 0, <0>, valid  ] Call#58
     10   mk_promise_  0
     15   ; file.mtime(filename)
          call_  1
     32   [ <?> ] Type#121
     37   dup_  
     38   is_  NonObject
     43   [ _ ] Test#11
     48   brfalse_  1
     53   br_  2
1:
     58   push_  1
     63   br_  3
2:
     68   push_  1
     73   visible_  
3:
     74   ; [(file.mtime(filename), 1)
          extract1_1_  
     75   [ <?> ] Type#122
     80   visible_  
     81   ret_  

[Prom (index 44.0)]
0:
      0   ldvar_  filename
      5   [ <?> ] Type#120
     10   ret_  

[Prom (index 45)]
0:
      0   ldvar_  utils
      5   [ <?> ] Type#124
     10   ret_  

[Prom (index 46)]
0:
      0   ldvar_  localeToCharset
      5   [ <?> ] Type#125
     10   ret_  

[Prom (index 47)]
0:
      0   ldvar_  lines
      5   [ <?> ] Type#136
     10   ret_  

[Prom (index 48)]
0:
      0   ldvar_  file
      5   [ <?> ] Type#145
     10   ret_  

[Prom (index 49)]
0:
      0   ldfun_  length
      5   [ 0, <0>, valid  ] Call#68
     10   mk_promise_  0
     15   ; length(exprs)
          call_  1
     32   [ <?> ] Type#148
     37   ret_  

[Prom (index 49.0)]
0:
      0   ldvar_  exprs
      5   [ <?> ] Type#147
     10   ret_  

[Prom (index 50)]
0:
      0   ldvar_  ofile
      5   [ <?> ] Type#150
     10   ret_  

[Prom (index 51)]
0:
      0   ldvar_  ofile
      5   [ <?> ] Type#153
     10   ret_  

[Prom (index 52)]
0:
      0   ldvar_  ofile
      5   [ <?> ] Type#155
     10   ret_  

[Prom (index 53)]
0:
      0   ldfun_  setwd
      5   [ 0, <0>, valid  ] Call#76
     10   mk_promise_  0
     15   ; setwd(owd)
          call_  1
     32   [ <?> ] Type#161
     37   ret_  

[Prom (index 53.0)]
0:
      0   ldvar_  owd
      5   [ <?> ] Type#160
     10   ret_  

[Prom (index 54)]
0:
      0   ldvar_  path
      5   [ <?> ] Type#162
     10   ret_  

[Prom (index 55)]
0:
      0   ldvar_  exprs
      5   [ <?> ] Type#163
     10   ret_  

[Prom (index 56)]
0:
      0   ldvar_  nos
      5   [ <?> ] Type#167
     10   ret_  

[Prom (index 57)]
0:
      0   ldvar_  sd
      5   [ <?> ] Type#168
     10   ret_  

[Prom (index 58)]
0:
      0   ldvar_  nos
      5   [ <?> ] Type#169
     10   ret_  

[Prom (index 59)]
0:
      0   ldvar_  sd
      5   [ <?> ] Type#170
     10   ret_  

[Prom (index 60)]
0:
      0   ldvar_  nos
      5   [ <?> ] Type#171
     10   ret_  

[Prom (index 61)]
0:
      0   ldvar_  sd
      5   [ <?> ] Type#172
     10   ret_  

[Prom (index 62)]
0:
      0   ldvar_  nos
      5   [ <?> ] Type#173
     10   ret_  

[Prom (index 63)]
0:
      0   ldvar_  exprs
      5   [ <?> ] Type#175
     10   ret_  

[Prom (index 64)]
0:
      0   ldvar_  utils
      5   [ <?> ] Type#180
     10   ret_  

[Prom (index 65)]
0:
      0   ldvar_  str
      5   [ <?> ] Type#181
     10   ret_  

[Prom (index 66)]
0:
      0   ldvar_  srcrefs
      5   [ <?> ] Type#183
     10   ret_  

[Prom (index 67)]
0:
      0   ldvar_  Ne
      5   [ <?> ] Type#184
     10   ldvar_  echo
     15   [ <?> ] Type#185
     20   ; +(Ne, echo)
          add_  
     21   [ <?> ] Type#186
     26   ret_  

[Prom (index 68)]
0:
      0   ldvar_  i
      5   [ <?> ] Type#196
     10   ret_  

[Prom (index 69)]
0:
      0   ldvar_  i
      5   [ <?> ] Type#198
     10   ret_  

[Prom (index 70)]
0:
      0   ldvar_  srcrefs
      5   [ <?> ] Type#204
     10   ret_  

[Prom (index 71)]
0:
      0   ldvar_  i
      5   [ <?> ] Type#209
     10   ret_  

[Prom (index 72)]
0:
      0   ldvar_  exprs
      5   [ <?> ] Type#212
     10   ret_  

[Prom (index 73)]
0:
      0   ldvar_  skip.echo
      5   [ <?> ] Type#218
     10   ret_  

[Prom (index 74)]
0:
      0   ldvar_  srcref
      5   [ <?> ] Type#219
     10   dup_  
     11   is_  NonObject
     16   [ _ ] Test#33
     21   brfalse_  1
     26   br_  2
1:
     31   push_  3L
     36   br_  3
2:
     41   push_  3L
     46   visible_  
3:
     47   ; [(srcref, 3L)
          extract1_1_  
     48   [ <?> ] Type#220
     53   visible_  
     54   push_  1
     59   visible_  
     60   ; -([(srcref, 3L), 1)
          sub_  
     61   [ <?> ] Type#221
     66   ret_  

[Prom (index 75)]
0:
      0   ldvar_  srcref
      5   [ <?> ] Type#231
     10   ret_  

[Prom (index 76)]
0:
      0   ldvar_  srcfile
      5   [ <?> ] Type#234
     10   ret_  

[Prom (index 77)]
0:
      0   ldvar_  lastshown
      5   [ <?> ] Type#235
     10   push_  1
     15   visible_  
     16   ; +(lastshown, 1)
          add_  
     17   [ <?> ] Type#236
     22   ret_  

[Prom (index 78)]
0:
      0   ldvar_  srcref
      5   [ <?> ] Type#237
     10   dup_  
     11   is_  NonObject
     16   [ _ ] Test#37
     21   brfalse_  1
     26   br_  2
1:
     31   push_  3L
     36   br_  3
2:
     41   push_  3L
     46   visible_  
3:
     47   ; [(srcref, 3L)
          extract1_1_  
     48   [ <?> ] Type#238
     53   visible_  
     54   ret_  

[Prom (index 79)]
0:
      0   ldvar_  dep
      5   [ <?> ] Type#240
     10   ret_  

[Prom (index 80)]
0:
      0   ldvar_  dep
      5   [ <?> ] Type#248
     10   ret_  

[Prom (index 81)]
0:
      0   ldvar_  dep
      5   [ <?> ] Type#253
     10   ret_  

[Prom (index 82)]
0:
      0   ldvar_  dep
      5   [ <?> ] Type#256
     10   dup_  
     11   is_  NonObject
     16   [ _ ] Test#43
     21   brfalse_  1
     26   br_  2
1:
     31   push_  1L
     36   br_  3
2:
     41   push_  1L
     46   visible_  
3:
     47   ; [(dep, 1L)
          extract1_1_  
     48   [ <?> ] Type#257
     53   visible_  
     54   ret_  

[Prom (index 83)]
0:
      0   push_  1L
      5   visible_  
      6   ; -(1L)
          uminus_  
      7   ret_  

[Prom (index 84)]
0:
      0   ldvar_  dep
      5   [ <?> ] Type#263
     10   ret_  

[Prom (index 85)]
0:
      0   ldvar_  dep
      5   [ <?> ] Type#266
     10   dup_  
     11   is_  NonObject
     16   [ _ ] Test#47
     21   brfalse_  1
     26   br_  2
1:
     31   push_  1L
     36   br_  3
2:
     41   push_  1L
     46   visible_  
3:
     47   ; [(dep, 1L)
          extract1_1_  
     48   [ <?> ] Type#267
     53   visible_  
     54   ret_  

[Prom (index 86)]
0:
      0   push_  1L
      5   visible_  
      6   ; -(1L)
          uminus_  
      7   ret_  

[Prom (index 87)]
0:
      0   ldfun_  rep.int
      5   [ 0, <0>, valid  ] Call#99
     10   mk_promise_  0
     15   mk_promise_  1
     20   ; rep.int(c(prompt.echo, continue.echo), pmax(0L|...
          call_  2
     37   [ <?> ] Type#283
     42   ret_  

[Prom (index 87.0)]
0:
      0   ldfun_  c
      5   [ 0, <0>, valid  ] Call#100
     10   mk_promise_  0
     15   mk_promise_  1
     20   ; c(prompt.echo, continue.echo)
          call_  2
     37   [ <?> ] Type#275
     42   ret_  

[Prom (index 87.0.0)]
0:
      0   ldvar_  prompt.echo
      5   [ <?> ] Type#273
     10   ret_  

[Prom (index 87.0.1)]
0:
      0   ldvar_  continue.echo
      5   [ <?> ] Type#274
     10   ret_  

[Prom (index 87.1)]
0:
      0   ldfun_  pmax
      5   [ 0, <0>, valid  ] Call#101
     10   push_  0L
     15   mk_promise_  0
     20   ; pmax(0L, c(leading, -(length(dep), leading)))
          call_  2
     37   [ <?> ] Type#282
     42   ret_  

[Prom (index 87.1.0)]
0:
      0   ldfun_  c
      5   [ 0, <0>, valid  ] Call#102
     10   mk_promise_  0
     15   mk_promise_  1
     20   ; c(leading, -(length(dep), leading))
          call_  2
     37   [ <?> ] Type#281
     42   ret_  

[Prom (index 87.1.0.0)]
0:
      0   ldvar_  leading
      5   [ <?> ] Type#276
     10   ret_  

[Prom (index 87.1.0.1)]
0:
      0   ldfun_  length
      5   [ 0, <0>, valid  ] Call#103
     10   mk_promise_  0
     15   ; length(dep)
          call_  1
     32   [ <?> ] Type#278
     37   ldvar_  leading
     42   [ <?> ] Type#279
     47   ; -(length(dep), leading)
          sub_  
     48   [ <?> ] Type#280
     53   ret_  

[Prom (index 87.1.0.1.0)]
0:
      0   ldvar_  dep
      5   [ <?> ] Type#277
     10   ret_  

[Prom (index 88)]
0:
      0   ldvar_  dep
      5   [ <?> ] Type#284
     10   ret_  

[Prom (index 89)]
0:
      0   ldvar_  dep
      5   [ <?> ] Type#286
     10   ret_  

[Prom (index 90)]
0:
      0   ldfun_  paste
      5   [ 0, <0>, valid  ] Call#106
     10   mk_promise_  0
     15   push_  "
"
     20   ; paste(deparse(ei, width.cutoff=width.cutoff, c|...
          named_call_  2 [ _ collapse ]
     45   [ <?> ] Type#294
     50   ret_  

[Prom (index 90.0)]
0:
      0   ldfun_  deparse
      5   [ 0, <0>, valid  ] Call#107
     10   mk_promise_  0
     15   mk_promise_  1
     20   mk_promise_  2
     25   ; deparse(ei, width.cutoff=width.cutoff, control|...
          named_call_  3 [ _ width.cutoff control ]
     54   [ <?> ] Type#293
     59   ret_  

[Prom (index 90.0.0)]
0:
      0   ldvar_  ei
      5   [ <?> ] Type#290
     10   ret_  

[Prom (index 90.0.1)]
0:
      0   ldvar_  width.cutoff
      5   [ <?> ] Type#291
     10   ret_  

[Prom (index 90.0.2)]
0:
      0   ldvar_  deparseCtrl
      5   [ <?> ] Type#292
     10   ret_  

[Prom (index 91)]
0:
      0   ldvar_  prompt.echo
      5   [ <?> ] Type#296
     10   ret_  

[Prom (index 92)]
0:
      0   ldfun_  gsub
      5   [ 0, <0>, valid  ] Call#109
     10   push_  "
"
     15   mk_promise_  0
     20   mk_promise_  1
     25   push_  TRUE
     30   ; gsub("
", paste0("
", continue.echo), dep, fix|...
          named_call_  4 [ _ _ _ fixed ]
     63   [ <?> ] Type#300
     68   ret_  

[Prom (index 92.0)]
0:
      0   ldfun_  paste0
      5   [ 0, <0>, valid  ] Call#110
     10   push_  "
"
     15   mk_promise_  0
     20   ; paste0("
", continue.echo)
          call_  2
     37   [ <?> ] Type#298
     42   ret_  

[Prom (index 92.0.0)]
0:
      0   ldvar_  continue.echo
      5   [ <?> ] Type#297
     10   ret_  

[Prom (index 92.1)]
0:
      0   ldvar_  dep
      5   [ <?> ] Type#299
     10   ret_  

[Prom (index 93)]
0:
      0   ldvar_  dep
      5   [ <?> ] Type#302
     10   ret_  

[Prom (index 94)]
0:
      0   ldvar_  dep
      5   [ <?> ] Type#309
     10   ret_  

[Prom (index 95)]
0:
      0   ldvar_  do.trunc
      5   [ <?> ] Type#310
     10   asbool_  
     11   brtrue_  1
     16   ldvar_  nd
     21   [ <?> ] Type#311
     26   br_  2
1:
     31   ldvar_  max.deparse.length
     36   [ <?> ] Type#312
2:
     41   ret_  

[Prom (index 96)]
0:
      0   ldvar_  spaced
      5   [ <?> ] Type#314
     10   asbool_  
     11   brtrue_  1
     16   push_  NULL
     21   invisible_  
     22   br_  2
1:
     27   push_  "
"
     32   visible_  
2:
     33   ret_  

[Prom (index 97)]
0:
      0   ldvar_  dep
      5   [ <?> ] Type#315
     10   ret_  

[Prom (index 98)]
0:
      0   ldvar_  do.trunc
      5   [ <?> ] Type#316
     10   asbool_  
     11   brtrue_  1
     16   push_  NULL
     21   invisible_  
     22   br_  2
1:
     27   ldfun_  paste
     32   [ 0, <0>, valid  ] Call#114
     37   mk_promise_  0
     42   push_  "[TRUNCATED] "
     47   ; paste(if(&&(grepl(sd, dep), grepl(oddsd, dep))|...
          call_  2
     64   [ <?> ] Type#323
2:
     69   ret_  

[Prom (index 98.0)]
0:
      0   ldfun_  grepl
      5   [ 0, <0>, valid  ] Call#115
     10   mk_promise_  0
     15   mk_promise_  1
     20   ; grepl(sd, dep)
          call_  2
     37   [ <?> ] Type#319
     42   ; grepl(sd, dep)
          aslogical_  
     43   dup_  
     44   brfalse_  1
     49   ldfun_  grepl
     54   [ 0, <0>, valid  ] Call#116
     59   mk_promise_  2
     64   mk_promise_  3
     69   ; grepl(oddsd, dep)
          call_  2
     86   [ <?> ] Type#322
     91   ; grepl(oddsd, dep)
          aslogical_  
     92   lgl_and_  
1:
     93   asbool_  
     94   brtrue_  2
     99   push_  " ...."
    104   visible_  
    105   br_  3
2:
    110   push_  " ..." ..."
    115   visible_  
3:
    116   ret_  

[Prom (index 98.0.0)]
0:
      0   ldvar_  sd
      5   [ <?> ] Type#317
     10   ret_  

[Prom (index 98.0.1)]
0:
      0   ldvar_  dep
      5   [ <?> ] Type#318
     10   ret_  

[Prom (index 98.0.2)]
0:
      0   ldvar_  oddsd
      5   [ <?> ] Type#320
     10   ret_  

[Prom (index 98.0.3)]
0:
      0   ldvar_  dep
      5   [ <?> ] Type#321
     10   ret_  

[Prom (index 99)]
0:
      0   ldfun_  eval
      5   [ 0, <0>, valid  ] Call#118
     10   mk_promise_  0
     15   mk_promise_  1
     20   ; eval(ei, envir)
          call_  2
     37   [ <?> ] Type#327
     42   ret_  

[Prom (index 99.0)]
0:
      0   ldvar_  ei
      5   [ <?> ] Type#325
     10   ret_  

[Prom (index 99.1)]
0:
      0   ldvar_  envir
      5   [ <?> ] Type#326
     10   ret_  

[Prom (index 100)]
0:
      0   ldvar_  ei
      5   [ <?> ] Type#329
     10   dup_  
     11   is_  NonObject
     16   [ _ ] Test#49
     21   brfalse_  1
     26   br_  2
1:
     31   push_  1L
     36   br_  3
2:
     41   push_  1L
     46   visible_  
3:
     47   ; [[(ei, 1L)
          extract2_1_  
     48   [ <?> ] Type#330
     53   visible_  
     54   ret_  

[Prom (index 101)]
0:
      0   ldvar_  utils
      5   [ <?> ] Type#338
     10   ret_  

[Prom (index 102)]
0:
      0   ldvar_  str
      5   [ <?> ] Type#339
     10   ret_  

[Prom (index 103)]
0:
      0   ldvar_  curr.fun
      5   [ <?> ] Type#341
     10   ret_  

[Prom (index 104)]
0:
      0   ldfun_  mode
      5   [ 0, <0>, valid  ] Call#124
     10   mk_promise_  0
     15   ; mode([[(ei, 1L))
          call_  1
     32   [ <?> ] Type#346
     37   ret_  

[Prom (index 104.0)]
0:
      0   ldvar_  ei
      5   [ <?> ] Type#344
     10   dup_  
     11   is_  NonObject
     16   [ _ ] Test#52
     21   brfalse_  1
     26   br_  2
1:
     31   push_  1L
     36   br_  3
2:
     41   push_  1L
     46   visible_  
3:
     47   ; [[(ei, 1L)
          extract2_1_  
     48   [ <?> ] Type#345
     53   visible_  
     54   ret_  

[Prom (index 105)]
0:
      0   ldvar_  utils
      5   [ <?> ] Type#347
     10   ret_  

[Prom (index 106)]
0:
      0   ldvar_  str
      5   [ <?> ] Type#348
     10   ret_  

[Prom (index 107)]
0:
      0   ldfun_  paste
      5   [ 0, <0>, valid  ] Call#127
     10   mk_promise_  0
     15   ; paste(curr.fun)
          call_  1
     32   [ <?> ] Type#351
     37   ret_  

[Prom (index 107.0)]
0:
      0   ldvar_  curr.fun
      5   [ <?> ] Type#350
     10   ret_  

[Prom (index 108)]
0:
      0   ldvar_  yy
      5   [ <?> ] Type#353
     10   ret_  

[Prom (index 109)]
0:
      0   ldvar_  visible
      5   [ <?> ] Type#354
     10   ret_  

[Prom (index 110)]
0:
      0   ldfun_  $
      5   [ 0, <0>, valid  ] Call#130
     10   mk_promise_  0
     15   mk_promise_  1
     20   ; $(yy, value)
          call_  2
     37   [ <?> ] Type#358
     42   ret_  

[Prom (index 110.0)]
0:
      0   ldvar_  yy
      5   [ <?> ] Type#356
     10   ret_  

[Prom (index 110.1)]
0:
      0   ldvar_  value
      5   [ <?> ] Type#357
     10   ret_  

[Prom (index 111)]
0:
      0   ldvar_  yy
      5   [ <?> ] Type#359
     10   ret_  

[Prom (index 112)]
0:
      0   ldvar_  value
      5   [ <?> ] Type#360
     10   ret_  

[Prom (index 113)]
0:
      0   ldfun_  $
      5   [ 0, <0>, valid  ] Call#133
     10   mk_promise_  0
     15   mk_promise_  1
     20   ; $(yy, value)
          call_  2
     37   [ <?> ] Type#365
     42   ret_  

[Prom (index 113.0)]
0:
      0   ldvar_  yy
      5   [ <?> ] Type#363
     10   ret_  

[Prom (index 113.1)]
0:
      0   ldvar_  value
      5   [ <?> ] Type#364
     10   ret_  

[Prom (index 114)]
0:
      0   ldvar_  methods
      5   [ <?> ] Type#366
     10   ret_  

[Prom (index 115)]
0:
      0   ldvar_  show
      5   [ <?> ] Type#367
     10   ret_  

[Prom (index 116)]
0:
      0   ldfun_  $
      5   [ 0, <0>, valid  ] Call#136
     10   mk_promise_  0
     15   mk_promise_  1
     20   ; $(yy, value)
          call_  2
     37   [ <?> ] Type#371
     42   ret_  

[Prom (index 116.0)]
0:
      0   ldvar_  yy
      5   [ <?> ] Type#369
     10   ret_  

[Prom (index 116.1)]
0:
      0   ldvar_  value
      5   [ <?> ] Type#370
     10   ret_  

[Prom (index 117)]
0:
      0   ldfun_  sQuote
      5   [ 0, <0>, valid  ] Call#138
     10   mk_promise_  0
     15   ; sQuote(deparse(ei, control=unique(c(deparseCtr|...
          call_  1
     32   [ <?> ] Type#378
     37   ret_  

[Prom (index 117.0)]
0:
      0   ldfun_  deparse
      5   [ 0, <0>, valid  ] Call#139
     10   mk_promise_  0
     15   mk_promise_  1
     20   ; deparse(ei, control=unique(c(deparseCtrl, "use|...
          named_call_  2 [ _ control ]
     45   [ <?> ] Type#377
     50   ret_  

[Prom (index 117.0.0)]
0:
      0   ldvar_  ei
      5   [ <?> ] Type#373
     10   ret_  

[Prom (index 117.0.1)]
0:
      0   ldfun_  unique
      5   [ 0, <0>, valid  ] Call#140
     10   mk_promise_  0
     15   ; unique(c(deparseCtrl, "useSource"))
          call_  1
     32   [ <?> ] Type#376
     37   ret_  

[Prom (index 117.0.1.0)]
0:
      0   ldfun_  c
      5   [ 0, <0>, valid  ] Call#141
     10   mk_promise_  0
     15   push_  "useSource"
     20   ; c(deparseCtrl, "useSource")
          call_  2
     37   [ <?> ] Type#375
     42   ret_  

[Prom (index 117.0.1.0.0)]
0:
      0   ldvar_  deparseCtrl
      5   [ <?> ] Type#374
     10   ret_  

[Prom (index 118)]
0:
      0   ldvar_  yy
      5   [ <?> ] Type#379
     10   ret_  

NoRecord Type#22 (dep: #20)
NoRecord Type#33 (dep: #31)
NoRecord Type#56 (dep: #55)
NoRecord Type#60 (dep: #55)
NoRecord Type#144 (dep: #132)
NoRecord Type#159 (dep: #158)
NoRecord Type#176 (dep: #164)
NoRecord Type#178 (dep: #24)
NoRecord Type#179 (dep: #177)
NoRecord Type#187 (dep: #165)
NoRecord Type#188 (dep: #166)
NoRecord Type#194 (dep: #193)
NoRecord Type#324 (dep: #193)
NoRecord Type#333 (dep: #332)
NoRecord Type#372 (dep: #342)
== nested closures ==
== dispatch table 0x55c004bda170 ==
= version 0 (0x55c005330210) =
[sigature] needsEnv 
[flags]    InnerFunction 
[stats]    invoked: 0, deopt: 0
0:
      0   ldfun_  tryCatch
      5   [ 0, <0>, valid  ] Call#0
     10   mk_promise_  0
     15   mk_promise_  1
     20   ; tryCatch(suppressWarnings(getSrcLines(srcfile,|...
          named_call_  2 [ _ error ]
     45   [ <?> ] Type#5
     50   ret_  

[Prom (index 0)]
0:
      0   ldfun_  suppressWarnings
      5   [ 0, <0>, valid  ] Call#1
     10   mk_promise_  0
     15   ; suppressWarnings(getSrcLines(srcfile, showfrom|...
          call_  1
     32   [ <?> ] Type#4
     37   ret_  

[Prom (index 0.0)]
0:
      0   ldfun_  getSrcLines
      5   [ 0, <0>, valid  ] Call#2
     10   mk_promise_  0
     15   mk_promise_  1
     20   mk_promise_  2
     25   ; getSrcLines(srcfile, showfrom, showto)
          call_  3
     42   [ <?> ] Type#3
     47   ret_  

[Prom (index 0.0.0)]
0:
      0   ldvar_  srcfile
      5   [ <?> ] Type#0
     10   ret_  

[Prom (index 0.0.1)]
0:
      0   ldvar_  showfrom
      5   [ <?> ] Type#1
     10   ret_  

[Prom (index 0.0.2)]
0:
      0   ldvar_  showto
      5   [ <?> ] Type#2
     10   ret_  

[Prom (index 1)]
0:
      0   push_  <lst e=R_MissingArg>
      5   push_  <(rir::DispatchTable*)0x55c005aab740>
     10   push_  NULL
     15   close_  
     16   ret_  

== closure 0x55c004a6caf0 (env 0x55c0047c5fd0) ==
== dispatch table 0x55c005987970 ==
= version 0 (0x55c005dc5458) =
[sigature] needsEnv 
[flags]    
[stats]    invoked: 0, deopt: 0
0:
      0   push_  <blt is.logical>
      5   dup_  
      6   ldvar_noforce_  is.logical
     11   identical_noforce_  
     12   [ _ ] Test#0
     17   brtrue_  1
     22   pop_  
     23   ldfun_  is.logical
     28   [ 0, <0>, valid  ] Call#0
     33   mk_promise_  0
     38   ; is.logical(x)
          call_  1
     55   br_  2
1:
     60   ldvar_cached_  x{0}
     69   [ <?> ] Type#1
     74   ; is.logical(x)
          call_  1
2:
     91   [ <?> ] Type#2
     96   ; is.logical(x)
          aslogical_  
     97   dup_  
     98   brfalse_  5
    103   push_  <blt length>
    108   dup_  
    109   ldvar_noforce_  length
    114   identical_noforce_  
    115   [ _ ] Test#1
    120   brtrue_  3
    125   pop_  
    126   ldfun_  length
    131   [ 0, <0>, valid  ] Call#1
    136   mk_promise_  1
    141   ; length(x)
          call_  1
    158   br_  4
3:
    163   ldvar_cached_  x{0}
    172   ; length(x)
          call_  1
4:
    189   [ <?> ] Type#5
    194   push_  1L
    199   visible_  
    200   ; ==(length(x), 1L)
          eq_  
    201   [ <?> ] Type#6
    206   ; ==(length(x), 1L)
          aslogical_  
    207   lgl_and_  
5:
    208   ; &&(is.logical(x), ==(length(x), 1L))
          aslogical_  
    209   dup_  
    210   brfalse_  8
    215   push_  <blt is.na>
    220   dup_  
    221   ldvar_noforce_  is.na
    226   identical_noforce_  
    227   [ _ ] Test#2
    232   brtrue_  6
    237   pop_  
    238   ldfun_  is.na
    243   [ 0, <0>, valid  ] Call#2
    248   mk_promise_  2
    253   ; is.na(x)
          call_  1
    270   br_  7
6:
    275   ldvar_cached_  x{0}
    284   ; is.na(x)
          call_  1
7:
    301   [ <?> ] Type#9
    306   ; !(is.na(x))
          not_  
    307   ; !(is.na(x))
          aslogical_  
    308   lgl_and_  
8:
    309   ; &&(&&(is.logical(x), ==(length(x), 1L)), !(is.|...
          aslogical_  
    310   dup_  
    311   brfalse_  9
    316   ldvar_cached_  x{0}
    325   ; x
          aslogical_  
    326   lgl_and_  
9:
    327   ret_  

[Prom (index 0)]
0:
      0   ldvar_  x
      5   [ <?> ] Type#0
     10   ret_  

[Prom (index 1)]
0:
      0   ldvar_  x
      5   [ <?> ] Type#3
     10   ret_  

[Prom (index 2)]
0:
      0   ldvar_  x
      5   [ <?> ] Type#7
     10   ret_  

NoRecord Type#4 (dep: #1)
NoRecord Type#8 (dep: #1)
NoRecord Type#10 (dep: #1)
== closure 0x55c004a6fa08 (env 0x55c0047c5fd0) ==
== dispatch table 0x55c0065a8b90 ==
= version 0 (0x55c005dc5668) =
[sigature] needsEnv 
[flags]    
[stats]    invoked: 0, deopt: 0
0:
      0   push_  <blt is.logical>
      5   dup_  
      6   ldvar_noforce_  is.logical
     11   identical_noforce_  
     12   [ _ ] Test#0
     17   brtrue_  1
     22   pop_  
     23   ldfun_  is.logical
     28   [ 0, <0>, valid  ] Call#0
     33   mk_promise_  0
     38   ; is.logical(x)
          call_  1
     55   br_  2
1:
     60   ldvar_cached_  x{0}
     69   [ <?> ] Type#1
     74   ; is.logical(x)
          call_  1
2:
     91   [ <?> ] Type#2
     96   ; is.logical(x)
          aslogical_  
     97   dup_  
     98   brfalse_  5
    103   push_  <blt length>
    108   dup_  
    109   ldvar_noforce_  length
    114   identical_noforce_  
    115   [ _ ] Test#1
    120   brtrue_  3
    125   pop_  
    126   ldfun_  length
    131   [ 0, <0>, valid  ] Call#1
    136   mk_promise_  1
    141   ; length(x)
          call_  1
    158   br_  4
3:
    163   ldvar_cached_  x{0}
    172   ; length(x)
          call_  1
4:
    189   [ <?> ] Type#5
    194   push_  1L
    199   visible_  
    200   ; ==(length(x), 1L)
          eq_  
    201   [ <?> ] Type#6
    206   ; ==(length(x), 1L)
          aslogical_  
    207   lgl_and_  
5:
    208   ; &&(is.logical(x), ==(length(x), 1L))
          aslogical_  
    209   dup_  
    210   brfalse_  8
    215   push_  <blt is.na>
    220   dup_  
    221   ldvar_noforce_  is.na
    226   identical_noforce_  
    227   [ _ ] Test#2
    232   brtrue_  6
    237   pop_  
    238   ldfun_  is.na
    243   [ 0, <0>, valid  ] Call#2
    248   mk_promise_  2
    253   ; is.na(x)
          call_  1
    270   br_  7
6:
    275   ldvar_cached_  x{0}
    284   ; is.na(x)
          call_  1
7:
    301   [ <?> ] Type#9
    306   ; !(is.na(x))
          not_  
    307   ; !(is.na(x))
          aslogical_  
    308   lgl_and_  
8:
    309   ; &&(&&(is.logical(x), ==(length(x), 1L)), !(is.|...
          aslogical_  
    310   dup_  
    311   brfalse_  9
    316   ldvar_cached_  x{0}
    325   ; !(x)
          not_  
    326   ; !(x)
          aslogical_  
    327   lgl_and_  
9:
    328   ret_  

[Prom (index 0)]
0:
      0   ldvar_  x
      5   [ <?> ] Type#0
     10   ret_  

[Prom (index 1)]
0:
      0   ldvar_  x
      5   [ <?> ] Type#3
     10   ret_  

[Prom (index 2)]
0:
      0   ldvar_  x
      5   [ <?> ] Type#7
     10   ret_  

NoRecord Type#4 (dep: #1)
NoRecord Type#8 (dep: #1)
NoRecord Type#10 (dep: #1)
== closure 0x55c004a75348 (env 0x55c0047c5fd0) ==
== dispatch table 0x55c0050bac70 ==
= version 0 (0x55c005dc5b38) =
[sigature] needsEnv 
[flags]    
[stats]    invoked: 0, deopt: 0
0:
      0   missing_  default
      5   visible_  
      6   asbool_  
      7   brtrue_  3
     12   ldvar_cached_  x{1}
     21   [ <?> ] Type#0
     26   call_builtin_  1 : <blt getOption>
     39   stvar_cached_  ans{2}
     48   ldvar_cached_  ans{2}
     57   is_  NULL
     62   asbool_  
     63   brtrue_  1
     68   ldvar_cached_  ans{2}
     77   [ <?> ] Type#2
     82   br_  2
1:
     87   ldvar_cached_  default{0}
     96   [ <?> ] Type#3
2:
    101   br_  4
3:
    106   ldvar_cached_  x{1}
    115   [ <?> ] Type#4
    120   call_builtin_  1 : <blt getOption>
4:
    133   ret_  

NoRecord Type#1 (dep: #0)
== closure 0x55c004acb0d0 (env 0x55c0047c5fd0) ==
== dispatch table 0x55c004b4ee10 ==
= version 0 (0x55c005dc5c98) =
[sigature] needsEnv 
[flags]    
[stats]    invoked: 0, deopt: 0
0:
      0   ldfun_  list
      5   [ 0, <0>, valid  ] Call#1
     10   push_  RIR_ExpandDotsTrigger
     15   call_dots_  1 [ .xpandDotsTrigger ]
     36   [ <?> ] Type#3
     41   ldvar_cached_  fsep{1}
     50   [ <?> ] Type#4
     55   call_builtin_  2 : <blt file.path>
     68   ret_  

== closure 0x55c004a8cda8 (env 0x55c0047c5fd0) ==
== dispatch table 0x55c004b4eb80 ==
= version 0 (0x55c005e9bc80) =
[sigature] needsEnv 
[flags]    
[stats]    invoked: 0, deopt: 0
0:
      0   ldfun_  list
      5   [ 0, <0>, valid  ] Call#0
     10   push_  RIR_ExpandDotsTrigger
     15   call_dots_  1 [ .xpandDotsTrigger ]
     36   [ <?> ] Type#0
     41   ldvar_cached_  sep{1}
     50   [ <?> ] Type#1
     55   ldvar_cached_  collapse{2}
     64   [ <?> ] Type#2
     69   ldvar_cached_  recycle0{3}
     78   [ <?> ] Type#3
     83   call_builtin_  4 : <blt paste>
     96   ret_  

== closure 0x55c0065b48d8 (env 0x55c0047c5fd0) ==
== dispatch table 0x55c0065a6620 ==
= version 0 (0x55c005d91518) =
[sigature] needsEnv 
[flags]    
[stats]    invoked: 0, deopt: 0
0:
      0   push_  <blt is.character>
      5   dup_  
      6   ldvar_noforce_  is.character
     11   identical_noforce_  
     12   [ _ ] Test#0
     17   brtrue_  1
     22   pop_  
     23   ldfun_  is.character
     28   [ 0, <0>, valid  ] Call#0
     33   mk_promise_  0
     38   ; is.character(x)
          call_  1
     55   br_  2
1:
     60   ldvar_cached_  x{0}
     69   [ <?> ] Type#1
     74   ; is.character(x)
          call_  1
2:
     91   [ <?> ] Type#2
     96   ; !(is.character(x))
          not_  
     97   asbool_  
     98   brtrue_  3
    103   br_  6
3:
    108   push_  <blt as.character>
    113   dup_  
    114   ldvar_noforce_  as.character
    119   identical_noforce_  
    120   [ _ ] Test#1
    125   brtrue_  4
    130   pop_  
    131   ldfun_  as.character
    136   [ 0, <0>, valid  ] Call#1
    141   mk_promise_  1
    146   ; as.character(x)
          call_  1
    163   br_  5
4:
    168   ldvar_cached_  x{0}
    177   [ <?> ] Type#4
    182   ; as.character(x)
          call_  1
5:
    199   [ <?> ] Type#5
    204   stvar_cached_  x{0}
6:
    213   ldvar_cached_  x{0}
    222   [ <?> ] Type#6
    227   call_builtin_  1 : <blt tolower>
    240   ret_  

[Prom (index 0)]
0:
      0   ldvar_  x
      5   [ <?> ] Type#0
     10   ret_  

[Prom (index 1)]
0:
      0   ldvar_  x
      5   [ <?> ] Type#3
     10   ret_  

== closure 0x55c004a7a610 (env 0x55c0047c5fd0) ==
== dispatch table 0x55c005988590 ==
= version 0 (0x55c0059884a0) =
[sigature] needsEnv 
[flags]    
[stats]    invoked: 0, deopt: 0
0:
      0   ldvar_cached_  x{0}
      9   [ <?> ] Type#0
     14   ldvar_cached_  y{1}
     23   [ <?> ] Type#1
     28   ldvar_cached_  num.eq{2}
     37   [ <?> ] Type#2
     42   ldvar_cached_  single.NA{3}
     51   [ <?> ] Type#3
     56   ldvar_cached_  attrib.as.set{4}
     65   [ <?> ] Type#4
     70   ldvar_cached_  ignore.bytecode{5}
     79   [ <?> ] Type#5
     84   ldvar_cached_  ignore.environment{6}
     93   [ <?> ] Type#6
     98   ldvar_cached_  ignore.srcref{7}
    107   [ <?> ] Type#7
    112   call_builtin_  8 : <blt identical>
    125   ret_  

== closure 0x55c004b61958 (env 0x55c0047c5fd0) ==
== dispatch table 0x55c0065b1020 ==
= version 0 (0x55c005e6d2b0) =
[sigature] needsEnv 
[flags]    
[stats]    invoked: 0, deopt: 0
0:
      0   ldvar_cached_  description{0}
      9   [ <?> ] Type#2
     14   ldvar_cached_  open{1}
     23   [ <?> ] Type#3
     28   ldvar_cached_  blocking{2}
     37   [ <?> ] Type#4
     42   ldvar_cached_  encoding{3}
     51   [ <?> ] Type#5
     56   ldvar_cached_  method{4}
     65   [ <?> ] Type#6
     70   ldvar_cached_  raw{5}
     79   [ <?> ] Type#7
     84   call_builtin_  6 : <blt file>
     97   ret_  

== closure 0x55c0065bcea0 (env 0x55c0058f7d28) ==
== dispatch table 0x55c0065f8e40 ==
= version 0 (0x55c005d922d8) =
[sigature] needsEnv 
[flags]    
[stats]    invoked: 0, deopt: 0
0:
      0   push_  <lst en=R_MissingArg>
      5   push_  <(rir::DispatchTable*)0x55c0065f6d00>
     10   push_  NULL
     15   close_  
     16   stvar_cached_  guess{0}
     25   ldfun_  %in%
     30   [ 0, <0>, valid  ] Call#1
     35   mk_promise_  0
     40   mk_promise_  1
     45   ; %in%(locale, c("C", "POSIX"))
          call_  2
     62   [ <?> ] Type#3
     67   asbool_  
     68   brtrue_  1
     73   br_  2
1:
     78   push_  "ASCII"
     83   visible_  
     84   ret_  
2:
     85   ldfun_  $
     90   [ 0, <0>, valid  ] Call#3
     95   mk_promise_  2
    100   mk_promise_  3
    105   ; $(.Platform, OS.type)
          call_  2
    122   [ <?> ] Type#6
    127   push_  "windows"
    132   visible_  
    133   ; ==($(.Platform, OS.type), "windows")
          eq_  
    134   [ <?> ] Type#7
    139   asbool_  
    140   brtrue_  59
    145   ldfun_  strsplit
    150   [ 0, <0>, valid  ] Call#4
    155   mk_promise_  4
    160   push_  "."
    165   push_  TRUE
    170   ; strsplit(locale, ".", fixed=TRUE)
          named_call_  3 [ _ _ fixed ]
    199   [ <?> ] Type#9
    204   dup_  
    205   is_  NonObject
    210   [ _ ] Test#0
    215   brfalse_  3
    220   br_  4
3:
    225   push_  1L
    230   br_  5
4:
    235   push_  1L
    240   visible_  
5:
    241   ; [[(strsplit(locale, ".", fixed=TRUE), 1L)
          extract2_1_  
    242   [ <?> ] Type#10
    247   visible_  
    248   stvar_cached_  x{5}
    257   push_  <blt length>
    262   dup_  
    263   ldvar_noforce_  length
    268   identical_noforce_  
    269   [ _ ] Test#1
    274   brtrue_  6
    279   pop_  
    280   ldfun_  length
    285   [ 0, <0>, valid  ] Call#5
    290   mk_promise_  5
    295   ; length(x)
          call_  1
    312   br_  7
6:
    317   ldvar_cached_  x{5}
    326   ; length(x)
          call_  1
7:
    343   [ <?> ] Type#13
    348   push_  2
    353   visible_  
    354   ; ==(length(x), 2)
          eq_  
    355   [ <?> ] Type#14
    360   asbool_  
    361   brtrue_  8
    366   push_  ""
    371   visible_  
    372   br_  9
8:
    377   ldfun_  gsub
    382   [ 0, <0>, valid  ] Call#6
    387   push_  "@.*$o"
    392   push_  ""
    397   mk_promise_  6
    402   ; gsub("@.*$o", "", [(x, 2L))
          call_  3
    419   [ <?> ] Type#17
9:
    424   stvar_cached_  enc{6}
    433   ldfun_  toupper
    438   [ 0, <0>, valid  ] Call#7
    443   mk_promise_  7
    448   ; toupper(enc)
          call_  1
    465   [ <?> ] Type#19
    470   push_  "UTF-8"
    475   visible_  
    476   ; ==(toupper(enc), "UTF-8")
          eq_  
    477   [ <?> ] Type#20
    482   asbool_  
    483   brtrue_  10
    488   br_  11
10:
    493   push_  "utf8"
    498   visible_  
    499   stvar_cached_  enc{6}
11:
    508   push_  <blt nzchar>
    513   dup_  
    514   ldvar_noforce_  nzchar
    519   identical_noforce_  
    520   [ _ ] Test#3
    525   brtrue_  12
    530   pop_  
    531   ldfun_  nzchar
    536   [ 0, <0>, valid  ] Call#8
    541   mk_promise_  8
    546   ; nzchar(enc)
          call_  1
    563   br_  13
12:
    568   ldvar_cached_  enc{6}
    577   [ <?> ] Type#22
    582   ; nzchar(enc)
          call_  1
13:
    599   [ <?> ] Type#23
    604   ; nzchar(enc)
          aslogical_  
    605   dup_  
    606   brfalse_  14
    611   ldvar_cached_  enc{6}
    620   push_  "utf8"
    625   visible_  
    626   ; !=(enc, "utf8")
          ne_  
    627   [ <?> ] Type#25
    632   ; !=(enc, "utf8")
          aslogical_  
    633   lgl_and_  
14:
    634   asbool_  
    635   brtrue_  15
    640   br_  49
15:
    645   ldfun_  tolower
    650   [ 0, <0>, valid  ] Call#9
    655   mk_promise_  9
    660   ; tolower(enc)
          call_  1
    677   [ <?> ] Type#27
    682   stvar_cached_  enc{6}
    691   push_  <blt c>
    696   dup_  
    697   ldvar_noforce_  c
    702   identical_noforce_  
    703   [ _ ] Test#4
    708   brtrue_  16
    713   pop_  
    714   ldfun_  c
    719   [ 0, <0>, valid  ] Call#10
    724   push_  "ISO8859-1"
    729   push_  "ISO8859-2"
    734   push_  "ISO8859-3"
    739   push_  "ISO8859-6"
    744   push_  "ISO8859-7"
    749   push_  "ISO8859-8"
    754   push_  "ISO8859-9"
    759   push_  "ISO8859-10"
    764   push_  "ISO8859-13"
    769   push_  "ISO8859-14"
    774   push_  "ISO8859-15"
    779   push_  "CP1251"
    784   push_  "CP1255"
    789   push_  "EUC-JP"
    794   push_  "EUC-KR"
    799   push_  "EUC-TW"
    804   push_  "GEORGIAN-PS"
    809   push_  "KOI8-R"
    814   push_  "KOI8-U"
    819   push_  "TCVN"
    824   push_  "BIG5"
    829   push_  "GB2312"
    834   push_  "GB18030"
    839   push_  "GBK"
    844   push_  "TIS-620"
    849   push_  "SHIFT_JIS"
    854   push_  "GB2312"
    859   push_  "BIG5-HKSCS"
    864   ; c("ISO8859-1", "ISO8859-2", "ISO8859-3", "ISO8|...
          call_  28
    881   br_  17
16:
    886   push_  "ISO8859-1"
    891   visible_  
    892   push_  "ISO8859-2"
    897   visible_  
    898   push_  "ISO8859-3"
    903   visible_  
    904   push_  "ISO8859-6"
    909   visible_  
    910   push_  "ISO8859-7"
    915   visible_  
    916   push_  "ISO8859-8"
    921   visible_  
    922   push_  "ISO8859-9"
    927   visible_  
    928   push_  "ISO8859-10"
    933   visible_  
    934   push_  "ISO8859-13"
    939   visible_  
    940   push_  "ISO8859-14"
    945   visible_  
    946   push_  "ISO8859-15"
    951   visible_  
    952   push_  "CP1251"
    957   visible_  
    958   push_  "CP1255"
    963   visible_  
    964   push_  "EUC-JP"
    969   visible_  
    970   push_  "EUC-KR"
    975   visible_  
    976   push_  "EUC-TW"
    981   visible_  
    982   push_  "GEORGIAN-PS"
    987   visible_  
    988   push_  "KOI8-R"
    993   visible_  
    994   push_  "KOI8-U"
    999   visible_  
   1000   push_  "TCVN"
   1005   visible_  
   1006   push_  "BIG5"
   1011   visible_  
   1012   push_  "GB2312"
   1017   visible_  
   1018   push_  "GB18030"
   1023   visible_  
   1024   push_  "GBK"
   1029   visible_  
   1030   push_  "TIS-620"
   1035   visible_  
   1036   push_  "SHIFT_JIS"
   1041   visible_  
   1042   push_  "GB2312"
   1047   visible_  
   1048   push_  "BIG5-HKSCS"
   1053   visible_  
   1054   ; c("ISO8859-1", "ISO8859-2", "ISO8859-3", "ISO8|...
          call_  28
17:
   1071   [ <?> ] Type#28
   1076   stvar_cached_  known{7}
   1085   push_  <blt c>
   1090   dup_  
   1091   ldvar_noforce_  c
   1096   identical_noforce_  
   1097   [ _ ] Test#5
   1102   brtrue_  18
   1107   pop_  
   1108   ldfun_  c
   1113   [ 0, <0>, valid  ] Call#11
   1118   push_  "iso88591"
   1123   push_  "iso88592"
   1128   push_  "iso88593"
   1133   push_  "iso88596"
   1138   push_  "iso88597"
   1143   push_  "iso88598"
   1148   push_  "iso88599"
   1153   push_  "iso885910"
   1158   push_  "iso885913"
   1163   push_  "iso885914"
   1168   push_  "iso885915"
   1173   push_  "cp1251"
   1178   push_  "cp1255"
   1183   push_  "eucjp"
   1188   push_  "euckr"
   1193   push_  "euctw"
   1198   push_  "georgianps"
   1203   push_  "koi8r"
   1208   push_  "koi8u"
   1213   push_  "tcvn"
   1218   push_  "big5"
   1223   push_  "gb2312"
   1228   push_  "gb18030"
   1233   push_  "gbk"
   1238   push_  "tis-620"
   1243   push_  "sjis"
   1248   push_  "eucn"
   1253   push_  "big5-hkscs"
   1258   ; c("iso88591", "iso88592", "iso88593", "iso8859|...
          call_  28
   1275   br_  19
18:
   1280   push_  "iso88591"
   1285   visible_  
   1286   push_  "iso88592"
   1291   visible_  
   1292   push_  "iso88593"
   1297   visible_  
   1298   push_  "iso88596"
   1303   visible_  
   1304   push_  "iso88597"
   1309   visible_  
   1310   push_  "iso88598"
   1315   visible_  
   1316   push_  "iso88599"
   1321   visible_  
   1322   push_  "iso885910"
   1327   visible_  
   1328   push_  "iso885913"
   1333   visible_  
   1334   push_  "iso885914"
   1339   visible_  
   1340   push_  "iso885915"
   1345   visible_  
   1346   push_  "cp1251"
   1351   visible_  
   1352   push_  "cp1255"
   1357   visible_  
   1358   push_  "eucjp"
   1363   visible_  
   1364   push_  "euckr"
   1369   visible_  
   1370   push_  "euctw"
   1375   visible_  
   1376   push_  "georgianps"
   1381   visible_  
   1382   push_  "koi8r"
   1387   visible_  
   1388   push_  "koi8u"
   1393   visible_  
   1394   push_  "tcvn"
   1399   visible_  
   1400   push_  "big5"
   1405   visible_  
   1406   push_  "gb2312"
   1411   visible_  
   1412   push_  "gb18030"
   1417   visible_  
   1418   push_  "gbk"
   1423   visible_  
   1424   push_  "tis-620"
   1429   visible_  
   1430   push_  "sjis"
   1435   visible_  
   1436   push_  "eucn"
   1441   visible_  
   1442   push_  "big5-hkscs"
   1447   visible_  
   1448   ; c("iso88591", "iso88592", "iso88593", "iso8859|...
          call_  28
19:
   1465   [ <?> ] Type#29
   1470   ldfun_  names<-
   1475   [ 0, <0>, valid  ] Call#12
   1480   ldvar_cached_  known{7}
   1489   pick_  2
   1494   mk_eager_promise_  a
   1499   ; names<-(known, value=c("iso88591", "iso88592",|...
          named_call_  2 [ _ value ]
   1524   stvar_cached_  known{7}
   1533   ldfun_  grepl
   1538   [ 0, <0>, valid  ] Call#13
   1543   push_  "darwin"
   1548   mk_promise_  b
   1553   ; grepl("darwin", $(R.version, os))
          call_  2
   1570   [ <?> ] Type#34
   1575   asbool_  
   1576   brtrue_  20
   1581   br_  27
20:
   1586   push_  <blt c>
   1591   dup_  
   1592   ldvar_noforce_  c
   1597   identical_noforce_  
   1598   [ _ ] Test#6
   1603   brtrue_  21
   1608   pop_  
   1609   ldfun_  c
   1614   [ 0, <0>, valid  ] Call#15
   1619   mk_promise_  c
   1624   push_  "ISO8859-1"
   1629   push_  "ISO8859-2"
   1634   push_  "ISO8859-4"
   1639   push_  "ISO8859-7"
   1644   push_  "ISO8859-9"
   1649   push_  "ISO8859-13"
   1654   push_  "ISO8859-15"
   1659   push_  "KOI8-U"
   1664   push_  "KOI8-R"
   1669   push_  "PT154"
   1674   push_  "ASCII"
   1679   push_  "ARMSCII-8"
   1684   push_  "ISCII-DEV"
   1689   push_  "BIG5-HKCSC"
   1694   ; c(known, "ISO8859-1", "ISO8859-2", "ISO8859-4"|...
          call_  15
   1711   br_  22
21:
   1716   ldvar_cached_  known{7}
   1725   [ <?> ] Type#36
   1730   push_  "ISO8859-1"
   1735   visible_  
   1736   push_  "ISO8859-2"
   1741   visible_  
   1742   push_  "ISO8859-4"
   1747   visible_  
   1748   push_  "ISO8859-7"
   1753   visible_  
   1754   push_  "ISO8859-9"
   1759   visible_  
   1760   push_  "ISO8859-13"
   1765   visible_  
   1766   push_  "ISO8859-15"
   1771   visible_  
   1772   push_  "KOI8-U"
   1777   visible_  
   1778   push_  "KOI8-R"
   1783   visible_  
   1784   push_  "PT154"
   1789   visible_  
   1790   push_  "ASCII"
   1795   visible_  
   1796   push_  "ARMSCII-8"
   1801   visible_  
   1802   push_  "ISCII-DEV"
   1807   visible_  
   1808   push_  "BIG5-HKCSC"
   1813   visible_  
   1814   ; c(known, "ISO8859-1", "ISO8859-2", "ISO8859-4"|...
          call_  15
22:
   1831   [ <?> ] Type#37
   1836   stvar_cached_  k{10}
   1845   push_  <blt c>
   1850   dup_  
   1851   ldvar_noforce_  c
   1856   identical_noforce_  
   1857   [ _ ] Test#7
   1862   brtrue_  23
   1867   pop_  
   1868   ldfun_  c
   1873   [ 0, <0>, valid  ] Call#16
   1878   mk_promise_  d
   1883   push_  "iso8859-1"
   1888   push_  "iso8859-2"
   1893   push_  "iso8859-4"
   1898   push_  "iso8859-7"
   1903   push_  "iso8859-9"
   1908   push_  "iso8859-13"
   1913   push_  "iso8859-15"
   1918   push_  "koi8-u"
   1923   push_  "koi8-r"
   1928   push_  "pt154"
   1933   push_  "us-ascii"
   1938   push_  "armscii-8"
   1943   push_  "iscii-dev"
   1948   push_  "big5hkscs"
   1953   ; c(names(known), "iso8859-1", "iso8859-2", "iso|...
          call_  15
   1970   br_  26
23:
   1975   push_  <blt names>
   1980   dup_  
   1981   ldvar_noforce_  names
   1986   identical_noforce_  
   1987   [ _ ] Test#8
   1992   brtrue_  24
   1997   pop_  
   1998   ldfun_  names
   2003   [ 0, <0>, valid  ] Call#18
   2008   mk_promise_  e
   2013   ; names(known)
          call_  1
   2030   br_  25
24:
   2035   ldvar_cached_  known{7}
   2044   ; names(known)
          call_  1
25:
   2061   [ <?> ] Type#42
   2066   push_  "iso8859-1"
   2071   visible_  
   2072   push_  "iso8859-2"
   2077   visible_  
   2078   push_  "iso8859-4"
   2083   visible_  
   2084   push_  "iso8859-7"
   2089   visible_  
   2090   push_  "iso8859-9"
   2095   visible_  
   2096   push_  "iso8859-13"
   2101   visible_  
   2102   push_  "iso8859-15"
   2107   visible_  
   2108   push_  "koi8-u"
   2113   visible_  
   2114   push_  "koi8-r"
   2119   visible_  
   2120   push_  "pt154"
   2125   visible_  
   2126   push_  "us-ascii"
   2131   visible_  
   2132   push_  "armscii-8"
   2137   visible_  
   2138   push_  "iscii-dev"
   2143   visible_  
   2144   push_  "big5hkscs"
   2149   visible_  
   2150   ; c(names(known), "iso8859-1", "iso8859-2", "iso|...
          call_  15
26:
   2167   [ <?> ] Type#43
   2172   ldfun_  names<-
   2177   [ 0, <0>, valid  ] Call#19
   2182   ldvar_cached_  k{10}
   2191   pick_  2
   2196   mk_eager_promise_  f
   2201   ; names<-(k, value=c(names(known), "iso8859-1", |...
          named_call_  2 [ _ value ]
   2226   stvar_cached_  k{10}
   2235   ldvar_cached_  k{10}
   2244   stvar_cached_  known{7}
27:
   2253   ldfun_  %in%
   2258   [ 0, <0>, valid  ] Call#20
   2263   mk_promise_  10
   2268   mk_promise_  11
   2273   ; %in%(enc, names(known))
          call_  2
   2290   [ <?> ] Type#49
   2295   asbool_  
   2296   brtrue_  28
   2301   br_  29
28:
   2306   ldfun_  unname
   2311   [ 0, <0>, valid  ] Call#22
   2316   mk_promise_  12
   2321   ; unname([(known, enc))
          call_  1
   2338   [ <?> ] Type#54
   2343   ret_  
29:
   2344   push_  <blt length>
   2349   dup_  
   2350   ldvar_noforce_  length
   2355   identical_noforce_  
   2356   [ _ ] Test#10
   2361   brtrue_  30
   2366   pop_  
   2367   ldfun_  length
   2372   [ 0, <0>, valid  ] Call#23
   2377   mk_promise_  13
   2382   ; length(grep("^cp-", enc))
          call_  1
   2399   br_  31
30:
   2404   ldfun_  grep
   2409   [ 0, <0>, valid  ] Call#25
   2414   push_  "^cp-"
   2419   mk_promise_  14
   2424   ; grep("^cp-", enc)
          call_  2
   2441   [ <?> ] Type#58
   2446   ; length(grep("^cp-", enc))
          call_  1
31:
   2463   [ <?> ] Type#59
   2468   asbool_  
   2469   brtrue_  32
   2474   br_  33
32:
   2479   ldfun_  sub
   2484   [ 0, <0>, valid  ] Call#26
   2489   push_  "cp-([0-9]+)"
   2494   push_  "CP\1"
   2499   mk_promise_  15
   2504   ; sub("cp-([0-9]+)", "CP\1", enc)
          call_  3
   2521   [ <?> ] Type#61
   2526   ret_  
33:
   2527   ldvar_cached_  enc{6}
   2536   [ <?> ] Type#62
   2541   push_  "EUC"
   2546   visible_  
   2547   ; ==(enc, "EUC")
          eq_  
   2548   [ <?> ] Type#63
   2553   asbool_  
   2554   brtrue_  34
   2559   br_  49
34:
   2564   push_  <blt length>
   2569   dup_  
   2570   ldvar_noforce_  length
   2575   identical_noforce_  
   2576   [ _ ] Test#11
   2581   brtrue_  35
   2586   pop_  
   2587   ldfun_  length
   2592   [ 0, <0>, valid  ] Call#27
   2597   mk_promise_  16
   2602   ; length(grep("^[[:alpha:]]{2}_", [(x, 1L), perl|...
          call_  1
   2619   br_  36
35:
   2624   ldfun_  grep
   2629   [ 0, <0>, valid  ] Call#29
   2634   push_  "^[[:alpha:]]{2}_"
   2639   mk_promise_  17
   2644   push_  TRUE
   2649   ; grep("^[[:alpha:]]{2}_", [(x, 1L), perl=TRUE)
          named_call_  3 [ _ _ perl ]
   2678   [ <?> ] Type#69
   2683   ; length(grep("^[[:alpha:]]{2}_", [(x, 1L), perl|...
          call_  1
36:
   2700   [ <?> ] Type#70
   2705   asbool_  
   2706   brtrue_  37
   2711   br_  49
37:
   2716   ldfun_  substr
   2721   [ 0, <0>, valid  ] Call#30
   2726   mk_promise_  18
   2731   push_  1L
   2736   push_  2L
   2741   ; substr([(x, 1L), 1L, 2L)
          call_  3
   2758   [ <?> ] Type#73
   2763   stvar_cached_  ll{11}
   2772   ldvar_cached_  ll{11}
   2781   dup_  
   2782   is_  Vector
   2787   [ _ ] Test#15
   2792   brtrue_  38
   2797   br_  39
38:
   2802   dup_  
   2803   length_  
   2804   push_  1L
   2809   ; NULL
          eq_  
   2810   [ _ ] Test#16
   2815   brtrue_  40
39:
   2820   push_  TRUE
   2825   push_  "EXPR must be a length 1 vector"
   2830   call_builtin_  2 : <blt stop>
   2843   return_  
40:
   2844   dup_  
   2845   is_  Factor
   2850   [ _ ] Test#17
   2855   brfalse_  41
   2860   push_  TRUE
   2865   push_  FALSE
   2870   push_  FALSE
   2875   push_  "EXPR is a "factor", treated as integer.
 Cons|...
   2880   call_builtin_  4 : <blt warning>
   2893   pop_  
41:
   2894   dup_  
   2895   is_  character
   2900   [ _ ] Test#18
   2905   brtrue_  42
   2910   as_switch_idx_  
   2911   dup_  
   2912   push_  1L
   2917   ; NULL
          eq_  
   2918   asbool_  
   2919   [ _ ] Test#19
   2924   brtrue_  44
   2929   dup_  
   2930   push_  2L
   2935   ; NULL
          eq_  
   2936   asbool_  
   2937   [ _ ] Test#20
   2942   brtrue_  45
   2947   dup_  
   2948   push_  3L
   2953   ; NULL
          eq_  
   2954   asbool_  
   2955   [ _ ] Test#21
   2960   brtrue_  46
   2965   br_  47
42:
   2970   dup_  
   2971   call_builtin_  1 : <blt is.na>
   2984   asbool_  
   2985   [ _ ] Test#22
   2990   brfalse_  43
   2995   pop_  
   2996   push_  "NA"
43:
   3001   dup_  
   3002   push_  jp
   3007   ; NULL
          eq_  
   3008   asbool_  
   3009   [ _ ] Test#23
   3014   brtrue_  44
   3019   dup_  
   3020   push_  kr
   3025   ; NULL
          eq_  
   3026   asbool_  
   3027   [ _ ] Test#24
   3032   brtrue_  45
   3037   dup_  
   3038   push_  zh
   3043   ; NULL
          eq_  
   3044   asbool_  
   3045   [ _ ] Test#25
   3050   brtrue_  46
   3055   br_  47
44:
   3060   pop_  
   3061   push_  "EUC-JP"
   3066   visible_  
   3067   br_  48
45:
   3072   pop_  
   3073   push_  "EUC-KR"
   3078   visible_  
   3079   br_  48
46:
   3084   pop_  
   3085   push_  "GB2312"
   3090   visible_  
   3091   br_  48
47:
   3096   pop_  
   3097   push_  NULL
48:
   3102   ret_  
49:
   3103   ldfun_  grepl
   3108   [ 0, <0>, valid  ] Call#31
   3113   push_  "darwin"
   3118   mk_promise_  19
   3123   ; grepl("darwin", $(R.version, os))
          call_  2
   3140   [ <?> ] Type#78
   3145   asbool_  
   3146   brtrue_  50
   3151   br_  51
50:
   3156   push_  "UTF-8"
   3161   visible_  
   3162   ret_  
51:
   3163   push_  <blt length>
   3168   dup_  
   3169   ldvar_noforce_  length
   3174   identical_noforce_  
   3175   [ _ ] Test#26
   3180   brtrue_  52
   3185   pop_  
   3186   ldfun_  length
   3191   [ 0, <0>, valid  ] Call#33
   3196   mk_promise_  1a
   3201   ; length(grep("^[[:alpha:]]{2}_", [(x, 1L), perl|...
          call_  1
   3218   br_  53
52:
   3223   ldfun_  grep
   3228   [ 0, <0>, valid  ] Call#35
   3233   push_  "^[[:alpha:]]{2}_"
   3238   mk_promise_  1b
   3243   push_  TRUE
   3248   ; grep("^[[:alpha:]]{2}_", [(x, 1L), perl=TRUE)
          named_call_  3 [ _ _ perl ]
   3277   [ <?> ] Type#84
   3282   ; length(grep("^[[:alpha:]]{2}_", [(x, 1L), perl|...
          call_  1
53:
   3299   [ <?> ] Type#85
   3304   asbool_  
   3305   brtrue_  54
   3310   br_  58
54:
   3315   ldfun_  substr
   3320   [ 0, <0>, valid  ] Call#36
   3325   mk_promise_  1c
   3330   push_  1L
   3335   push_  2L
   3340   ; substr([(x, 1L), 1L, 2L)
          call_  3
   3357   [ <?> ] Type#88
   3362   stvar_cached_  ll{11}
   3371   ldvar_cached_  enc{6}
   3380   [ <?> ] Type#89
   3385   push_  "utf8"
   3390   visible_  
   3391   ; ==(enc, "utf8")
          eq_  
   3392   [ <?> ] Type#90
   3397   asbool_  
   3398   brtrue_  55
   3403   ldfun_  guess
   3408   [ 0, <0>, valid  ] Call#37
   3413   mk_promise_  1d
   3418   ; guess(ll)
          call_  1
   3435   [ <?> ] Type#92
   3440   ret_  
   3441   br_  58
55:
   3446   push_  <blt c>
   3451   dup_  
   3452   ldvar_noforce_  c
   3457   identical_noforce_  
   3458   [ _ ] Test#30
   3463   brtrue_  56
   3468   pop_  
   3469   ldfun_  c
   3474   [ 0, <0>, valid  ] Call#38
   3479   push_  "UTF-8"
   3484   mk_promise_  1e
   3489   ; c("UTF-8", guess(ll))
          call_  2
   3506   br_  57
56:
   3511   push_  "UTF-8"
   3516   visible_  
   3517   ldfun_  guess
   3522   [ 0, <0>, valid  ] Call#40
   3527   mk_promise_  1f
   3532   ; guess(ll)
          call_  1
   3549   [ <?> ] Type#96
   3554   ; c("UTF-8", guess(ll))
          call_  2
57:
   3571   [ <?> ] Type#97
   3576   ret_  
58:
   3577   push_  NA
   3582   visible_  
   3583   ret_  
   3584   br_  80
59:
   3589   ldfun_  strsplit
   3594   [ 0, <0>, valid  ] Call#41
   3599   mk_promise_  20
   3604   push_  "."
   3609   push_  TRUE
   3614   ; strsplit(locale, ".", fixed=TRUE)
          named_call_  3 [ _ _ fixed ]
   3643   [ <?> ] Type#99
   3648   dup_  
   3649   is_  NonObject
   3654   [ _ ] Test#31
   3659   brfalse_  60
   3664   br_  61
60:
   3669   push_  1L
   3674   br_  62
61:
   3679   push_  1L
   3684   visible_  
62:
   3685   ; [[(strsplit(locale, ".", fixed=TRUE), 1L)
          extract2_1_  
   3686   [ <?> ] Type#100
   3691   visible_  
   3692   stvar_cached_  x{5}
   3701   push_  <blt length>
   3706   dup_  
   3707   ldvar_noforce_  length
   3712   identical_noforce_  
   3713   [ _ ] Test#32
   3718   brtrue_  63
   3723   pop_  
   3724   ldfun_  length
   3729   [ 0, <0>, valid  ] Call#42
   3734   mk_promise_  21
   3739   ; length(x)
          call_  1
   3756   br_  64
63:
   3761   ldvar_cached_  x{5}
   3770   ; length(x)
          call_  1
64:
   3787   [ <?> ] Type#103
   3792   push_  2
   3797   visible_  
   3798   ; !=(length(x), 2)
          ne_  
   3799   [ <?> ] Type#104
   3804   asbool_  
   3805   brtrue_  65
   3810   br_  66
65:
   3815   push_  NA
   3820   visible_  
   3821   ret_  
66:
   3822   ldvar_cached_  x{5}
   3831   [ <?> ] Type#105
   3836   dup_  
   3837   is_  NonObject
   3842   [ _ ] Test#33
   3847   brfalse_  67
   3852   br_  68
67:
   3857   push_  2L
   3862   br_  69
68:
   3867   push_  2L
   3872   visible_  
69:
   3873   ; [(x, 2L)
          extract1_1_  
   3874   [ <?> ] Type#106
   3879   visible_  
   3880   dup_  
   3881   is_  Vector
   3886   [ _ ] Test#34
   3891   brtrue_  70
   3896   br_  71
70:
   3901   dup_  
   3902   length_  
   3903   push_  1L
   3908   ; NULL
          eq_  
   3909   [ _ ] Test#35
   3914   brtrue_  72
71:
   3919   push_  TRUE
   3924   push_  "EXPR must be a length 1 vector"
   3929   call_builtin_  2 : <blt stop>
   3942   return_  
72:
   3943   dup_  
   3944   is_  Factor
   3949   [ _ ] Test#36
   3954   brfalse_  73
   3959   push_  TRUE
   3964   push_  FALSE
   3969   push_  FALSE
   3974   push_  "EXPR is a "factor", treated as integer.
 Cons|...
   3979   call_builtin_  4 : <blt warning>
   3992   pop_  
73:
   3993   dup_  
   3994   is_  character
   3999   [ _ ] Test#37
   4004   brtrue_  74
   4009   as_switch_idx_  
   4010   dup_  
   4011   push_  1L
   4016   ; NULL
          eq_  
   4017   asbool_  
   4018   [ _ ] Test#38
   4023   brtrue_  76
   4028   dup_  
   4029   push_  2L
   4034   ; NULL
          eq_  
   4035   asbool_  
   4036   [ _ ] Test#39
   4041   brtrue_  77
   4046   br_  78
74:
   4051   dup_  
   4052   call_builtin_  1 : <blt is.na>
   4065   asbool_  
   4066   [ _ ] Test#40
   4071   brfalse_  75
   4076   pop_  
   4077   push_  "NA"
75:
   4082   dup_  
   4083   push_  1252
   4088   ; NULL
          eq_  
   4089   asbool_  
   4090   [ _ ] Test#41
   4095   brtrue_  76
   4100   dup_  
   4101   push_  1257
   4106   ; NULL
          eq_  
   4107   asbool_  
   4108   [ _ ] Test#42
   4113   brtrue_  77
   4118   br_  78
76:
   4123   pop_  
   4124   push_  "ISO8859-1"
   4129   visible_  
   4130   ret_  
   4131   br_  79
77:
   4136   pop_  
   4137   push_  "ISO8859-13"
   4142   visible_  
   4143   ret_  
   4144   br_  79
78:
   4149   pop_  
   4150   push_  NULL
79:
   4155   pop_  
   4156   ldfun_  paste0
   4161   [ 0, <0>, valid  ] Call#43
   4166   push_  "CP"
   4171   mk_promise_  22
   4176   ; paste0("CP", [(x, 2L))
          call_  2
   4193   [ <?> ] Type#109
   4198   ret_  
80:
   4199   ret_  

[Prom (index 0)]
0:
      0   ldvar_  locale
      5   [ <?> ] Type#1
     10   ret_  

[Prom (index 1)]
0:
      0   ldfun_  c
      5   [ 0, <0>, valid  ] Call#2
     10   push_  "C"
     15   push_  "POSIX"
     20   ; c("C", "POSIX")
          call_  2
     37   [ <?> ] Type#2
     42   ret_  

[Prom (index 2)]
0:
      0   ldvar_  .Platform
      5   [ <?> ] Type#4
     10   ret_  

[Prom (index 3)]
0:
      0   ldvar_  OS.type
      5   [ <?> ] Type#5
     10   ret_  

[Prom (index 4)]
0:
      0   ldvar_  locale
      5   [ <?> ] Type#8
     10   ret_  

[Prom (index 5)]
0:
      0   ldvar_  x
      5   [ <?> ] Type#11
     10   ret_  

[Prom (index 6)]
0:
      0   ldvar_  x
      5   [ <?> ] Type#15
     10   dup_  
     11   is_  NonObject
     16   [ _ ] Test#2
     21   brfalse_  1
     26   br_  2
1:
     31   push_  2L
     36   br_  3
2:
     41   push_  2L
     46   visible_  
3:
     47   ; [(x, 2L)
          extract1_1_  
     48   [ <?> ] Type#16
     53   visible_  
     54   ret_  

[Prom (index 7)]
0:
      0   ldvar_  enc
      5   [ <?> ] Type#18
     10   ret_  

[Prom (index 8)]
0:
      0   ldvar_  enc
      5   [ <?> ] Type#21
     10   ret_  

[Prom (index 9)]
0:
      0   ldvar_  enc
      5   [ <?> ] Type#26
     10   ret_  

[Prom (index 10)]
0:
      0   push_  NULL
      5   ret_  

[Prom (index 11)]
0:
      0   ldfun_  $
      5   [ 0, <0>, valid  ] Call#14
     10   mk_promise_  0
     15   mk_promise_  1
     20   ; $(R.version, os)
          call_  2
     37   [ <?> ] Type#33
     42   ret_  

[Prom (index 11.0)]
0:
      0   ldvar_  R.version
      5   [ <?> ] Type#31
     10   ret_  

[Prom (index 11.1)]
0:
      0   ldvar_  os
      5   [ <?> ] Type#32
     10   ret_  

[Prom (index 12)]
0:
      0   ldvar_  known
      5   [ <?> ] Type#35
     10   ret_  

[Prom (index 13)]
0:
      0   ldfun_  names
      5   [ 0, <0>, valid  ] Call#17
     10   mk_promise_  0
     15   ; names(known)
          call_  1
     32   [ <?> ] Type#39
     37   ret_  

[Prom (index 13.0)]
0:
      0   ldvar_  known
      5   [ <?> ] Type#38
     10   ret_  

[Prom (index 14)]
0:
      0   ldvar_  known
      5   [ <?> ] Type#40
     10   ret_  

[Prom (index 15)]
0:
      0   push_  NULL
      5   ret_  

[Prom (index 16)]
0:
      0   ldvar_  enc
      5   [ <?> ] Type#46
     10   ret_  

[Prom (index 17)]
0:
      0   ldfun_  names
      5   [ 0, <0>, valid  ] Call#21
     10   mk_promise_  0
     15   ; names(known)
          call_  1
     32   [ <?> ] Type#48
     37   ret_  

[Prom (index 17.0)]
0:
      0   ldvar_  known
      5   [ <?> ] Type#47
     10   ret_  

[Prom (index 18)]
0:
      0   ldvar_  known
      5   [ <?> ] Type#50
     10   dup_  
     11   is_  NonObject
     16   [ _ ] Test#9
     21   brfalse_  1
     26   br_  2
1:
     31   mk_promise_  0
     36   br_  3
2:
     41   ldvar_  enc
     46   [ <?> ] Type#52
3:
     51   ; [(known, enc)
          extract1_1_  
     52   [ <?> ] Type#53
     57   visible_  
     58   ret_  

[Prom (index 18.0)]
0:
      0   ldvar_  enc
      5   [ <?> ] Type#51
     10   ret_  

[Prom (index 19)]
0:
      0   ldfun_  grep
      5   [ 0, <0>, valid  ] Call#24
     10   push_  "^cp-"
     15   mk_promise_  0
     20   ; grep("^cp-", enc)
          call_  2
     37   [ <?> ] Type#56
     42   ret_  

[Prom (index 19.0)]
0:
      0   ldvar_  enc
      5   [ <?> ] Type#55
     10   ret_  

[Prom (index 20)]
0:
      0   ldvar_  enc
      5   [ <?> ] Type#57
     10   ret_  

[Prom (index 21)]
0:
      0   ldvar_  enc
      5   [ <?> ] Type#60
     10   ret_  

[Prom (index 22)]
0:
      0   ldfun_  grep
      5   [ 0, <0>, valid  ] Call#28
     10   push_  "^[[:alpha:]]{2}_"
     15   mk_promise_  0
     20   push_  TRUE
     25   ; grep("^[[:alpha:]]{2}_", [(x, 1L), perl=TRUE)
          named_call_  3 [ _ _ perl ]
     54   [ <?> ] Type#66
     59   ret_  

[Prom (index 22.0)]
0:
      0   ldvar_  x
      5   [ <?> ] Type#64
     10   dup_  
     11   is_  NonObject
     16   [ _ ] Test#12
     21   brfalse_  1
     26   br_  2
1:
     31   push_  1L
     36   br_  3
2:
     41   push_  1L
     46   visible_  
3:
     47   ; [(x, 1L)
          extract1_1_  
     48   [ <?> ] Type#65
     53   visible_  
     54   ret_  

[Prom (index 23)]
0:
      0   ldvar_  x
      5   [ <?> ] Type#67
     10   dup_  
     11   is_  NonObject
     16   [ _ ] Test#13
     21   brfalse_  1
     26   br_  2
1:
     31   push_  1L
     36   br_  3
2:
     41   push_  1L
     46   visible_  
3:
     47   ; [(x, 1L)
          extract1_1_  
     48   [ <?> ] Type#68
     53   visible_  
     54   ret_  

[Prom (index 24)]
0:
      0   ldvar_  x
      5   [ <?> ] Type#71
     10   dup_  
     11   is_  NonObject
     16   [ _ ] Test#14
     21   brfalse_  1
     26   br_  2
1:
     31   push_  1L
     36   br_  3
2:
     41   push_  1L
     46   visible_  
3:
     47   ; [(x, 1L)
          extract1_1_  
     48   [ <?> ] Type#72
     53   visible_  
     54   ret_  

[Prom (index 25)]
0:
      0   ldfun_  $
      5   [ 0, <0>, valid  ] Call#32
     10   mk_promise_  0
     15   mk_promise_  1
     20   ; $(R.version, os)
          call_  2
     37   [ <?> ] Type#77
     42   ret_  

[Prom (index 25.0)]
0:
      0   ldvar_  R.version
      5   [ <?> ] Type#75
     10   ret_  

[Prom (index 25.1)]
0:
      0   ldvar_  os
      5   [ <?> ] Type#76
     10   ret_  

[Prom (index 26)]
0:
      0   ldfun_  grep
      5   [ 0, <0>, valid  ] Call#34
     10   push_  "^[[:alpha:]]{2}_"
     15   mk_promise_  0
     20   push_  TRUE
     25   ; grep("^[[:alpha:]]{2}_", [(x, 1L), perl=TRUE)
          named_call_  3 [ _ _ perl ]
     54   [ <?> ] Type#81
     59   ret_  

[Prom (index 26.0)]
0:
      0   ldvar_  x
      5   [ <?> ] Type#79
     10   dup_  
     11   is_  NonObject
     16   [ _ ] Test#27
     21   brfalse_  1
     26   br_  2
1:
     31   push_  1L
     36   br_  3
2:
     41   push_  1L
     46   visible_  
3:
     47   ; [(x, 1L)
          extract1_1_  
     48   [ <?> ] Type#80
     53   visible_  
     54   ret_  

[Prom (index 27)]
0:
      0   ldvar_  x
      5   [ <?> ] Type#82
     10   dup_  
     11   is_  NonObject
     16   [ _ ] Test#28
     21   brfalse_  1
     26   br_  2
1:
     31   push_  1L
     36   br_  3
2:
     41   push_  1L
     46   visible_  
3:
     47   ; [(x, 1L)
          extract1_1_  
     48   [ <?> ] Type#83
     53   visible_  
     54   ret_  

[Prom (index 28)]
0:
      0   ldvar_  x
      5   [ <?> ] Type#86
     10   dup_  
     11   is_  NonObject
     16   [ _ ] Test#29
     21   brfalse_  1
     26   br_  2
1:
     31   push_  1L
     36   br_  3
2:
     41   push_  1L
     46   visible_  
3:
     47   ; [(x, 1L)
          extract1_1_  
     48   [ <?> ] Type#87
     53   visible_  
     54   ret_  

[Prom (index 29)]
0:
      0   ldvar_  ll
      5   [ <?> ] Type#91
     10   ret_  

[Prom (index 30)]
0:
      0   ldfun_  guess
      5   [ 0, <0>, valid  ] Call#39
     10   mk_promise_  0
     15   ; guess(ll)
          call_  1
     32   [ <?> ] Type#94
     37   ret_  

[Prom (index 30.0)]
0:
      0   ldvar_  ll
      5   [ <?> ] Type#93
     10   ret_  

[Prom (index 31)]
0:
      0   ldvar_  ll
      5   [ <?> ] Type#95
     10   ret_  

[Prom (index 32)]
0:
      0   ldvar_  locale
      5   [ <?> ] Type#98
     10   ret_  

[Prom (index 33)]
0:
      0   ldvar_  x
      5   [ <?> ] Type#101
     10   ret_  

[Prom (index 34)]
0:
      0   ldvar_  x
      5   [ <?> ] Type#107
     10   dup_  
     11   is_  NonObject
     16   [ _ ] Test#43
     21   brfalse_  1
     26   br_  2
1:
     31   push_  2L
     36   br_  3
2:
     41   push_  2L
     46   visible_  
3:
     47   ; [(x, 2L)
          extract1_1_  
     48   [ <?> ] Type#108
     53   visible_  
     54   ret_  

NoRecord Type#12 (dep: #10)
NoRecord Type#24 (dep: #22)
NoRecord Type#30 (dep: #28)
NoRecord Type#41 (dep: #36)
NoRecord Type#44 (dep: #37)
NoRecord Type#45 (dep: #37)
NoRecord Type#74 (dep: #73)
NoRecord Type#102 (dep: #100)
== nested closures ==
== dispatch table 0x55c0065f6d00 ==
= version 0 (0x55c005d92018) =
[sigature] needsEnv 
[flags]    InnerFunction 
[stats]    invoked: 0, deopt: 0
0:
      0   ldfun_  %in%
      5   [ 0, <0>, valid  ] Call#0
     10   mk_promise_  0
     15   mk_promise_  1
     20   ; %in%(en, c("aa", "af", "an", "br", "ca", "da",|...
          call_  2
     37   [ <?> ] Type#2
     42   asbool_  
     43   brtrue_  1
     48   br_  2
1:
     53   push_  "ISO8859-1"
     58   visible_  
     59   ret_  
2:
     60   ldfun_  %in%
     65   [ 0, <0>, valid  ] Call#2
     70   mk_promise_  2
     75   mk_promise_  3
     80   ; %in%(en, c("bs", "cs", "hr", "hu", "pl", "ro",|...
          call_  2
     97   [ <?> ] Type#5
    102   asbool_  
    103   brtrue_  3
    108   br_  4
3:
    113   push_  "ISO8859-2"
    118   visible_  
    119   ret_  
4:
    120   ldfun_  %in%
    125   [ 0, <0>, valid  ] Call#4
    130   mk_promise_  4
    135   push_  "mt"
    140   ; %in%(en, "mt")
          call_  2
    157   [ <?> ] Type#7
    162   asbool_  
    163   brtrue_  5
    168   br_  6
5:
    173   push_  "ISO8859-3"
    178   visible_  
    179   ret_  
6:
    180   ldfun_  %in%
    185   [ 0, <0>, valid  ] Call#5
    190   mk_promise_  5
    195   mk_promise_  6
    200   ; %in%(en, c("mk", "ru"))
          call_  2
    217   [ <?> ] Type#10
    222   asbool_  
    223   brtrue_  7
    228   br_  8
7:
    233   push_  "ISO8859-5"
    238   visible_  
    239   ret_  
8:
    240   ldfun_  %in%
    245   [ 0, <0>, valid  ] Call#7
    250   mk_promise_  7
    255   push_  "ar"
    260   ; %in%(en, "ar")
          call_  2
    277   [ <?> ] Type#12
    282   asbool_  
    283   brtrue_  9
    288   br_  10
9:
    293   push_  "ISO8859-6"
    298   visible_  
    299   ret_  
10:
    300   ldfun_  %in%
    305   [ 0, <0>, valid  ] Call#8
    310   mk_promise_  8
    315   push_  "el"
    320   ; %in%(en, "el")
          call_  2
    337   [ <?> ] Type#14
    342   asbool_  
    343   brtrue_  11
    348   br_  12
11:
    353   push_  "ISO8859-7"
    358   visible_  
    359   ret_  
12:
    360   ldfun_  %in%
    365   [ 0, <0>, valid  ] Call#9
    370   mk_promise_  9
    375   mk_promise_  a
    380   ; %in%(en, c("he", "iw", "yi"))
          call_  2
    397   [ <?> ] Type#17
    402   asbool_  
    403   brtrue_  13
    408   br_  14
13:
    413   push_  "ISO8859-8"
    418   visible_  
    419   ret_  
14:
    420   ldfun_  %in%
    425   [ 0, <0>, valid  ] Call#11
    430   mk_promise_  b
    435   push_  "tr"
    440   ; %in%(en, "tr")
          call_  2
    457   [ <?> ] Type#19
    462   asbool_  
    463   brtrue_  15
    468   br_  16
15:
    473   push_  "ISO8859-9"
    478   visible_  
    479   ret_  
16:
    480   ldfun_  %in%
    485   [ 0, <0>, valid  ] Call#12
    490   mk_promise_  c
    495   push_  "lg"
    500   ; %in%(en, "lg")
          call_  2
    517   [ <?> ] Type#21
    522   asbool_  
    523   brtrue_  17
    528   br_  18
17:
    533   push_  "ISO8859-10"
    538   visible_  
    539   ret_  
18:
    540   ldfun_  %in%
    545   [ 0, <0>, valid  ] Call#13
    550   mk_promise_  d
    555   mk_promise_  e
    560   ; %in%(en, c("lt", "lv", "mi"))
          call_  2
    577   [ <?> ] Type#24
    582   asbool_  
    583   brtrue_  19
    588   br_  20
19:
    593   push_  "ISO8859-13"
    598   visible_  
    599   ret_  
20:
    600   ldfun_  %in%
    605   [ 0, <0>, valid  ] Call#15
    610   mk_promise_  f
    615   push_  "cy"
    620   ; %in%(en, "cy")
          call_  2
    637   [ <?> ] Type#26
    642   asbool_  
    643   brtrue_  21
    648   br_  22
21:
    653   push_  "ISO8859-14"
    658   visible_  
    659   ret_  
22:
    660   ldfun_  %in%
    665   [ 0, <0>, valid  ] Call#16
    670   mk_promise_  10
    675   push_  "uk"
    680   ; %in%(en, "uk")
          call_  2
    697   [ <?> ] Type#28
    702   asbool_  
    703   brtrue_  23
    708   br_  24
23:
    713   push_  "KOI8-U"
    718   visible_  
    719   ret_  
24:
    720   ldfun_  %in%
    725   [ 0, <0>, valid  ] Call#17
    730   mk_promise_  11
    735   push_  "ja"
    740   ; %in%(en, "ja")
          call_  2
    757   [ <?> ] Type#30
    762   asbool_  
    763   brtrue_  25
    768   br_  26
25:
    773   push_  "EUC-JP"
    778   visible_  
    779   ret_  
26:
    780   ldfun_  %in%
    785   [ 0, <0>, valid  ] Call#18
    790   mk_promise_  12
    795   push_  "ko"
    800   ; %in%(en, "ko")
          call_  2
    817   [ <?> ] Type#32
    822   asbool_  
    823   brtrue_  27
    828   br_  28
27:
    833   push_  "EUC-KR"
    838   visible_  
    839   ret_  
28:
    840   ldfun_  %in%
    845   [ 0, <0>, valid  ] Call#19
    850   mk_promise_  13
    855   push_  "th"
    860   ; %in%(en, "th")
          call_  2
    877   [ <?> ] Type#34
    882   asbool_  
    883   brtrue_  29
    888   br_  30
29:
    893   push_  "TIS-620"
    898   visible_  
    899   ret_  
30:
    900   ldfun_  %in%
    905   [ 0, <0>, valid  ] Call#20
    910   mk_promise_  14
    915   push_  "tg"
    920   ; %in%(en, "tg")
          call_  2
    937   [ <?> ] Type#36
    942   asbool_  
    943   brtrue_  31
    948   br_  32
31:
    953   push_  "KOI8-T"
    958   visible_  
    959   ret_  
32:
    960   ldfun_  %in%
    965   [ 0, <0>, valid  ] Call#21
    970   mk_promise_  15
    975   push_  "ka"
    980   ; %in%(en, "ka")
          call_  2
    997   [ <?> ] Type#38
   1002   asbool_  
   1003   brtrue_  33
   1008   br_  34
33:
   1013   push_  "GEORGIAN-PS"
   1018   visible_  
   1019   ret_  
34:
   1020   ldfun_  %in%
   1025   [ 0, <0>, valid  ] Call#22
   1030   mk_promise_  16
   1035   push_  "kk"
   1040   ; %in%(en, "kk")
          call_  2
   1057   [ <?> ] Type#40
   1062   asbool_  
   1063   brtrue_  35
   1068   br_  36
35:
   1073   push_  "PT154"
   1078   visible_  
   1079   ret_  
36:
   1080   push_  NA
   1085   visible_  
   1086   ret_  
   1087   ret_  

[Prom (index 0)]
0:
      0   ldvar_  en
      5   [ <?> ] Type#0
     10   ret_  

[Prom (index 1)]
0:
      0   ldfun_  c
      5   [ 0, <0>, valid  ] Call#1
     10   push_  "aa"
     15   push_  "af"
     20   push_  "an"
     25   push_  "br"
     30   push_  "ca"
     35   push_  "da"
     40   push_  "de"
     45   push_  "en"
     50   push_  "es"
     55   push_  "et"
     60   push_  "eu"
     65   push_  "fi"
     70   push_  "fo"
     75   push_  "fr"
     80   push_  "ga"
     85   push_  "gl"
     90   push_  "gv"
     95   push_  "id"
    100   push_  "is"
    105   push_  "it"
    110   push_  "kl"
    115   push_  "kw"
    120   push_  "ml"
    125   push_  "ms"
    130   push_  "nb"
    135   push_  "nn"
    140   push_  "no"
    145   push_  "oc"
    150   push_  "om"
    155   push_  "pt"
    160   push_  "so"
    165   push_  "sq"
    170   push_  "st"
    175   push_  "sv"
    180   push_  "tl"
    185   push_  "uz"
    190   push_  "wa"
    195   push_  "xh"
    200   push_  "zu"
    205   ; c("aa", "af", "an", "br", "ca", "da", "de", "e|...
          call_  39
    222   [ <?> ] Type#1
    227   ret_  

[Prom (index 2)]
0:
      0   ldvar_  en
      5   [ <?> ] Type#3
     10   ret_  

[Prom (index 3)]
0:
      0   ldfun_  c
      5   [ 0, <0>, valid  ] Call#3
     10   push_  "bs"
     15   push_  "cs"
     20   push_  "hr"
     25   push_  "hu"
     30   push_  "pl"
     35   push_  "ro"
     40   push_  "sk"
     45   push_  "sl"
     50   ; c("bs", "cs", "hr", "hu", "pl", "ro", "sk", "sl")
          call_  8
     67   [ <?> ] Type#4
     72   ret_  

[Prom (index 4)]
0:
      0   ldvar_  en
      5   [ <?> ] Type#6
     10   ret_  

[Prom (index 5)]
0:
      0   ldvar_  en
      5   [ <?> ] Type#8
     10   ret_  

[Prom (index 6)]
0:
      0   ldfun_  c
      5   [ 0, <0>, valid  ] Call#6
     10   push_  "mk"
     15   push_  "ru"
     20   ; c("mk", "ru")
          call_  2
     37   [ <?> ] Type#9
     42   ret_  

[Prom (index 7)]
0:
      0   ldvar_  en
      5   [ <?> ] Type#11
     10   ret_  

[Prom (index 8)]
0:
      0   ldvar_  en
      5   [ <?> ] Type#13
     10   ret_  

[Prom (index 9)]
0:
      0   ldvar_  en
      5   [ <?> ] Type#15
     10   ret_  

[Prom (index 10)]
0:
      0   ldfun_  c
      5   [ 0, <0>, valid  ] Call#10
     10   push_  "he"
     15   push_  "iw"
     20   push_  "yi"
     25   ; c("he", "iw", "yi")
          call_  3
     42   [ <?> ] Type#16
     47   ret_  

[Prom (index 11)]
0:
      0   ldvar_  en
      5   [ <?> ] Type#18
     10   ret_  

[Prom (index 12)]
0:
      0   ldvar_  en
      5   [ <?> ] Type#20
     10   ret_  

[Prom (index 13)]
0:
      0   ldvar_  en
      5   [ <?> ] Type#22
     10   ret_  

[Prom (index 14)]
0:
      0   ldfun_  c
      5   [ 0, <0>, valid  ] Call#14
     10   push_  "lt"
     15   push_  "lv"
     20   push_  "mi"
     25   ; c("lt", "lv", "mi")
          call_  3
     42   [ <?> ] Type#23
     47   ret_  

[Prom (index 15)]
0:
      0   ldvar_  en
      5   [ <?> ] Type#25
     10   ret_  

[Prom (index 16)]
0:
      0   ldvar_  en
      5   [ <?> ] Type#27
     10   ret_  

[Prom (index 17)]
0:
      0   ldvar_  en
      5   [ <?> ] Type#29
     10   ret_  

[Prom (index 18)]
0:
      0   ldvar_  en
      5   [ <?> ] Type#31
     10   ret_  

[Prom (index 19)]
0:
      0   ldvar_  en
      5   [ <?> ] Type#33
     10   ret_  

[Prom (index 20)]
0:
      0   ldvar_  en
      5   [ <?> ] Type#35
     10   ret_  

[Prom (index 21)]
0:
      0   ldvar_  en
      5   [ <?> ] Type#37
     10   ret_  

[Prom (index 22)]
0:
      0   ldvar_  en
      5   [ <?> ] Type#39
     10   ret_  

== closure 0x55c004aaea20 (env 0x55c0047c5fd0) ==
== dispatch table 0x55c0065f91b0 ==
= version 0 (0x55c005d92598) =
[sigature] needsEnv 
[flags]    
[stats]    invoked: 0, deopt: 0
0:
      0   ldfun_  match
      5   [ 0, <0>, valid  ] Call#0
     10   mk_promise_  0
     15   mk_promise_  1
     20   push_  0L
     25   ; match(x, table, nomatch=0L)
          named_call_  3 [ _ _ nomatch ]
     54   [ <?> ] Type#2
     59   push_  0L
     64   visible_  
     65   ; >(match(x, table, nomatch=0L), 0L)
          gt_  
     66   [ <?> ] Type#3
     71   ret_  

[Prom (index 0)]
0:
      0   ldvar_  x
      5   [ <?> ] Type#0
     10   ret_  

[Prom (index 1)]
0:
      0   ldvar_  table
      5   [ <?> ] Type#1
     10   ret_  

== closure 0x55c0065fcfc8 (env 0x55c0047c5fd0) ==
== dispatch table 0x55c0065f9870 ==
= version 0 (0x55c0065f85f0) =
[sigature] needsEnv 
[flags]    
[stats]    invoked: 0, deopt: 0
0:
      0   ldvar_cached_  x{0}
      9   [ <?> ] Type#0
     14   ldvar_cached_  table{1}
     23   [ <?> ] Type#1
     28   ldvar_cached_  nomatch{2}
     37   [ <?> ] Type#2
     42   ldvar_cached_  incomparables{3}
     51   [ <?> ] Type#3
     56   call_builtin_  4 : <blt match>
     69   ret_  

== closure 0x55c004afd498 (env 0x55c0047c5fd0) ==
== dispatch table 0x55c0065ff540 ==
= version 0 (0x55c005d92c78) =
[sigature] needsEnv 
[flags]    
[stats]    invoked: 0, deopt: 0
0:
      0   ldfun_  match
      5   [ 0, <0>, valid  ] Call#0
     10   mk_promise_  0
     15   mk_promise_  1
     20   ; match(category, c("LC_ALL", "LC_COLLATE", "LC_|...
          call_  2
     37   [ <?> ] Type#2
     42   stvar_cached_  category{0}
     51   push_  <blt is.na>
     56   dup_  
     57   ldvar_noforce_  is.na
     62   identical_noforce_  
     63   [ _ ] Test#0
     68   brtrue_  1
     73   pop_  
     74   ldfun_  is.na
     79   [ 0, <0>, valid  ] Call#2
     84   mk_promise_  2
     89   ; is.na(category)
          call_  1
    106   br_  2
1:
    111   ldvar_cached_  category{0}
    120   ; is.na(category)
          call_  1
2:
    137   [ <?> ] Type#5
    142   asbool_  
    143   brtrue_  3
    148   br_  4
3:
    153   ldfun_  stop
    158   [ 0, <0>, valid  ] Call#3
    163   push_  "invalid 'category' argument"
    168   ; stop("invalid 'category' argument")
          call_  1
    185   pop_  
4:
    186   ldvar_cached_  category{0}
    195   call_builtin_  1 : <blt Sys.getlocale>
    208   ret_  

[Prom (index 0)]
0:
      0   ldvar_  category
      5   [ <?> ] Type#0
     10   ret_  

[Prom (index 1)]
0:
      0   ldfun_  c
      5   [ 0, <0>, valid  ] Call#1
     10   push_  "LC_ALL"
     15   push_  "LC_COLLATE"
     20   push_  "LC_CTYPE"
     25   push_  "LC_MONETARY"
     30   push_  "LC_NUMERIC"
     35   push_  "LC_TIME"
     40   push_  "LC_MESSAGES"
     45   push_  "LC_PAPER"
     50   push_  "LC_MEASUREMENT"
     55   ; c("LC_ALL", "LC_COLLATE", "LC_CTYPE", "LC_MONE|...
          call_  9
     72   [ <?> ] Type#1
     77   ret_  

[Prom (index 2)]
0:
      0   ldvar_  category
      5   [ <?> ] Type#3
     10   ret_  

NoRecord Type#4 (dep: #2)
NoRecord Type#6 (dep: #2)
== closure 0x55c004ae2498 (env 0x55c0047c5fd0) ==
== dispatch table 0x55c0065ffbf0 ==
= version 0 (0x55c0053acba0) =
[sigature] needsEnv 
[flags]    
[stats]    invoked: 0, deopt: 0
0:
      0   ldvar_cached_  x{0}
      9   [ <?> ] Type#0
     14   push_  <blt as.character>
     19   dup_  
     20   ldvar_noforce_  as.character
     25   identical_noforce_  
     26   [ _ ] Test#0
     31   brtrue_  1
     36   pop_  
     37   ldfun_  as.character
     42   [ 0, <0>, valid  ] Call#0
     47   mk_promise_  0
     52   ; as.character(split)
          call_  1
     69   br_  2
1:
     74   ldvar_cached_  split{1}
     83   [ <?> ] Type#2
     88   ; as.character(split)
          call_  1
2:
    105   [ <?> ] Type#3
    110   ldvar_cached_  fixed{2}
    119   [ <?> ] Type#4
    124   ldvar_cached_  perl{3}
    133   [ <?> ] Type#5
    138   ldvar_cached_  useBytes{4}
    147   [ <?> ] Type#6
    152   call_builtin_  5 : <blt strsplit>
    165   ret_  

[Prom (index 0)]
0:
      0   ldvar_  split
      5   [ <?> ] Type#1
     10   ret_  

== closure 0x55c004a9b5a0 (env 0x55c0047c5fd0) ==
== dispatch table 0x55c006605d90 ==
= version 0 (0x55c005e6af70) =
[sigature] needsEnv 
[flags]    
[stats]    invoked: 0, deopt: 0
0:
      0   ldfun_  is.factor
      5   [ 0, <0>, valid  ] Call#0
     10   mk_promise_  0
     15   ; is.factor(x)
          call_  1
     32   [ <?> ] Type#1
     37   ; is.factor(x)
          aslogical_  
     38   dup_  
     39   brfalse_  5
     44   push_  <blt length>
     49   dup_  
     50   ldvar_noforce_  length
     55   identical_noforce_  
     56   [ _ ] Test#0
     61   brtrue_  1
     66   pop_  
     67   ldfun_  length
     72   [ 0, <0>, valid  ] Call#1
     77   mk_promise_  1
     82   ; length(levels(x))
          call_  1
     99   br_  2
1:
    104   ldfun_  levels
    109   [ 0, <0>, valid  ] Call#3
    114   mk_promise_  2
    119   ; levels(x)
          call_  1
    136   [ <?> ] Type#5
    141   ; length(levels(x))
          call_  1
2:
    158   [ <?> ] Type#6
    163   push_  <blt length>
    168   dup_  
    169   ldvar_noforce_  length
    174   identical_noforce_  
    175   [ _ ] Test#1
    180   brtrue_  3
    185   pop_  
    186   ldfun_  length
    191   [ 0, <0>, valid  ] Call#4
    196   mk_promise_  3
    201   ; length(x)
          call_  1
    218   br_  4
3:
    223   ldvar_cached_  x{0}
    232   [ <?> ] Type#8
    237   ; length(x)
          call_  1
4:
    254   [ <?> ] Type#9
    259   ; <(length(levels(x)), length(x))
          lt_  
    260   [ <?> ] Type#10
    265   ; <(length(levels(x)), length(x))
          aslogical_  
    266   lgl_and_  
5:
    267   asbool_  
    268   brtrue_  16
    273   push_  <blt is.character>
    278   dup_  
    279   ldvar_noforce_  is.character
    284   identical_noforce_  
    285   [ _ ] Test#2
    290   brtrue_  6
    295   pop_  
    296   ldfun_  is.character
    301   [ 0, <0>, valid  ] Call#5
    306   mk_promise_  4
    311   ; is.character(x)
          call_  1
    328   br_  7
6:
    333   ldvar_cached_  x{0}
    342   [ <?> ] Type#12
    347   ; is.character(x)
          call_  1
7:
    364   [ <?> ] Type#13
    369   ; !(is.character(x))
          not_  
    370   asbool_  
    371   brtrue_  8
    376   br_  11
8:
    381   push_  <blt as.character>
    386   dup_  
    387   ldvar_noforce_  as.character
    392   identical_noforce_  
    393   [ _ ] Test#3
    398   brtrue_  9
    403   pop_  
    404   ldfun_  as.character
    409   [ 0, <0>, valid  ] Call#6
    414   mk_promise_  5
    419   ; as.character(x)
          call_  1
    436   br_  10
9:
    441   ldvar_cached_  x{0}
    450   [ <?> ] Type#15
    455   ; as.character(x)
          call_  1
10:
    472   [ <?> ] Type#16
    477   stvar_cached_  x{0}
11:
    486   push_  <blt as.character>
    491   dup_  
    492   ldvar_noforce_  as.character
    497   identical_noforce_  
    498   [ _ ] Test#4
    503   brtrue_  12
    508   pop_  
    509   ldfun_  as.character
    514   [ 0, <0>, valid  ] Call#7
    519   mk_promise_  6
    524   ; as.character(pattern)
          call_  1
    541   br_  13
12:
    546   ldvar_cached_  pattern{1}
    555   [ <?> ] Type#18
    560   ; as.character(pattern)
          call_  1
13:
    577   [ <?> ] Type#19
    582   push_  <blt as.character>
    587   dup_  
    588   ldvar_noforce_  as.character
    593   identical_noforce_  
    594   [ _ ] Test#5
    599   brtrue_  14
    604   pop_  
    605   ldfun_  as.character
    610   [ 0, <0>, valid  ] Call#8
    615   mk_promise_  7
    620   ; as.character(replacement)
          call_  1
    637   br_  15
14:
    642   ldvar_cached_  replacement{2}
    651   [ <?> ] Type#21
    656   ; as.character(replacement)
          call_  1
15:
    673   [ <?> ] Type#22
    678   ldvar_cached_  x{0}
    687   [ <?> ] Type#23
    692   ldvar_cached_  ignore.case{3}
    701   [ <?> ] Type#24
    706   ldvar_cached_  perl{4}
    715   [ <?> ] Type#25
    720   ldvar_cached_  fixed{5}
    729   [ <?> ] Type#26
    734   ldvar_cached_  useBytes{6}
    743   [ <?> ] Type#27
    748   call_builtin_  7 : <blt gsub>
    761   br_  20
16:
    766   ldfun_  gsub
    771   [ 0, <0>, valid  ] Call#9
    776   mk_promise_  8
    781   mk_promise_  9
    786   mk_promise_  a
    791   mk_promise_  b
    796   mk_promise_  c
    801   mk_promise_  d
    806   mk_promise_  e
    811   ; gsub(pattern, replacement, levels(x), ignore.c|...
          call_  7
    828   [ <?> ] Type#36
    833   dup_  
    834   is_  NonObject
    839   [ _ ] Test#6
    844   brfalse_  17
    849   br_  18
17:
    854   mk_promise_  f
    859   br_  19
18:
    864   ldvar_cached_  x{0}
    873   [ <?> ] Type#38
19:
    878   ; [(gsub(pattern, replacement, levels(x), ignore|...
          extract1_1_  
    879   [ <?> ] Type#39
    884   visible_  
20:
    885   ret_  

[Prom (index 0)]
0:
      0   ldvar_  x
      5   [ <?> ] Type#0
     10   ret_  

[Prom (index 1)]
0:
      0   ldfun_  levels
      5   [ 0, <0>, valid  ] Call#2
     10   mk_promise_  0
     15   ; levels(x)
          call_  1
     32   [ <?> ] Type#3
     37   ret_  

[Prom (index 1.0)]
0:
      0   ldvar_  x
      5   [ <?> ] Type#2
     10   ret_  

[Prom (index 2)]
0:
      0   ldvar_  x
      5   [ <?> ] Type#4
     10   ret_  

[Prom (index 3)]
0:
      0   ldvar_  x
      5   [ <?> ] Type#7
     10   ret_  

[Prom (index 4)]
0:
      0   ldvar_  x
      5   [ <?> ] Type#11
     10   ret_  

[Prom (index 5)]
0:
      0   ldvar_  x
      5   [ <?> ] Type#14
     10   ret_  

[Prom (index 6)]
0:
      0   ldvar_  pattern
      5   [ <?> ] Type#17
     10   ret_  

[Prom (index 7)]
0:
      0   ldvar_  replacement
      5   [ <?> ] Type#20
     10   ret_  

[Prom (index 8)]
0:
      0   ldvar_  pattern
      5   [ <?> ] Type#28
     10   ret_  

[Prom (index 9)]
0:
      0   ldvar_  replacement
      5   [ <?> ] Type#29
     10   ret_  

[Prom (index 10)]
0:
      0   ldfun_  levels
      5   [ 0, <0>, valid  ] Call#10
     10   mk_promise_  0
     15   ; levels(x)
          call_  1
     32   [ <?> ] Type#31
     37   ret_  

[Prom (index 10.0)]
0:
      0   ldvar_  x
      5   [ <?> ] Type#30
     10   ret_  

[Prom (index 11)]
0:
      0   ldvar_  ignore.case
      5   [ <?> ] Type#32
     10   ret_  

[Prom (index 12)]
0:
      0   ldvar_  perl
      5   [ <?> ] Type#33
     10   ret_  

[Prom (index 13)]
0:
      0   ldvar_  fixed
      5   [ <?> ] Type#34
     10   ret_  

[Prom (index 14)]
0:
      0   ldvar_  useBytes
      5   [ <?> ] Type#35
     10   ret_  

[Prom (index 15)]
0:
      0   ldvar_  x
      5   [ <?> ] Type#37
     10   ret_  

== closure 0x55c004a7f0b8 (env 0x55c0047c5fd0) ==
== dispatch table 0x55c006605fd0 ==
= version 0 (0x55c005d70b58) =
[sigature] needsEnv 
[flags]    
[stats]    invoked: 0, deopt: 0
0:
      0   ldfun_  inherits
      5   [ 0, <0>, valid  ] Call#0
     10   mk_promise_  0
     15   push_  "factor"
     20   ; inherits(x, "factor")
          call_  2
     37   [ <?> ] Type#1
     42   ret_  

[Prom (index 0)]
0:
      0   ldvar_  x
      5   [ <?> ] Type#0
     10   ret_  

== closure 0x55c006601730 (env 0x55c0047c5fd0) ==
== dispatch table 0x55c006605420 ==
= version 0 (0x55c006608170) =
[sigature] needsEnv 
[flags]    
[stats]    invoked: 0, deopt: 0
0:
      0   ldvar_cached_  x{0}
      9   [ <?> ] Type#0
     14   ldvar_cached_  what{1}
     23   [ <?> ] Type#1
     28   ldvar_cached_  which{2}
     37   [ <?> ] Type#2
     42   call_builtin_  3 : <blt inherits>
     55   ret_  

== closure 0x55c006600e70 (env 0x55c0047c5fd0) ==
== dispatch table 0x55c0066039d0 ==
= version 0 (0x55c005d715a8) =
[sigature] needsEnv 
[flags]    
[stats]    invoked: 0, deopt: 0
0:
      0   push_  <blt is.character>
      5   dup_  
      6   ldvar_noforce_  is.character
     11   identical_noforce_  
     12   [ _ ] Test#0
     17   brtrue_  1
     22   pop_  
     23   ldfun_  is.character
     28   [ 0, <0>, valid  ] Call#0
     33   mk_promise_  0
     38   ; is.character(x)
          call_  1
     55   br_  2
1:
     60   ldvar_cached_  x{0}
     69   [ <?> ] Type#1
     74   ; is.character(x)
          call_  1
2:
     91   [ <?> ] Type#2
     96   ; !(is.character(x))
          not_  
     97   asbool_  
     98   brtrue_  3
    103   br_  6
3:
    108   push_  <blt as.character>
    113   dup_  
    114   ldvar_noforce_  as.character
    119   identical_noforce_  
    120   [ _ ] Test#1
    125   brtrue_  4
    130   pop_  
    131   ldfun_  as.character
    136   [ 0, <0>, valid  ] Call#1
    141   mk_promise_  1
    146   ; as.character(x)
          call_  1
    163   br_  5
4:
    168   ldvar_cached_  x{0}
    177   [ <?> ] Type#4
    182   ; as.character(x)
          call_  1
5:
    199   [ <?> ] Type#5
    204   stvar_cached_  x{0}
6:
    213   ldvar_cached_  x{0}
    222   [ <?> ] Type#6
    227   call_builtin_  1 : <blt toupper>
    240   ret_  

[Prom (index 0)]
0:
      0   ldvar_  x
      5   [ <?> ] Type#0
     10   ret_  

[Prom (index 1)]
0:
      0   ldvar_  x
      5   [ <?> ] Type#3
     10   ret_  

== closure 0x55c004b13aa8 (env 0x55c0047c5fd0) ==
== dispatch table 0x55c00660cd10 ==
= version 0 (0x55c005e68c30) =
[sigature] needsEnv 
[flags]    
[stats]    invoked: 0, deopt: 0
0:
      0   ldfun_  is.factor
      5   [ 0, <0>, valid  ] Call#0
     10   mk_promise_  0
     15   ; is.factor(x)
          call_  1
     32   [ <?> ] Type#1
     37   ; is.factor(x)
          aslogical_  
     38   dup_  
     39   brfalse_  5
     44   push_  <blt length>
     49   dup_  
     50   ldvar_noforce_  length
     55   identical_noforce_  
     56   [ _ ] Test#0
     61   brtrue_  1
     66   pop_  
     67   ldfun_  length
     72   [ 0, <0>, valid  ] Call#1
     77   mk_promise_  1
     82   ; length(levels(x))
          call_  1
     99   br_  2
1:
    104   ldfun_  levels
    109   [ 0, <0>, valid  ] Call#3
    114   mk_promise_  2
    119   ; levels(x)
          call_  1
    136   [ <?> ] Type#5
    141   ; length(levels(x))
          call_  1
2:
    158   [ <?> ] Type#6
    163   push_  <blt length>
    168   dup_  
    169   ldvar_noforce_  length
    174   identical_noforce_  
    175   [ _ ] Test#1
    180   brtrue_  3
    185   pop_  
    186   ldfun_  length
    191   [ 0, <0>, valid  ] Call#4
    196   mk_promise_  3
    201   ; length(x)
          call_  1
    218   br_  4
3:
    223   ldvar_cached_  x{0}
    232   [ <?> ] Type#8
    237   ; length(x)
          call_  1
4:
    254   [ <?> ] Type#9
    259   ; <(length(levels(x)), length(x))
          lt_  
    260   [ <?> ] Type#10
    265   ; <(length(levels(x)), length(x))
          aslogical_  
    266   lgl_and_  
5:
    267   asbool_  
    268   brtrue_  14
    273   push_  <blt is.character>
    278   dup_  
    279   ldvar_noforce_  is.character
    284   identical_noforce_  
    285   [ _ ] Test#2
    290   brtrue_  6
    295   pop_  
    296   ldfun_  is.character
    301   [ 0, <0>, valid  ] Call#5
    306   mk_promise_  4
    311   ; is.character(x)
          call_  1
    328   br_  7
6:
    333   ldvar_cached_  x{0}
    342   [ <?> ] Type#12
    347   ; is.character(x)
          call_  1
7:
    364   [ <?> ] Type#13
    369   ; !(is.character(x))
          not_  
    370   asbool_  
    371   brtrue_  8
    376   br_  11
8:
    381   push_  <blt as.character>
    386   dup_  
    387   ldvar_noforce_  as.character
    392   identical_noforce_  
    393   [ _ ] Test#3
    398   brtrue_  9
    403   pop_  
    404   ldfun_  as.character
    409   [ 0, <0>, valid  ] Call#6
    414   mk_promise_  5
    419   ; as.character(x)
          call_  1
    436   br_  10
9:
    441   ldvar_cached_  x{0}
    450   [ <?> ] Type#15
    455   ; as.character(x)
          call_  1
10:
    472   [ <?> ] Type#16
    477   stvar_cached_  x{0}
11:
    486   push_  <blt as.character>
    491   dup_  
    492   ldvar_noforce_  as.character
    497   identical_noforce_  
    498   [ _ ] Test#4
    503   brtrue_  12
    508   pop_  
    509   ldfun_  as.character
    514   [ 0, <0>, valid  ] Call#7
    519   mk_promise_  6
    524   ; as.character(pattern)
          call_  1
    541   br_  13
12:
    546   ldvar_cached_  pattern{2}
    555   [ <?> ] Type#18
    560   ; as.character(pattern)
          call_  1
13:
    577   [ <?> ] Type#19
    582   ldvar_cached_  x{0}
    591   [ <?> ] Type#20
    596   ldvar_cached_  ignore.case{3}
    605   [ <?> ] Type#21
    610   push_  FALSE
    615   visible_  
    616   ldvar_cached_  perl{4}
    625   [ <?> ] Type#22
    630   ldvar_cached_  fixed{5}
    639   [ <?> ] Type#23
    644   ldvar_cached_  useBytes{6}
    653   [ <?> ] Type#24
    658   push_  FALSE
    663   visible_  
    664   call_builtin_  8 : <blt grepl>
    677   br_  25
14:
    682   ldfun_  grepl
    687   [ 0, <0>, valid  ] Call#8
    692   mk_promise_  7
    697   mk_promise_  8
    702   mk_promise_  9
    707   mk_promise_  a
    712   mk_promise_  b
    717   mk_promise_  c
    722   ; grepl(pattern, c(levels(x), NA), ignore.case, |...
          call_  6
    739   [ <?> ] Type#33
    744   stvar_cached_  out{1}
    753   ldvar_cached_  out{1}
    762   dup_  
    763   is_  NonObject
    768   [ _ ] Test#5
    773   brfalse_  15
    778   br_  16
15:
    783   mk_promise_  d
    788   br_  19
16:
    793   push_  <blt length>
    798   dup_  
    799   ldvar_noforce_  length
    804   identical_noforce_  
    805   [ _ ] Test#6
    810   brtrue_  17
    815   pop_  
    816   ldfun_  length
    821   [ 0, <0>, valid  ] Call#12
    826   mk_promise_  e
    831   ; length(out)
          call_  1
    848   br_  18
17:
    853   ldvar_cached_  out{1}
    862   ; length(out)
          call_  1
18:
    879   [ <?> ] Type#39
19:
    884   ; [(out, length(out))
          extract1_1_  
    885   [ <?> ] Type#40
    890   visible_  
    891   stvar_cached_  outna{7}
    900   ldvar_cached_  out{1}
    909   dup_  
    910   is_  NonObject
    915   [ _ ] Test#7
    920   brfalse_  20
    925   br_  21
20:
    930   mk_promise_  f
    935   br_  22
21:
    940   ldvar_cached_  x{0}
    949   [ <?> ] Type#43
22:
    954   ; [(out, x)
          extract1_1_  
    955   [ <?> ] Type#44
    960   visible_  
    961   stvar_cached_  out{1}
    970   ldvar_cached_  outna{7}
    979   ldvar_for_update_cache_  out{1}
    988   [ <?> ] Type#46
    993   push_  <blt is.na>
    998   dup_  
    999   ldvar_noforce_  is.na
   1004   identical_noforce_  
   1005   [ _ ] Test#8
   1010   brtrue_  23
   1015   pop_  
   1016   ldfun_  is.na
   1021   [ 0, <0>, valid  ] Call#13
   1026   mk_promise_  10
   1031   ; is.na(x)
          call_  1
   1048   br_  24
23:
   1053   ldvar_cached_  x{0}
   1062   ; is.na(x)
          call_  1
24:
   1079   [ <?> ] Type#49
   1084   ; <-([(out, is.na(x)), outna)
          subassign1_1_  
   1085   stvar_cached_  out{1}
   1094   ldvar_cached_  out{1}
25:
   1103   ret_  

[Prom (index 0)]
0:
      0   ldvar_  x
      5   [ <?> ] Type#0
     10   ret_  

[Prom (index 1)]
0:
      0   ldfun_  levels
      5   [ 0, <0>, valid  ] Call#2
     10   mk_promise_  0
     15   ; levels(x)
          call_  1
     32   [ <?> ] Type#3
     37   ret_  

[Prom (index 1.0)]
0:
      0   ldvar_  x
      5   [ <?> ] Type#2
     10   ret_  

[Prom (index 2)]
0:
      0   ldvar_  x
      5   [ <?> ] Type#4
     10   ret_  

[Prom (index 3)]
0:
      0   ldvar_  x
      5   [ <?> ] Type#7
     10   ret_  

[Prom (index 4)]
0:
      0   ldvar_  x
      5   [ <?> ] Type#11
     10   ret_  

[Prom (index 5)]
0:
      0   ldvar_  x
      5   [ <?> ] Type#14
     10   ret_  

[Prom (index 6)]
0:
      0   ldvar_  pattern
      5   [ <?> ] Type#17
     10   ret_  

[Prom (index 7)]
0:
      0   ldvar_  pattern
      5   [ <?> ] Type#25
     10   ret_  

[Prom (index 8)]
0:
      0   ldfun_  c
      5   [ 0, <0>, valid  ] Call#9
     10   mk_promise_  0
     15   push_  NA
     20   ; c(levels(x), NA)
          call_  2
     37   [ <?> ] Type#28
     42   ret_  

[Prom (index 8.0)]
0:
      0   ldfun_  levels
      5   [ 0, <0>, valid  ] Call#10
     10   mk_promise_  0
     15   ; levels(x)
          call_  1
     32   [ <?> ] Type#27
     37   ret_  

[Prom (index 8.0.0)]
0:
      0   ldvar_  x
      5   [ <?> ] Type#26
     10   ret_  

[Prom (index 9)]
0:
      0   ldvar_  ignore.case
      5   [ <?> ] Type#29
     10   ret_  

[Prom (index 10)]
0:
      0   ldvar_  perl
      5   [ <?> ] Type#30
     10   ret_  

[Prom (index 11)]
0:
      0   ldvar_  fixed
      5   [ <?> ] Type#31
     10   ret_  

[Prom (index 12)]
0:
      0   ldvar_  useBytes
      5   [ <?> ] Type#32
     10   ret_  

[Prom (index 13)]
0:
      0   ldfun_  length
      5   [ 0, <0>, valid  ] Call#11
     10   mk_promise_  0
     15   ; length(out)
          call_  1
     32   [ <?> ] Type#36
     37   ret_  

[Prom (index 13.0)]
0:
      0   ldvar_  out
      5   [ <?> ] Type#35
     10   ret_  

[Prom (index 14)]
0:
      0   ldvar_  out
      5   [ <?> ] Type#37
     10   ret_  

[Prom (index 15)]
0:
      0   ldvar_  x
      5   [ <?> ] Type#42
     10   ret_  

[Prom (index 16)]
0:
      0   ldvar_  x
      5   [ <?> ] Type#47
     10   ret_  

NoRecord Type#34 (dep: #33)
NoRecord Type#38 (dep: #33)
NoRecord Type#41 (dep: #33)
NoRecord Type#45 (dep: #40)
NoRecord Type#48 (dep: #43)
NoRecord Type#50 (dep: #44)
== closure 0x55c004afc468 (env 0x55c0047c5fd0) ==
== dispatch table 0x55c006611d50 ==
= version 0 (0x55c006613c40) =
[sigature] needsEnv 
[flags]    
[stats]    invoked: 0, deopt: 0
0:
      0   push_  <blt as.character>
      5   dup_  
      6   ldvar_noforce_  as.character
     11   identical_noforce_  
     12   [ _ ] Test#0
     17   brtrue_  1
     22   pop_  
     23   ldfun_  as.character
     28   [ 0, <0>, valid  ] Call#0
     33   mk_promise_  0
     38   ; as.character(pattern)
          call_  1
     55   br_  2
1:
     60   ldvar_cached_  pattern{0}
     69   [ <?> ] Type#1
     74   ; as.character(pattern)
          call_  1
2:
     91   [ <?> ] Type#2
     96   stvar_cached_  pattern{0}
    105   ldfun_  is.factor
    110   [ 0, <0>, valid  ] Call#1
    115   mk_promise_  1
    120   ; is.factor(x)
          call_  1
    137   [ <?> ] Type#4
    142   ; is.factor(x)
          aslogical_  
    143   dup_  
    144   brfalse_  7
    149   push_  <blt length>
    154   dup_  
    155   ldvar_noforce_  length
    160   identical_noforce_  
    161   [ _ ] Test#1
    166   brtrue_  3
    171   pop_  
    172   ldfun_  length
    177   [ 0, <0>, valid  ] Call#2
    182   mk_promise_  2
    187   ; length(<-(levx, levels(x)))
          call_  1
    204   br_  4
3:
    209   ldfun_  levels
    214   [ 0, <0>, valid  ] Call#4
    219   mk_promise_  3
    224   ; levels(x)
          call_  1
    241   [ <?> ] Type#8
    246   dup_  
    247   invisible_  
    248   stvar_cached_  levx{2}
    257   ; length(<-(levx, levels(x)))
          call_  1
4:
    274   [ <?> ] Type#9
    279   push_  <blt length>
    284   dup_  
    285   ldvar_noforce_  length
    290   identical_noforce_  
    291   [ _ ] Test#2
    296   brtrue_  5
    301   pop_  
    302   ldfun_  length
    307   [ 0, <0>, valid  ] Call#5
    312   mk_promise_  4
    317   ; length(x)
          call_  1
    334   br_  6
5:
    339   ldvar_cached_  x{1}
    348   [ <?> ] Type#11
    353   ; length(x)
          call_  1
6:
    370   [ <?> ] Type#12
    375   ; <(length(<-(levx, levels(x))), length(x))
          lt_  
    376   [ <?> ] Type#13
    381   ; <(length(<-(levx, levels(x))), length(x))
          aslogical_  
    382   lgl_and_  
7:
    383   ; &&(is.factor(x), <(length(<-(levx, levels(x)))|...
          aslogical_  
    384   dup_  
    385   brfalse_  13
    390   push_  <blt is.na>
    395   dup_  
    396   ldvar_noforce_  is.na
    401   identical_noforce_  
    402   [ _ ] Test#3
    407   brtrue_  8
    412   pop_  
    413   ldfun_  is.na
    418   [ 0, <0>, valid  ] Call#6
    423   mk_promise_  5
    428   ; is.na([(pattern, 1L))
          call_  1
    445   br_  12
8:
    450   ldvar_cached_  pattern{0}
    459   dup_  
    460   is_  NonObject
    465   [ _ ] Test#5
    470   brfalse_  9
    475   br_  10
9:
    480   push_  1L
    485   br_  11
10:
    490   push_  1L
    495   visible_  
11:
    496   ; [(pattern, 1L)
          extract1_1_  
    497   [ <?> ] Type#17
    502   visible_  
    503   ; is.na([(pattern, 1L))
          call_  1
12:
    520   [ <?> ] Type#18
    525   ; !(is.na([(pattern, 1L)))
          not_  
    526   ; !(is.na([(pattern, 1L)))
          aslogical_  
    527   lgl_and_  
13:
    528   asbool_  
    529   brtrue_  18
    534   push_  <blt is.character>
    539   dup_  
    540   ldvar_noforce_  is.character
    545   identical_noforce_  
    546   [ _ ] Test#6
    551   brtrue_  14
    556   pop_  
    557   ldfun_  is.character
    562   [ 0, <0>, valid  ] Call#7
    567   mk_promise_  6
    572   ; is.character(x)
          call_  1
    589   br_  15
14:
    594   ldvar_cached_  x{1}
    603   [ <?> ] Type#20
    608   ; is.character(x)
          call_  1
15:
    625   [ <?> ] Type#21
    630   ; !(is.character(x))
          not_  
    631   asbool_  
    632   brtrue_  16
    637   br_  17
16:
    642   ldfun_  structure
    647   [ 0, <0>, valid  ] Call#8
    652   mk_promise_  7
    657   mk_promise_  8
    662   ; structure(as.character(x), names=names(x))
          named_call_  2 [ _ names ]
    687   [ <?> ] Type#26
    692   stvar_cached_  x{1}
17:
    701   ldvar_cached_  pattern{0}
    710   [ <?> ] Type#27
    715   ldvar_cached_  x{1}
    724   [ <?> ] Type#28
    729   ldvar_cached_  ignore.case{5}
    738   [ <?> ] Type#29
    743   ldvar_cached_  value{3}
    752   [ <?> ] Type#30
    757   ldvar_cached_  perl{6}
    766   [ <?> ] Type#31
    771   ldvar_cached_  fixed{7}
    780   [ <?> ] Type#32
    785   ldvar_cached_  useBytes{8}
    794   [ <?> ] Type#33
    799   ldvar_cached_  invert{9}
    808   [ <?> ] Type#34
    813   call_builtin_  8 : <blt grep>
    826   br_  34
18:
    831   push_  <blt is.character>
    836   dup_  
    837   ldvar_noforce_  is.character
    842   identical_noforce_  
    843   [ _ ] Test#7
    848   brtrue_  19
    853   pop_  
    854   ldfun_  is.character
    859   [ 0, <0>, valid  ] Call#11
    864   mk_promise_  9
    869   ; is.character(<-(idxna, suppressWarnings(grep(p|...
          call_  1
    886   br_  20
19:
    891   ldfun_  suppressWarnings
    896   [ 0, <0>, valid  ] Call#14
    901   mk_promise_  a
    906   ; suppressWarnings(grep(pattern, NA, ignore.case|...
          call_  1
    923   [ <?> ] Type#52
    928   dup_  
    929   invisible_  
    930   stvar_cached_  idxna{4}
    939   ; is.character(<-(idxna, suppressWarnings(grep(p|...
          call_  1
20:
    956   [ <?> ] Type#53
    961   stvar_cached_  value{3}
    970   ldfun_  logical
    975   [ 0, <0>, valid  ] Call#16
    980   mk_promise_  b
    985   ; logical(length(levx))
          call_  1
   1002   [ <?> ] Type#56
   1007   stvar_cached_  idx{10}
   1016   push_  TRUE
   1021   visible_  
   1022   ldvar_for_update_cache_  idx{10}
   1031   [ <?> ] Type#57
   1036   ldfun_  grep
   1041   [ 0, <0>, valid  ] Call#18
   1046   mk_promise_  c
   1051   mk_promise_  d
   1056   mk_promise_  e
   1061   mk_promise_  f
   1066   push_  FALSE
   1071   mk_promise_  10
   1076   mk_promise_  11
   1081   mk_promise_  12
   1086   ; grep(pattern, levx, ignore.case, perl, FALSE, |...
          call_  8
   1103   [ <?> ] Type#65
   1108   ; <-([(idx, grep(pattern, levx, ignore.case, per|...
          subassign1_1_  
   1109   stvar_cached_  idx{10}
   1118   ldvar_cached_  idx{10}
   1127   dup_  
   1128   is_  NonObject
   1133   [ _ ] Test#8
   1138   brfalse_  21
   1143   br_  22
21:
   1148   mk_promise_  13
   1153   br_  23
22:
   1158   ldvar_cached_  x{1}
   1167   [ <?> ] Type#68
23:
   1172   ; [(idx, x)
          extract1_1_  
   1173   [ <?> ] Type#69
   1178   visible_  
   1179   stvar_cached_  idx{10}
   1188   push_  <blt length>
   1193   dup_  
   1194   ldvar_noforce_  length
   1199   identical_noforce_  
   1200   [ _ ] Test#9
   1205   brtrue_  24
   1210   pop_  
   1211   ldfun_  length
   1216   [ 0, <0>, valid  ] Call#19
   1221   mk_promise_  14
   1226   ; length(idxna)
          call_  1
   1243   br_  25
24:
   1248   ldvar_cached_  idxna{4}
   1257   ; length(idxna)
          call_  1
25:
   1274   [ <?> ] Type#72
   1279   asbool_  
   1280   brtrue_  26
   1285   br_  29
26:
   1290   push_  TRUE
   1295   visible_  
   1296   ldvar_for_update_cache_  idx{10}
   1305   [ <?> ] Type#73
   1310   push_  <blt is.na>
   1315   dup_  
   1316   ldvar_noforce_  is.na
   1321   identical_noforce_  
   1322   [ _ ] Test#10
   1327   brtrue_  27
   1332   pop_  
   1333   ldfun_  is.na
   1338   [ 0, <0>, valid  ] Call#20
   1343   mk_promise_  15
   1348   ; is.na(x)
          call_  1
   1365   br_  28
27:
   1370   ldvar_cached_  x{1}
   1379   [ <?> ] Type#75
   1384   ; is.na(x)
          call_  1
28:
   1401   [ <?> ] Type#76
   1406   ; <-([(idx, is.na(x)), TRUE)
          subassign1_1_  
   1407   stvar_cached_  idx{10}
29:
   1416   ldfun_  which
   1421   [ 0, <0>, valid  ] Call#21
   1426   mk_promise_  16
   1431   ; which(idx)
          call_  1
   1448   [ <?> ] Type#78
   1453   stvar_cached_  idx{10}
   1462   ldvar_cached_  value{3}
   1471   asbool_  
   1472   brtrue_  30
   1477   ldvar_cached_  idx{10}
   1486   [ <?> ] Type#80
   1491   br_  34
30:
   1496   ldvar_cached_  x{1}
   1505   [ <?> ] Type#81
   1510   dup_  
   1511   is_  NonObject
   1516   [ _ ] Test#11
   1521   brfalse_  31
   1526   br_  32
31:
   1531   mk_promise_  17
   1536   br_  33
32:
   1541   ldvar_cached_  idx{10}
   1550   [ <?> ] Type#83
33:
   1555   ; [(x, idx)
          extract1_1_  
   1556   [ <?> ] Type#84
   1561   visible_  
   1562   stvar_cached_  idx{10}
   1571   ldfun_  structure
   1576   [ 0, <0>, valid  ] Call#22
   1581   mk_promise_  18
   1586   mk_promise_  19
   1591   ; structure(as.character(idx), names=names(idx))
          named_call_  2 [ _ names ]
   1616   [ <?> ] Type#89
34:
   1621   ret_  

[Prom (index 0)]
0:
      0   ldvar_  pattern
      5   [ <?> ] Type#0
     10   ret_  

[Prom (index 1)]
0:
      0   ldvar_  x
      5   [ <?> ] Type#3
     10   ret_  

[Prom (index 2)]
0:
      0   ldfun_  levels
      5   [ 0, <0>, valid  ] Call#3
     10   mk_promise_  0
     15   ; levels(x)
          call_  1
     32   [ <?> ] Type#6
     37   dup_  
     38   invisible_  
     39   stvar_  levx
     44   ret_  

[Prom (index 2.0)]
0:
      0   ldvar_  x
      5   [ <?> ] Type#5
     10   ret_  

[Prom (index 3)]
0:
      0   ldvar_  x
      5   [ <?> ] Type#7
     10   ret_  

[Prom (index 4)]
0:
      0   ldvar_  x
      5   [ <?> ] Type#10
     10   ret_  

[Prom (index 5)]
0:
      0   ldvar_  pattern
      5   [ <?> ] Type#14
     10   dup_  
     11   is_  NonObject
     16   [ _ ] Test#4
     21   brfalse_  1
     26   br_  2
1:
     31   push_  1L
     36   br_  3
2:
     41   push_  1L
     46   visible_  
3:
     47   ; [(pattern, 1L)
          extract1_1_  
     48   [ <?> ] Type#15
     53   visible_  
     54   ret_  

[Prom (index 6)]
0:
      0   ldvar_  x
      5   [ <?> ] Type#19
     10   ret_  

[Prom (index 7)]
0:
      0   ldfun_  as.character
      5   [ 0, <0>, valid  ] Call#9
     10   mk_promise_  0
     15   ; as.character(x)
          call_  1
     32   [ <?> ] Type#23
     37   ret_  

[Prom (index 7.0)]
0:
      0   ldvar_  x
      5   [ <?> ] Type#22
     10   ret_  

[Prom (index 8)]
0:
      0   ldfun_  names
      5   [ 0, <0>, valid  ] Call#10
     10   mk_promise_  0
     15   ; names(x)
          call_  1
     32   [ <?> ] Type#25
     37   ret_  

[Prom (index 8.0)]
0:
      0   ldvar_  x
      5   [ <?> ] Type#24
     10   ret_  

[Prom (index 9)]
0:
      0   ldfun_  suppressWarnings
      5   [ 0, <0>, valid  ] Call#12
     10   mk_promise_  0
     15   ; suppressWarnings(grep(pattern, NA, ignore.case|...
          call_  1
     32   [ <?> ] Type#43
     37   dup_  
     38   invisible_  
     39   stvar_  idxna
     44   ret_  

[Prom (index 9.0)]
0:
      0   ldfun_  grep
      5   [ 0, <0>, valid  ] Call#13
     10   mk_promise_  0
     15   push_  NA
     20   mk_promise_  1
     25   mk_promise_  2
     30   mk_promise_  3
     35   mk_promise_  4
     40   mk_promise_  5
     45   mk_promise_  6
     50   ; grep(pattern, NA, ignore.case, perl, value, fi|...
          call_  8
     67   [ <?> ] Type#42
     72   ret_  

[Prom (index 9.0.0)]
0:
      0   ldvar_  pattern
      5   [ <?> ] Type#35
     10   ret_  

[Prom (index 9.0.1)]
0:
      0   ldvar_  ignore.case
      5   [ <?> ] Type#36
     10   ret_  

[Prom (index 9.0.2)]
0:
      0   ldvar_  perl
      5   [ <?> ] Type#37
     10   ret_  

[Prom (index 9.0.3)]
0:
      0   ldvar_  value
      5   [ <?> ] Type#38
     10   ret_  

[Prom (index 9.0.4)]
0:
      0   ldvar_  fixed
      5   [ <?> ] Type#39
     10   ret_  

[Prom (index 9.0.5)]
0:
      0   ldvar_  useBytes
      5   [ <?> ] Type#40
     10   ret_  

[Prom (index 9.0.6)]
0:
      0   ldvar_  invert
      5   [ <?> ] Type#41
     10   ret_  

[Prom (index 10)]
0:
      0   ldfun_  grep
      5   [ 0, <0>, valid  ] Call#15
     10   mk_promise_  0
     15   push_  NA
     20   mk_promise_  1
     25   mk_promise_  2
     30   mk_promise_  3
     35   mk_promise_  4
     40   mk_promise_  5
     45   mk_promise_  6
     50   ; grep(pattern, NA, ignore.case, perl, value, fi|...
          call_  8
     67   [ <?> ] Type#51
     72   ret_  

[Prom (index 10.0)]
0:
      0   ldvar_  pattern
      5   [ <?> ] Type#44
     10   ret_  

[Prom (index 10.1)]
0:
      0   ldvar_  ignore.case
      5   [ <?> ] Type#45
     10   ret_  

[Prom (index 10.2)]
0:
      0   ldvar_  perl
      5   [ <?> ] Type#46
     10   ret_  

[Prom (index 10.3)]
0:
      0   ldvar_  value
      5   [ <?> ] Type#47
     10   ret_  

[Prom (index 10.4)]
0:
      0   ldvar_  fixed
      5   [ <?> ] Type#48
     10   ret_  

[Prom (index 10.5)]
0:
      0   ldvar_  useBytes
      5   [ <?> ] Type#49
     10   ret_  

[Prom (index 10.6)]
0:
      0   ldvar_  invert
      5   [ <?> ] Type#50
     10   ret_  

[Prom (index 11)]
0:
      0   ldfun_  length
      5   [ 0, <0>, valid  ] Call#17
     10   mk_promise_  0
     15   ; length(levx)
          call_  1
     32   [ <?> ] Type#55
     37   ret_  

[Prom (index 11.0)]
0:
      0   ldvar_  levx
      5   [ <?> ] Type#54
     10   ret_  

[Prom (index 12)]
0:
      0   ldvar_  pattern
      5   [ <?> ] Type#58
     10   ret_  

[Prom (index 13)]
0:
      0   ldvar_  levx
      5   [ <?> ] Type#59
     10   ret_  

[Prom (index 14)]
0:
      0   ldvar_  ignore.case
      5   [ <?> ] Type#60
     10   ret_  

[Prom (index 15)]
0:
      0   ldvar_  perl
      5   [ <?> ] Type#61
     10   ret_  

[Prom (index 16)]
0:
      0   ldvar_  fixed
      5   [ <?> ] Type#62
     10   ret_  

[Prom (index 17)]
0:
      0   ldvar_  useBytes
      5   [ <?> ] Type#63
     10   ret_  

[Prom (index 18)]
0:
      0   ldvar_  invert
      5   [ <?> ] Type#64
     10   ret_  

[Prom (index 19)]
0:
      0   ldvar_  x
      5   [ <?> ] Type#67
     10   ret_  

[Prom (index 20)]
0:
      0   ldvar_  idxna
      5   [ <?> ] Type#70
     10   ret_  

[Prom (index 21)]
0:
      0   ldvar_  x
      5   [ <?> ] Type#74
     10   ret_  

[Prom (index 22)]
0:
      0   ldvar_  idx
      5   [ <?> ] Type#77
     10   ret_  

[Prom (index 23)]
0:
      0   ldvar_  idx
      5   [ <?> ] Type#82
     10   ret_  

[Prom (index 24)]
0:
      0   ldfun_  as.character
      5   [ 0, <0>, valid  ] Call#23
     10   mk_promise_  0
     15   ; as.character(idx)
          call_  1
     32   [ <?> ] Type#86
     37   ret_  

[Prom (index 24.0)]
0:
      0   ldvar_  idx
      5   [ <?> ] Type#85
     10   ret_  

[Prom (index 25)]
0:
      0   ldfun_  names
      5   [ 0, <0>, valid  ] Call#24
     10   mk_promise_  0
     15   ; names(idx)
          call_  1
     32   [ <?> ] Type#88
     37   ret_  

[Prom (index 25.0)]
0:
      0   ldvar_  idx
      5   [ <?> ] Type#87
     10   ret_  

NoRecord Type#16 (dep: #2)
NoRecord Type#66 (dep: #56)
NoRecord Type#71 (dep: #52)
NoRecord Type#79 (dep: #53)
== closure 0x55c004b7e2a0 (env 0x55c0047c5fd0) ==
== dispatch table 0x55c006614570 ==
= version 0 (0x55c005d71a78) =
[sigature] needsEnv 
[flags]    
[stats]    invoked: 0, deopt: 0
0:
      0   ldfun_  UseMethod
      5   [ 0, <0>, valid  ] Call#0
     10   push_  "close"
     15   ; UseMethod("close")
          call_  1
     32   [ <?> ] Type#0
     37   ret_  

== closure 0x55c0066265b0 (env 0x55c0047c5fd0) ==
== dispatch table 0x55c006612420 ==
= version 0 (0x55c005d71bd8) =
[sigature] needsEnv 
[flags]    
[stats]    invoked: 0, deopt: 0
0:
      0   ldfun_  .Internal
      5   [ 0, <0>, valid  ] Call#0
     10   mk_promise_  0
     15   ; .Internal(withVisible(x))
          call_  1
     32   [ <?> ] Type#2
     37   ret_  

[Prom (index 0)]
0:
      0   ldfun_  withVisible
      5   [ 0, <0>, valid  ] Call#1
     10   mk_promise_  0
     15   ; withVisible(x)
          call_  1
     32   [ <?> ] Type#1
     37   ret_  

[Prom (index 0.0)]
0:
      0   ldvar_  x
      5   [ <?> ] Type#0
     10   ret_  

== closure 0x55c0048ab6a8 (env 0x55c0047c5fd0) ==
== dispatch table 0x55c0065bb450 ==
= version 0 (0x55c0065a6450) =
[sigature] needsEnv 
[flags]    
[stats]    invoked: 0, deopt: 0
0:
      0   ldvar_cached_  expr{0}
      9   [ <?> ] Type#5
     14   ldvar_cached_  envir{1}
     23   [ <?> ] Type#6
     28   ldvar_cached_  enclos{2}
     37   [ <?> ] Type#7
     42   call_builtin_  3 : <blt eval>
     55   ret_  

NoRecord Type#2 (dep: #1)
== closure 0x55c005826be0 (env 0x55c0047c5fd0) ==
== dispatch table 0x55c006628a40 ==
= version 0 (0x55c005d71c88) =
[sigature] needsEnv 
[flags]    
[stats]    invoked: 0, deopt: 0
0:
      0   push_  <blt is.expression>
      5   dup_  
      6   ldvar_noforce_  is.expression
     11   identical_noforce_  
     12   [ _ ] Test#0
     17   brtrue_  1
     22   pop_  
     23   ldfun_  is.expression
     28   [ 0, <0>, valid  ] Call#0
     33   mk_promise_  0
     38   ; is.expression(x)
          call_  1
     55   br_  2
1:
     60   ldvar_cached_  x{0}
     69   [ <?> ] Type#1
     74   ; is.expression(x)
          call_  1
2:
     91   [ <?> ] Type#2
     96   asbool_  
     97   brtrue_  3
    102   br_  4
3:
    107   push_  "expression"
    112   visible_  
    113   ret_  
4:
    114   push_  <blt is.call>
    119   dup_  
    120   ldvar_noforce_  is.call
    125   identical_noforce_  
    126   [ _ ] Test#1
    131   brtrue_  5
    136   pop_  
    137   ldfun_  is.call
    142   [ 0, <0>, valid  ] Call#1
    147   mk_promise_  1
    152   ; is.call(x)
          call_  1
    169   br_  6
5:
    174   ldvar_cached_  x{0}
    183   [ <?> ] Type#4
    188   ; is.call(x)
          call_  1
6:
    205   [ <?> ] Type#5
    210   asbool_  
    211   brtrue_  7
    216   br_  21
7:
    221   ldfun_  deparse
    226   [ 0, <0>, valid  ] Call#2
    231   mk_promise_  2
    236   ; deparse([[(x, 1L))
          call_  1
    253   [ <?> ] Type#8
    258   dup_  
    259   is_  NonObject
    264   [ _ ] Test#3
    269   brfalse_  8
    274   br_  9
8:
    279   push_  1L
    284   br_  10
9:
    289   push_  1L
    294   visible_  
10:
    295   ; [(deparse([[(x, 1L)), 1L)
          extract1_1_  
    296   [ <?> ] Type#9
    301   visible_  
    302   dup_  
    303   is_  Vector
    308   [ _ ] Test#4
    313   brtrue_  11
    318   br_  12
11:
    323   dup_  
    324   length_  
    325   push_  1L
    330   ; NULL
          eq_  
    331   [ _ ] Test#5
    336   brtrue_  13
12:
    341   push_  TRUE
    346   push_  "EXPR must be a length 1 vector"
    351   call_builtin_  2 : <blt stop>
    364   return_  
13:
    365   dup_  
    366   is_  Factor
    371   [ _ ] Test#6
    376   brfalse_  14
    381   push_  TRUE
    386   push_  FALSE
    391   push_  FALSE
    396   push_  "EXPR is a "factor", treated as integer.
 Cons|...
    401   call_builtin_  4 : <blt warning>
    414   pop_  
14:
    415   dup_  
    416   is_  character
    421   [ _ ] Test#7
    426   brtrue_  15
    431   as_switch_idx_  
    432   dup_  
    433   push_  1L
    438   ; NULL
          eq_  
    439   asbool_  
    440   [ _ ] Test#8
    445   brtrue_  17
    450   dup_  
    451   push_  2L
    456   ; NULL
          eq_  
    457   asbool_  
    458   [ _ ] Test#9
    463   brtrue_  18
    468   br_  19
15:
    473   dup_  
    474   call_builtin_  1 : <blt is.na>
    487   asbool_  
    488   [ _ ] Test#10
    493   brfalse_  16
    498   pop_  
    499   push_  "NA"
16:
    504   dup_  
    505   push_  (
    510   ; NULL
          eq_  
    511   asbool_  
    512   [ _ ] Test#11
    517   brtrue_  17
    522   br_  18
17:
    527   pop_  
    528   push_  "("
    533   visible_  
    534   br_  20
18:
    539   pop_  
    540   push_  "call"
    545   visible_  
    546   br_  20
19:
    551   pop_  
    552   push_  NULL
20:
    557   ret_  
21:
    558   push_  <blt is.symbol>
    563   dup_  
    564   ldvar_noforce_  is.name
    569   identical_noforce_  
    570   [ _ ] Test#12
    575   brtrue_  22
    580   pop_  
    581   ldfun_  is.name
    586   [ 0, <0>, valid  ] Call#3
    591   mk_promise_  3
    596   ; is.name(x)
          call_  1
    613   br_  23
22:
    618   ldvar_cached_  x{0}
    627   [ <?> ] Type#11
    632   ; is.name(x)
          call_  1
23:
    649   [ <?> ] Type#12
    654   asbool_  
    655   brtrue_  38
    660   ldfun_  typeof
    665   [ 0, <0>, valid  ] Call#4
    670   mk_promise_  4
    675   ; typeof(x)
          call_  1
    692   [ <?> ] Type#14
    697   dup_  
    698   invisible_  
    699   stvar_cached_  tx{1}
    708   dup_  
    709   is_  Vector
    714   [ _ ] Test#13
    719   brtrue_  24
    724   br_  25
24:
    729   dup_  
    730   length_  
    731   push_  1L
    736   ; NULL
          eq_  
    737   [ _ ] Test#14
    742   brtrue_  26
25:
    747   push_  TRUE
    752   push_  "EXPR must be a length 1 vector"
    757   call_builtin_  2 : <blt stop>
    770   return_  
26:
    771   dup_  
    772   is_  Factor
    777   [ _ ] Test#15
    782   brfalse_  27
    787   push_  TRUE
    792   push_  FALSE
    797   push_  FALSE
    802   push_  "EXPR is a "factor", treated as integer.
 Cons|...
    807   call_builtin_  4 : <blt warning>
    820   pop_  
27:
    821   dup_  
    822   is_  character
    827   [ _ ] Test#16
    832   brtrue_  28
    837   as_switch_idx_  
    838   dup_  
    839   push_  1L
    844   ; NULL
          eq_  
    845   asbool_  
    846   [ _ ] Test#17
    851   brtrue_  30
    856   dup_  
    857   push_  2L
    862   ; NULL
          eq_  
    863   asbool_  
    864   [ _ ] Test#18
    869   brtrue_  31
    874   dup_  
    875   push_  3L
    880   ; NULL
          eq_  
    881   asbool_  
    882   [ _ ] Test#19
    887   brtrue_  32
    892   dup_  
    893   push_  4L
    898   ; NULL
          eq_  
    899   asbool_  
    900   [ _ ] Test#20
    905   brtrue_  33
    910   dup_  
    911   push_  5L
    916   ; NULL
          eq_  
    917   asbool_  
    918   [ _ ] Test#21
    923   brtrue_  34
    928   dup_  
    929   push_  6L
    934   ; NULL
          eq_  
    935   asbool_  
    936   [ _ ] Test#22
    941   brtrue_  35
    946   br_  36
28:
    951   dup_  
    952   call_builtin_  1 : <blt is.na>
    965   asbool_  
    966   [ _ ] Test#23
    971   brfalse_  29
    976   pop_  
    977   push_  "NA"
29:
    982   dup_  
    983   push_  double
    988   ; NULL
          eq_  
    989   asbool_  
    990   [ _ ] Test#24
    995   brtrue_  31
   1000   dup_  
   1001   push_  integer
   1006   ; NULL
          eq_  
   1007   asbool_  
   1008   [ _ ] Test#25
   1013   brtrue_  31
   1018   dup_  
   1019   push_  closure
   1024   ; NULL
          eq_  
   1025   asbool_  
   1026   [ _ ] Test#26
   1031   brtrue_  34
   1036   dup_  
   1037   push_  builtin
   1042   ; NULL
          eq_  
   1043   asbool_  
   1044   [ _ ] Test#27
   1049   brtrue_  34
   1054   dup_  
   1055   push_  special
   1060   ; NULL
          eq_  
   1061   asbool_  
   1062   [ _ ] Test#28
   1067   brtrue_  34
   1072   br_  35
30:
   1077   push_  TRUE
   1082   push_  "empty alternative in numeric switch"
   1087   call_builtin_  2 : <blt stop>
   1100   return_  
31:
   1101   pop_  
   1102   push_  "numeric"
   1107   visible_  
   1108   br_  37
32:
   1113   push_  TRUE
   1118   push_  "empty alternative in numeric switch"
   1123   call_builtin_  2 : <blt stop>
   1136   return_  
33:
   1137   push_  TRUE
   1142   push_  "empty alternative in numeric switch"
   1147   call_builtin_  2 : <blt stop>
   1160   return_  
34:
   1161   pop_  
   1162   push_  "function"
   1167   visible_  
   1168   br_  37
35:
   1173   pop_  
   1174   ldvar_cached_  tx{1}
   1183   br_  37
36:
   1188   pop_  
   1189   push_  NULL
37:
   1194   br_  39
38:
   1199   push_  "name"
   1204   visible_  
39:
   1205   ret_  

[Prom (index 0)]
0:
      0   ldvar_  x
      5   [ <?> ] Type#0
     10   ret_  

[Prom (index 1)]
0:
      0   ldvar_  x
      5   [ <?> ] Type#3
     10   ret_  

[Prom (index 2)]
0:
      0   ldvar_  x
      5   [ <?> ] Type#6
     10   dup_  
     11   is_  NonObject
     16   [ _ ] Test#2
     21   brfalse_  1
     26   br_  2
1:
     31   push_  1L
     36   br_  3
2:
     41   push_  1L
     46   visible_  
3:
     47   ; [[(x, 1L)
          extract2_1_  
     48   [ <?> ] Type#7
     53   visible_  
     54   ret_  

[Prom (index 3)]
0:
      0   ldvar_  x
      5   [ <?> ] Type#10
     10   ret_  

[Prom (index 4)]
0:
      0   ldvar_  x
      5   [ <?> ] Type#13
     10   ret_  

NoRecord Type#15 (dep: #14)
== closure 0x55c006625708 (env 0x55c0047c5fd0) ==
== dispatch table 0x55c006628440 ==
= version 0 (0x55c005a01710) =
[sigature] needsEnv 
[flags]    
[stats]    invoked: 0, deopt: 0
0:
      0   ldvar_cached_  expr{0}
      9   [ <?> ] Type#5
     14   ldvar_cached_  width.cutoff{1}
     23   [ <?> ] Type#6
     28   ldvar_cached_  backtick{2}
     37   [ <?> ] Type#7
     42   ldfun_  .deparseOpts
     47   [ 0, <0>, valid  ] Call#4
     52   mk_promise_  0
     57   ; .deparseOpts(control)
          call_  1
     74   [ <?> ] Type#9
     79   ldvar_cached_  nlines{4}
     88   [ <?> ] Type#10
     93   call_builtin_  5 : <blt deparse>
    106   ret_  

[Prom (index 0)]
0:
      0   ldvar_  control
      5   [ <?> ] Type#8
     10   ret_  

== closure 0x55c0066294b8 (env 0x55c0047c5fd0) ==
== dispatch table 0x55c0065f2890 ==
= version 0 (0x55c005d61688) =
[sigature] needsEnv 
[flags]    
[stats]    invoked: 0, deopt: 0
0:
      0   push_  <blt length>
      5   dup_  
      6   ldvar_noforce_  length
     11   identical_noforce_  
     12   [ _ ] Test#0
     17   brtrue_  1
     22   pop_  
     23   ldfun_  length
     28   [ 0, <0>, valid  ] Call#0
     33   mk_promise_  0
     38   ; length(control)
          call_  1
     55   br_  2
1:
     60   ldvar_cached_  control{0}
     69   [ <?> ] Type#1
     74   ; length(control)
          call_  1
2:
     91   [ <?> ] Type#2
     96   ; !(length(control))
          not_  
     97   asbool_  
     98   brtrue_  3
    103   br_  4
3:
    108   push_  0
    113   visible_  
    114   ret_  
4:
    115   ldfun_  pmatch
    120   [ 0, <0>, valid  ] Call#1
    125   mk_promise_  1
    130   mk_promise_  2
    135   ; pmatch(as.character(control), ..deparseOpts)
          call_  2
    152   [ <?> ] Type#6
    157   stvar_cached_  opts{1}
    166   push_  <blt anyNA>
    171   dup_  
    172   ldvar_noforce_  anyNA
    177   identical_noforce_  
    178   [ _ ] Test#1
    183   brtrue_  5
    188   pop_  
    189   ldfun_  anyNA
    194   [ 0, <0>, valid  ] Call#3
    199   mk_promise_  3
    204   ; anyNA(opts)
          call_  1
    221   br_  6
5:
    226   ldvar_cached_  opts{1}
    235   ; anyNA(opts)
          call_  1
6:
    252   [ <?> ] Type#9
    257   asbool_  
    258   brtrue_  7
    263   br_  8
7:
    268   ldfun_  stop
    273   [ 0, <0>, valid  ] Call#4
    278   mk_promise_  4
    283   push_  FALSE
    288   push_  NA
    293   ; stop(sprintf(ngettext(as.integer(sum(is.na(opt|...
          named_call_  3 [ _ call. domain ]
    322   pop_  
8:
    323   push_  <blt any>
    328   dup_  
    329   ldvar_noforce_  any
    334   identical_noforce_  
    335   [ _ ] Test#3
    340   brtrue_  9
    345   pop_  
    346   ldfun_  any
    351   [ 0, <0>, valid  ] Call#14
    356   mk_promise_  5
    361   ; any(==(opts, 1L))
          call_  1
    378   br_  10
9:
    383   ldvar_cached_  opts{1}
    392   push_  1L
    397   visible_  
    398   ; ==(opts, 1L)
          eq_  
    399   [ <?> ] Type#27
    404   ; any(==(opts, 1L))
          call_  1
10:
    421   [ <?> ] Type#28
    426   asbool_  
    427   brtrue_  15
    432   push_  <blt any>
    437   dup_  
    438   ldvar_noforce_  any
    443   identical_noforce_  
    444   [ _ ] Test#4
    449   brtrue_  11
    454   pop_  
    455   ldfun_  any
    460   [ 0, <0>, valid  ] Call#15
    465   mk_promise_  6
    470   ; any(==(opts, 13L))
          call_  1
    487   br_  12
11:
    492   ldvar_cached_  opts{1}
    501   [ <?> ] Type#31
    506   push_  13L
    511   visible_  
    512   ; ==(opts, 13L)
          eq_  
    513   [ <?> ] Type#32
    518   ; any(==(opts, 13L))
          call_  1
12:
    535   [ <?> ] Type#33
    540   asbool_  
    541   brtrue_  13
    546   br_  14
13:
    551   ldfun_  unique
    556   [ 0, <0>, valid  ] Call#16
    561   mk_promise_  7
    566   ; unique(c([(opts, !=(opts, 13L)), :(2, 6), 8L, |...
          call_  1
    583   [ <?> ] Type#42
    588   stvar_cached_  opts{1}
14:
    597   br_  20
15:
    602   push_  <blt any>
    607   dup_  
    608   ldvar_noforce_  any
    613   identical_noforce_  
    614   [ _ ] Test#6
    619   brtrue_  16
    624   pop_  
    625   ldfun_  any
    630   [ 0, <0>, valid  ] Call#18
    635   mk_promise_  8
    640   ; any(==(opts, 13L))
          call_  1
    657   br_  17
16:
    662   ldvar_cached_  opts{1}
    671   [ <?> ] Type#45
    676   push_  13L
    681   visible_  
    682   ; ==(opts, 13L)
          eq_  
    683   [ <?> ] Type#46
    688   ; any(==(opts, 13L))
          call_  1
17:
    705   [ <?> ] Type#47
    710   asbool_  
    711   brtrue_  18
    716   br_  19
18:
    721   ldfun_  stop
    726   [ 0, <0>, valid  ] Call#19
    731   push_  ""all" and "exact" are mutually exclusive"
    736   ; stop(""all" and "exact" are mutually exclusive")
          call_  1
    753   pop_  
19:
    754   ldfun_  unique
    759   [ 0, <0>, valid  ] Call#20
    764   mk_promise_  9
    769   ; unique(c([(opts, !=(opts, 1L)), :(2, 6), 8L, i|...
          call_  1
    786   [ <?> ] Type#59
    791   stvar_cached_  opts{1}
20:
    800   ldfun_  %in%
    805   [ 0, <0>, valid  ] Call#23
    810   push_  10L
    815   mk_promise_  a
    820   ; %in%(10L, opts)
          call_  2
    837   [ <?> ] Type#61
    842   ; %in%(10L, opts)
          aslogical_  
    843   dup_  
    844   brfalse_  21
    849   ldfun_  %in%
    854   [ 0, <0>, valid  ] Call#24
    859   push_  11L
    864   mk_promise_  b
    869   ; %in%(11L, opts)
          call_  2
    886   [ <?> ] Type#63
    891   ; %in%(11L, opts)
          aslogical_  
    892   lgl_and_  
21:
    893   asbool_  
    894   brtrue_  22
    899   br_  23
22:
    904   ldfun_  stop
    909   [ 0, <0>, valid  ] Call#25
    914   push_  ""hexNumeric" and "digits17" are mutually excl|...
    919   ; stop(""hexNumeric" and "digits17" are mutually|...
          call_  1
    936   pop_  
23:
    937   push_  <blt sum>
    942   dup_  
    943   ldvar_noforce_  sum
    948   identical_noforce_  
    949   [ _ ] Test#8
    954   brtrue_  24
    959   pop_  
    960   ldfun_  sum
    965   [ 0, <0>, valid  ] Call#26
    970   mk_promise_  c
    975   ; sum(^(2, ((-(opts, 2))))
          call_  1
    992   br_  25
24:
    997   push_  2
   1002   visible_  
   1003   ldvar_cached_  opts{1}
   1012   [ <?> ] Type#67
   1017   push_  2
   1022   visible_  
   1023   ; -(opts, 2)
          sub_  
   1024   [ <?> ] Type#68
   1029   visible_  
   1030   ; ^(2, ((-(opts, 2)))
          pow_  
   1031   [ <?> ] Type#69
   1036   ; sum(^(2, ((-(opts, 2))))
          call_  1
25:
   1053   [ <?> ] Type#70
   1058   ret_  

[Prom (index 0)]
0:
      0   ldvar_  control
      5   [ <?> ] Type#0
     10   ret_  

[Prom (index 1)]
0:
      0   ldfun_  as.character
      5   [ 0, <0>, valid  ] Call#2
     10   mk_promise_  0
     15   ; as.character(control)
          call_  1
     32   [ <?> ] Type#4
     37   ret_  

[Prom (index 1.0)]
0:
      0   ldvar_  control
      5   [ <?> ] Type#3
     10   ret_  

[Prom (index 2)]
0:
      0   ldvar_  ..deparseOpts
      5   [ <?> ] Type#5
     10   ret_  

[Prom (index 3)]
0:
      0   ldvar_  opts
      5   [ <?> ] Type#7
     10   ret_  

[Prom (index 4)]
0:
      0   ldfun_  sprintf
      5   [ 0, <0>, valid  ] Call#5
     10   mk_promise_  0
     15   mk_promise_  1
     20   ; sprintf(ngettext(as.integer(sum(is.na(opts))),|...
          call_  2
     37   [ <?> ] Type#23
     42   ret_  

[Prom (index 4.0)]
0:
      0   ldfun_  ngettext
      5   [ 0, <0>, valid  ] Call#6
     10   mk_promise_  0
     15   push_  "deparse option %s is not recognized"
     20   push_  "deparse options %s are not recognized"
     25   ; ngettext(as.integer(sum(is.na(opts))), "depars|...
          call_  3
     42   [ <?> ] Type#14
     47   ret_  

[Prom (index 4.0.0)]
0:
      0   ldfun_  as.integer
      5   [ 0, <0>, valid  ] Call#7
     10   mk_promise_  0
     15   ; as.integer(sum(is.na(opts)))
          call_  1
     32   [ <?> ] Type#13
     37   ret_  

[Prom (index 4.0.0.0)]
0:
      0   ldfun_  sum
      5   [ 0, <0>, valid  ] Call#8
     10   mk_promise_  0
     15   ; sum(is.na(opts))
          call_  1
     32   [ <?> ] Type#12
     37   ret_  

[Prom (index 4.0.0.0.0)]
0:
      0   ldfun_  is.na
      5   [ 0, <0>, valid  ] Call#9
     10   mk_promise_  0
     15   ; is.na(opts)
          call_  1
     32   [ <?> ] Type#11
     37   ret_  

[Prom (index 4.0.0.0.0.0)]
0:
      0   ldvar_  opts
      5   [ <?> ] Type#10
     10   ret_  

[Prom (index 4.1)]
0:
      0   ldfun_  paste
      5   [ 0, <0>, valid  ] Call#10
     10   mk_promise_  0
     15   push_  ", "
     20   ; paste(sQuote([(control, is.na(opts))), collaps|...
          named_call_  2 [ _ collapse ]
     45   [ <?> ] Type#22
     50   ret_  

[Prom (index 4.1.0)]
0:
      0   ldfun_  sQuote
      5   [ 0, <0>, valid  ] Call#11
     10   mk_promise_  0
     15   ; sQuote([(control, is.na(opts)))
          call_  1
     32   [ <?> ] Type#21
     37   ret_  

[Prom (index 4.1.0.0)]
0:
      0   ldvar_  control
      5   [ <?> ] Type#15
     10   dup_  
     11   is_  NonObject
     16   [ _ ] Test#2
     21   brfalse_  1
     26   br_  2
1:
     31   mk_promise_  0
     36   br_  3
2:
     41   ldfun_  is.na
     46   [ 0, <0>, valid  ] Call#13
     51   mk_promise_  1
     56   ; is.na(opts)
          call_  1
     73   [ <?> ] Type#19
3:
     78   ; [(control, is.na(opts))
          extract1_1_  
     79   [ <?> ] Type#20
     84   visible_  
     85   ret_  

[Prom (index 4.1.0.0.0)]
0:
      0   ldfun_  is.na
      5   [ 0, <0>, valid  ] Call#12
     10   mk_promise_  0
     15   ; is.na(opts)
          call_  1
     32   [ <?> ] Type#17
     37   ret_  

[Prom (index 4.1.0.0.0.0)]
0:
      0   ldvar_  opts
      5   [ <?> ] Type#16
     10   ret_  

[Prom (index 4.1.0.0.1)]
0:
      0   ldvar_  opts
      5   [ <?> ] Type#18
     10   ret_  

[Prom (index 5)]
0:
      0   ldvar_  opts
      5   [ <?> ] Type#24
     10   push_  1L
     15   visible_  
     16   ; ==(opts, 1L)
          eq_  
     17   [ <?> ] Type#25
     22   ret_  

[Prom (index 6)]
0:
      0   ldvar_  opts
      5   [ <?> ] Type#29
     10   push_  13L
     15   visible_  
     16   ; ==(opts, 13L)
          eq_  
     17   [ <?> ] Type#30
     22   ret_  

[Prom (index 7)]
0:
      0   ldfun_  c
      5   [ 0, <0>, valid  ] Call#17
     10   mk_promise_  0
     15   mk_promise_  1
     20   push_  8L
     25   push_  10L
     30   push_  12L
     35   ; c([(opts, !=(opts, 13L)), :(2, 6), 8L, 10L, 12L)
          call_  5
     52   [ <?> ] Type#41
     57   ret_  

[Prom (index 7.0)]
0:
      0   ldvar_  opts
      5   [ <?> ] Type#34
     10   dup_  
     11   is_  NonObject
     16   [ _ ] Test#5
     21   brfalse_  1
     26   br_  2
1:
     31   mk_promise_  0
     36   br_  3
2:
     41   ldvar_  opts
     46   push_  13L
     51   visible_  
     52   ; !=(opts, 13L)
          ne_  
     53   [ <?> ] Type#38
3:
     58   ; [(opts, !=(opts, 13L))
          extract1_1_  
     59   [ <?> ] Type#39
     64   visible_  
     65   ret_  

[Prom (index 7.0.0)]
0:
      0   ldvar_  opts
      5   [ <?> ] Type#35
     10   push_  13L
     15   visible_  
     16   ; !=(opts, 13L)
          ne_  
     17   [ <?> ] Type#36
     22   ret_  

[Prom (index 7.1)]
0:
      0   push_  2
      5   visible_  
      6   push_  6
     11   visible_  
     12   ; :(2, 6)
          colon_  
     13   [ <?> ] Type#40
     18   ret_  

[Prom (index 8)]
0:
      0   ldvar_  opts
      5   [ <?> ] Type#43
     10   push_  13L
     15   visible_  
     16   ; ==(opts, 13L)
          eq_  
     17   [ <?> ] Type#44
     22   ret_  

[Prom (index 9)]
0:
      0   ldfun_  c
      5   [ 0, <0>, valid  ] Call#21
     10   mk_promise_  0
     15   mk_promise_  1
     20   push_  8L
     25   mk_promise_  2
     30   push_  12L
     35   ; c([(opts, !=(opts, 1L)), :(2, 6), 8L, if(!(any|...
          call_  5
     52   [ <?> ] Type#58
     57   ret_  

[Prom (index 9.0)]
0:
      0   ldvar_  opts
      5   [ <?> ] Type#48
     10   dup_  
     11   is_  NonObject
     16   [ _ ] Test#7
     21   brfalse_  1
     26   br_  2
1:
     31   mk_promise_  0
     36   br_  3
2:
     41   ldvar_  opts
     46   push_  1L
     51   visible_  
     52   ; !=(opts, 1L)
          ne_  
     53   [ <?> ] Type#52
3:
     58   ; [(opts, !=(opts, 1L))
          extract1_1_  
     59   [ <?> ] Type#53
     64   visible_  
     65   ret_  

[Prom (index 9.0.0)]
0:
      0   ldvar_  opts
      5   [ <?> ] Type#49
     10   push_  1L
     15   visible_  
     16   ; !=(opts, 1L)
          ne_  
     17   [ <?> ] Type#50
     22   ret_  

[Prom (index 9.1)]
0:
      0   push_  2
      5   visible_  
      6   push_  6
     11   visible_  
     12   ; :(2, 6)
          colon_  
     13   [ <?> ] Type#54
     18   ret_  

[Prom (index 9.2)]
0:
      0   ldfun_  any
      5   [ 0, <0>, valid  ] Call#22
     10   mk_promise_  0
     15   ; any(==(opts, 10L))
          call_  1
     32   [ <?> ] Type#57
     37   ; !(any(==(opts, 10L)))
          not_  
     38   asbool_  
     39   brtrue_  1
     44   push_  NULL
     49   invisible_  
     50   br_  2
1:
     55   push_  11L
     60   visible_  
2:
     61   ret_  

[Prom (index 9.2.0)]
0:
      0   ldvar_  opts
      5   [ <?> ] Type#55
     10   push_  10L
     15   visible_  
     16   ; ==(opts, 10L)
          eq_  
     17   [ <?> ] Type#56
     22   ret_  

[Prom (index 10)]
0:
      0   ldvar_  opts
      5   [ <?> ] Type#60
     10   ret_  

[Prom (index 11)]
0:
      0   ldvar_  opts
      5   [ <?> ] Type#62
     10   ret_  

[Prom (index 12)]
0:
      0   push_  2
      5   visible_  
      6   ldvar_  opts
     11   [ <?> ] Type#64
     16   push_  2
     21   visible_  
     22   ; -(opts, 2)
          sub_  
     23   [ <?> ] Type#65
     28   visible_  
     29   ; ^(2, ((-(opts, 2)))
          pow_  
     30   [ <?> ] Type#66
     35   ret_  

NoRecord Type#8 (dep: #6)
NoRecord Type#26 (dep: #6)
NoRecord Type#37 (dep: #34)
NoRecord Type#51 (dep: #48)
== closure 0x55c005785e60 (env 0x55c0047c5fd0) ==
== dispatch table 0x55c00663d970 ==
= version 0 (0x55c0050ba920) =
[sigature] needsEnv 
[flags]    
[stats]    invoked: 0, deopt: 0
0:
      0   push_  <blt as.character>
      5   dup_  
      6   ldvar_noforce_  as.character
     11   identical_noforce_  
     12   [ _ ] Test#0
     17   brtrue_  1
     22   pop_  
     23   ldfun_  as.character
     28   [ 0, <0>, valid  ] Call#0
     33   mk_promise_  0
     38   ; as.character(x)
          call_  1
     55   br_  2
1:
     60   ldvar_cached_  x{0}
     69   [ <?> ] Type#1
     74   ; as.character(x)
          call_  1
2:
     91   [ <?> ] Type#2
     96   push_  <blt as.character>
    101   dup_  
    102   ldvar_noforce_  as.character
    107   identical_noforce_  
    108   [ _ ] Test#1
    113   brtrue_  3
    118   pop_  
    119   ldfun_  as.character
    124   [ 0, <0>, valid  ] Call#1
    129   mk_promise_  1
    134   ; as.character(table)
          call_  1
    151   br_  4
3:
    156   ldvar_cached_  table{1}
    165   [ <?> ] Type#4
    170   ; as.character(table)
          call_  1
4:
    187   [ <?> ] Type#5
    192   ldvar_cached_  nomatch{2}
    201   [ <?> ] Type#6
    206   ldvar_cached_  duplicates.ok{3}
    215   [ <?> ] Type#7
    220   call_builtin_  4 : <blt pmatch>
    233   ret_  

[Prom (index 0)]
0:
      0   ldvar_  x
      5   [ <?> ] Type#0
     10   ret_  

[Prom (index 1)]
0:
      0   ldvar_  table
      5   [ <?> ] Type#3
     10   ret_  

== closure 0x55c006561678 (env 0x55c0047c6078) ==
== dispatch table 0x55c006662700 ==
= version 0 (0x55c005b10760) =
[sigature] needsEnv 
[flags]    
[stats]    invoked: 0, deopt: 0
0:
      0   push_  0
      5   visible_  
      6   stvar_cached_  total{0}
     15   ldfun_  <-
     20   [ 0, <0>, valid  ] Call#0
     25   mk_promise_  0
     30   mk_promise_  1
     35   ; <-(class(name), tolower(name))
          call_  2
     52   pop_  
     53   push_  1
     58   visible_  
     59   force_  
     60   ldvar_cached_  iterations{3}
     69   [ <?> ] Type#4
     74   force_  
     75   ; :(1, iterations)
          colon_input_effects_  
     76   [ _ ] Test#0
     81   brtrue_  1
     86   ; :(1, iterations)
          colon_  
     87   ldfun_  for
     92   swap_  
     93   mk_eager_promise_  2
     98   mk_promise_  3
    103   ; for(i, :(1, iterations), {(<-(startTime, Sys.t|...
          call_  2
    120   pop_  
    121   br_  18
1:
    126   swap_  
    127   colon_cast_lhs_  
    128   [ <?> ] Type#25
    133   ensure_named_  
    134   swap_  
    135   colon_cast_rhs_  
    136   ensure_named_  
    137   [ <?> ] Type#26
    142   dup2_  
    143   ; NULL
          le_  
    144   [ _ ] Test#1
    149   brfalse_  2
    154   push_  1L
    159   br_  3
2:
    164   push_  -1L
3:
    169   swap_  
    170   pick_  2
    175   dup2_  
    176   ; NULL
          ne_  
    177   [ _ ] Test#2
    182   brfalse_  17
    187   dup_  
    188   stvar_cached_  i{2}
    197   pull_  2
    202   ensure_named_  
    203   ; NULL
          add_  
    204   ldfun_  Sys.time
    209   [ 0, <0>, valid  ] Call#11
    214   ; Sys.time()
          call_  0
    231   [ <?> ] Type#27
    236   stvar_cached_  startTime{4}
    245   ldfun_  innerBenchmarkLoop
    250   [ 0, <0>, valid  ] Call#12
    255   mk_promise_  4
    260   mk_promise_  5
    265   mk_promise_  6
    270   ; innerBenchmarkLoop(name, benchmarkParameter, i|...
          call_  3
    287   [ <?> ] Type#31
    292   ; !(innerBenchmarkLoop(name, benchmarkParameter,|...
          not_  
    293   asbool_  
    294   brtrue_  4
    299   br_  5
4:
    304   ldfun_  stop
    309   [ 0, <0>, valid  ] Call#13
    314   push_  "Benchmark failed with incorrect result"
    319   ; stop("Benchmark failed with incorrect result")
          call_  1
    336   pop_  
5:
    337   ldfun_  Sys.time
    342   [ 0, <0>, valid  ] Call#14
    347   ; Sys.time()
          call_  0
    364   [ <?> ] Type#32
    369   stvar_cached_  endTime{7}
    378   push_  <blt as.double>
    383   dup_  
    384   ldvar_noforce_  as.numeric
    389   identical_noforce_  
    390   [ _ ] Test#3
    395   brtrue_  6
    400   pop_  
    401   ldfun_  as.numeric
    406   [ 0, <0>, valid  ] Call#15
    411   mk_promise_  7
    416   ; as.numeric(endTime)
          call_  1
    433   br_  7
6:
    438   ldvar_cached_  endTime{7}
    447   ; as.numeric(endTime)
          call_  1
7:
    464   [ <?> ] Type#35
    469   push_  <blt as.double>
    474   dup_  
    475   ldvar_noforce_  as.numeric
    480   identical_noforce_  
    481   [ _ ] Test#4
    486   brtrue_  8
    491   pop_  
    492   ldfun_  as.numeric
    497   [ 0, <0>, valid  ] Call#16
    502   mk_promise_  8
    507   ; as.numeric(startTime)
          call_  1
    524   br_  9
8:
    529   ldvar_cached_  startTime{4}
    538   ; as.numeric(startTime)
          call_  1
9:
    555   [ <?> ] Type#38
    560   ; -(as.numeric(endTime), as.numeric(startTime))
          sub_  
    561   [ <?> ] Type#39
    566   visible_  
    567   push_  1e+06
    572   visible_  
    573   ; *(((-(as.numeric(endTime), as.numeric(startTim|...
          mul_  
    574   [ <?> ] Type#40
    579   stvar_cached_  runTime{8}
    588   ldfun_  cat
    593   [ 0, <0>, valid  ] Call#17
    598   mk_promise_  9
    603   push_  ": iterations=1 runtime: "
    608   mk_promise_  a
    613   push_  "us
"
    618   push_  ""
    623   ; cat(name, ": iterations=1 runtime: ", round(ru|...
          named_call_  5 [ _ _ _ _ sep ]
    660   pop_  
    661   ldvar_cached_  total{0}
    670   [ <?> ] Type#44
    675   ldvar_cached_  runTime{8}
    684   ; +(total, runTime)
          add_  
    685   [ <?> ] Type#46
    690   stvar_cached_  total{0}
10:
    699   dup2_  
    700   ; NULL
          ne_  
    701   brfalse_  17
    706   dup_  
    707   stvar_cached_  i{2}
    716   pull_  2
    721   ensure_named_  
    722   ; NULL
          add_  
    723   ldfun_  Sys.time
    728   [ 0, <0>, valid  ] Call#19
    733   ; Sys.time()
          call_  0
    750   [ <?> ] Type#47
    755   stvar_cached_  startTime{4}
    764   ldfun_  innerBenchmarkLoop
    769   [ 0, <0>, valid  ] Call#20
    774   mk_promise_  b
    779   mk_promise_  c
    784   mk_promise_  d
    789   ; innerBenchmarkLoop(name, benchmarkParameter, i|...
          call_  3
    806   [ <?> ] Type#51
    811   ; !(innerBenchmarkLoop(name, benchmarkParameter,|...
          not_  
    812   asbool_  
    813   brtrue_  11
    818   br_  12
11:
    823   ldfun_  stop
    828   [ 0, <0>, valid  ] Call#21
    833   push_  "Benchmark failed with incorrect result"
    838   ; stop("Benchmark failed with incorrect result")
          call_  1
    855   pop_  
12:
    856   ldfun_  Sys.time
    861   [ 0, <0>, valid  ] Call#22
    866   ; Sys.time()
          call_  0
    883   [ <?> ] Type#52
    888   stvar_cached_  endTime{7}
    897   push_  <blt as.double>
    902   dup_  
    903   ldvar_noforce_  as.numeric
    908   identical_noforce_  
    909   [ _ ] Test#5
    914   brtrue_  13
    919   pop_  
    920   ldfun_  as.numeric
    925   [ 0, <0>, valid  ] Call#23
    930   mk_promise_  e
    935   ; as.numeric(endTime)
          call_  1
    952   br_  14
13:
    957   ldvar_cached_  endTime{7}
    966   ; as.numeric(endTime)
          call_  1
14:
    983   [ <?> ] Type#55
    988   push_  <blt as.double>
    993   dup_  
    994   ldvar_noforce_  as.numeric
    999   identical_noforce_  
   1000   [ _ ] Test#6
   1005   brtrue_  15
   1010   pop_  
   1011   ldfun_  as.numeric
   1016   [ 0, <0>, valid  ] Call#24
   1021   mk_promise_  f
   1026   ; as.numeric(startTime)
          call_  1
   1043   br_  16
15:
   1048   ldvar_cached_  startTime{4}
   1057   ; as.numeric(startTime)
          call_  1
16:
   1074   [ <?> ] Type#58
   1079   ; -(as.numeric(endTime), as.numeric(startTime))
          sub_  
   1080   [ <?> ] Type#59
   1085   visible_  
   1086   push_  1e+06
   1091   visible_  
   1092   ; *(((-(as.numeric(endTime), as.numeric(startTim|...
          mul_  
   1093   [ <?> ] Type#60
   1098   stvar_cached_  runTime{8}
   1107   ldfun_  cat
   1112   [ 0, <0>, valid  ] Call#25
   1117   mk_promise_  10
   1122   push_  ": iterations=1 runtime: "
   1127   mk_promise_  11
   1132   push_  "us
"
   1137   push_  ""
   1142   ; cat(name, ": iterations=1 runtime: ", round(ru|...
          named_call_  5 [ _ _ _ _ sep ]
   1179   pop_  
   1180   ldvar_cached_  total{0}
   1189   [ <?> ] Type#64
   1194   ldvar_cached_  runTime{8}
   1203   ; +(total, runTime)
          add_  
   1204   [ <?> ] Type#66
   1209   stvar_cached_  total{0}
   1218   br_  10
17:
   1223   popn_  3
18:
   1228   ldvar_cached_  total{0}
   1237   [ <?> ] Type#67
   1242   ret_  

[Prom (index 0)]
0:
      0   ldfun_  class
      5   [ 0, <0>, valid  ] Call#1
     10   mk_promise_  0
     15   ; class(name)
          call_  1
     32   [ <?> ] Type#1
     37   ret_  

[Prom (index 0.0)]
0:
      0   ldvar_  name
      5   [ <?> ] Type#0
     10   ret_  

[Prom (index 1)]
0:
      0   ldfun_  tolower
      5   [ 0, <0>, valid  ] Call#2
     10   mk_promise_  0
     15   ; tolower(name)
          call_  1
     32   [ <?> ] Type#3
     37   ret_  

[Prom (index 1.0)]
0:
      0   ldvar_  name
      5   [ <?> ] Type#2
     10   ret_  

[Prom (index 2)]
0:
      0   push_  1
      5   visible_  
      6   ldvar_  iterations
     11   [ <?> ] Type#5
     16   ; :(1, iterations)
          colon_  
     17   [ <?> ] Type#6
     22   ret_  

[Prom (index 3)]
0:
      0   ldfun_  Sys.time
      5   [ 0, <0>, valid  ] Call#3
     10   ; Sys.time()
          call_  0
     27   [ <?> ] Type#7
     32   stvar_  startTime
     37   ldfun_  innerBenchmarkLoop
     42   [ 0, <0>, valid  ] Call#4
     47   mk_promise_  0
     52   mk_promise_  1
     57   mk_promise_  2
     62   ; innerBenchmarkLoop(name, benchmarkParameter, i|...
          call_  3
     79   [ <?> ] Type#11
     84   ; !(innerBenchmarkLoop(name, benchmarkParameter,|...
          not_  
     85   asbool_  
     86   brtrue_  1
     91   br_  2
1:
     96   ldfun_  stop
    101   [ 0, <0>, valid  ] Call#5
    106   push_  "Benchmark failed with incorrect result"
    111   ; stop("Benchmark failed with incorrect result")
          call_  1
    128   pop_  
2:
    129   ldfun_  Sys.time
    134   [ 0, <0>, valid  ] Call#6
    139   ; Sys.time()
          call_  0
    156   [ <?> ] Type#12
    161   stvar_  endTime
    166   ldfun_  as.numeric
    171   [ 0, <0>, valid  ] Call#7
    176   mk_promise_  3
    181   ; as.numeric(endTime)
          call_  1
    198   [ <?> ] Type#14
    203   ldfun_  as.numeric
    208   [ 0, <0>, valid  ] Call#8
    213   mk_promise_  4
    218   ; as.numeric(startTime)
          call_  1
    235   [ <?> ] Type#16
    240   ; -(as.numeric(endTime), as.numeric(startTime))
          sub_  
    241   [ <?> ] Type#17
    246   visible_  
    247   push_  1e+06
    252   visible_  
    253   ; *(((-(as.numeric(endTime), as.numeric(startTim|...
          mul_  
    254   [ <?> ] Type#18
    259   stvar_  runTime
    264   ldfun_  cat
    269   [ 0, <0>, valid  ] Call#9
    274   mk_promise_  5
    279   push_  ": iterations=1 runtime: "
    284   mk_promise_  6
    289   push_  "us
"
    294   push_  ""
    299   ; cat(name, ": iterations=1 runtime: ", round(ru|...
          named_call_  5 [ _ _ _ _ sep ]
    336   pop_  
    337   ldvar_  total
    342   [ <?> ] Type#22
    347   ldvar_  runTime
    352   ; +(total, runTime)
          add_  
    353   [ <?> ] Type#24
    358   dup_  
    359   invisible_  
    360   stvar_  total
    365   ret_  

[Prom (index 3.0)]
0:
      0   ldvar_  name
      5   [ <?> ] Type#8
     10   ret_  

[Prom (index 3.1)]
0:
      0   ldvar_  benchmarkParameter
      5   [ <?> ] Type#9
     10   ret_  

[Prom (index 3.2)]
0:
      0   ldvar_  innerIterations
      5   [ <?> ] Type#10
     10   ret_  

[Prom (index 3.3)]
0:
      0   ldvar_  endTime
      5   [ <?> ] Type#13
     10   ret_  

[Prom (index 3.4)]
0:
      0   ldvar_  startTime
      5   [ <?> ] Type#15
     10   ret_  

[Prom (index 3.5)]
0:
      0   ldvar_  name
      5   [ <?> ] Type#19
     10   ret_  

[Prom (index 3.6)]
0:
      0   ldfun_  round
      5   [ 0, <0>, valid  ] Call#10
     10   mk_promise_  0
     15   ; round(runTime)
          call_  1
     32   [ <?> ] Type#21
     37   ret_  

[Prom (index 3.6.0)]
0:
      0   ldvar_  runTime
      5   [ <?> ] Type#20
     10   ret_  

[Prom (index 4)]
0:
      0   ldvar_  name
      5   [ <?> ] Type#28
     10   ret_  

[Prom (index 5)]
0:
      0   ldvar_  benchmarkParameter
      5   [ <?> ] Type#29
     10   ret_  

[Prom (index 6)]
0:
      0   ldvar_  innerIterations
      5   [ <?> ] Type#30
     10   ret_  

[Prom (index 7)]
0:
      0   ldvar_  endTime
      5   [ <?> ] Type#33
     10   ret_  

[Prom (index 8)]
0:
      0   ldvar_  startTime
      5   [ <?> ] Type#36
     10   ret_  

[Prom (index 9)]
0:
      0   ldvar_  name
      5   [ <?> ] Type#41
     10   ret_  

[Prom (index 10)]
0:
      0   ldfun_  round
      5   [ 0, <0>, valid  ] Call#18
     10   mk_promise_  0
     15   ; round(runTime)
          call_  1
     32   [ <?> ] Type#43
     37   ret_  

[Prom (index 10.0)]
0:
      0   ldvar_  runTime
      5   [ <?> ] Type#42
     10   ret_  

[Prom (index 11)]
0:
      0   ldvar_  name
      5   [ <?> ] Type#48
     10   ret_  

[Prom (index 12)]
0:
      0   ldvar_  benchmarkParameter
      5   [ <?> ] Type#49
     10   ret_  

[Prom (index 13)]
0:
      0   ldvar_  innerIterations
      5   [ <?> ] Type#50
     10   ret_  

[Prom (index 14)]
0:
      0   ldvar_  endTime
      5   [ <?> ] Type#53
     10   ret_  

[Prom (index 15)]
0:
      0   ldvar_  startTime
      5   [ <?> ] Type#56
     10   ret_  

[Prom (index 16)]
0:
      0   ldvar_  name
      5   [ <?> ] Type#61
     10   ret_  

[Prom (index 17)]
0:
      0   ldfun_  round
      5   [ 0, <0>, valid  ] Call#26
     10   mk_promise_  0
     15   ; round(runTime)
          call_  1
     32   [ <?> ] Type#63
     37   ret_  

[Prom (index 17.0)]
0:
      0   ldvar_  runTime
      5   [ <?> ] Type#62
     10   ret_  

NoRecord Type#23 (dep: #18)
NoRecord Type#34 (dep: #32)
NoRecord Type#37 (dep: #27)
NoRecord Type#45 (dep: #40)
NoRecord Type#54 (dep: #52)
NoRecord Type#57 (dep: #47)
NoRecord Type#65 (dep: #60)
== closure 0x55c00665f3b8 (env 0x55c0047c5fd0) ==
== dispatch table 0x55c0066628c0 ==
= version 0 (0x55c005d39568) =
[sigature] needsEnv 
[flags]    
[stats]    invoked: 0, deopt: 0
0:
      0   ldfun_  .POSIXct
      5   [ 0, <0>, valid  ] Call#0
     10   mk_promise_  0
     15   ; .POSIXct(.Internal(Sys.time()))
          call_  1
     32   [ <?> ] Type#0
     37   ret_  

[Prom (index 0)]
0:
      0   call_builtin_  0 : <blt Sys.time>
     13   ret_  

== closure 0x55c006666320 (env 0x55c0047c5fd0) ==
== dispatch table 0x55c0066679f0 ==
= version 0 (0x55c006602750) =
[sigature] needsEnv 
[flags]    
[stats]    invoked: 0, deopt: 0
0:
      0   ldfun_  <-
      5   [ 0, <0>, valid  ] Call#1
     10   mk_promise_  0
     15   mk_promise_  1
     20   ; <-(class(xx), cl)
          call_  2
     37   pop_  
     38   ldvar_cached_  tz{2}
     47   [ <?> ] Type#4
     52   ldfun_  attr<-
     57   [ 0, <0>, valid  ] Call#3
     62   ldvar_cached_  xx{0}
     71   [ <?> ] Type#5
     76   push_  "tzone"
     81   pick_  3
     86   mk_eager_promise_  2
     91   ; attr<-(xx, "tzone", value=tz)
          named_call_  3 [ _ _ value ]
    120   stvar_cached_  xx{0}
    129   ldvar_cached_  xx{0}
    138   ret_  

[Prom (index 0)]
0:
      0   ldfun_  class
      5   [ 0, <0>, valid  ] Call#2
     10   mk_promise_  0
     15   ; class(xx)
          call_  1
     32   [ <?> ] Type#2
     37   ret_  

[Prom (index 0.0)]
0:
      0   ldvar_  xx
      5   [ <?> ] Type#1
     10   ret_  

[Prom (index 1)]
0:
      0   ldvar_  cl
      5   [ <?> ] Type#3
     10   ret_  

[Prom (index 2)]
0:
      0   push_  NULL
      5   ret_  

NoRecord Type#6 (dep: #5)
== closure 0x55c006558918 (env 0x55c0047c6078) ==
== dispatch table 0x55c006667be0 ==
= version 0 (0x55c005d1ddf8) =
[sigature] needsEnv 
[flags]    
[stats]    invoked: 0, deopt: 0
0:
      0   ldfun_  UseMethod
      5   [ 0, <0>, valid  ] Call#0
     10   push_  "innerBenchmarkLoop"
     15   mk_promise_  0
     20   ; UseMethod("innerBenchmarkLoop", x)
          call_  2
     37   [ <?> ] Type#1
     42   ret_  

[Prom (index 0)]
0:
      0   ldvar_  x
      5   [ <?> ] Type#0
     10   ret_  

== closure 0x55c00655f918 (env 0x55c0047c6078) ==
== dispatch table 0x55c00666a550 ==
= version 0 (0x55c006058370) =
[sigature] needsEnv 
[flags]    
[stats]    invoked: 0, deopt: 0
0:
      0   push_  1
      5   visible_  
      6   force_  
      7   ldvar_cached_  innerIterations{1}
     16   [ <?> ] Type#0
     21   force_  
     22   ; :(1, innerIterations)
          colon_input_effects_  
     23   [ _ ] Test#0
     28   brtrue_  1
     33   ; :(1, innerIterations)
          colon_  
     34   ldfun_  for
     39   swap_  
     40   mk_eager_promise_  0
     45   mk_promise_  1
     50   ; for(i, :(1, innerIterations), {(if(!(verifyRes|...
          call_  2
     67   pop_  
     68   br_  9
1:
     73   swap_  
     74   colon_cast_lhs_  
     75   [ <?> ] Type#7
     80   ensure_named_  
     81   swap_  
     82   colon_cast_rhs_  
     83   ensure_named_  
     84   [ <?> ] Type#8
     89   dup2_  
     90   ; NULL
          le_  
     91   [ _ ] Test#1
     96   brfalse_  2
    101   push_  1L
    106   br_  3
2:
    111   push_  -1L
3:
    116   swap_  
    117   pick_  2
    122   dup2_  
    123   ; NULL
          ne_  
    124   [ _ ] Test#2
    129   brfalse_  8
    134   dup_  
    135   stvar_cached_  i{0}
    144   pull_  2
    149   ensure_named_  
    150   ; NULL
          add_  
    151   ldfun_  verifyResult
    156   [ 0, <0>, valid  ] Call#2
    161   mk_promise_  2
    166   mk_promise_  3
    171   ; verifyResult(execute(benchmarkParameter), benc|...
          call_  2
    188   [ <?> ] Type#12
    193   ; !(verifyResult(execute(benchmarkParameter), be|...
          not_  
    194   asbool_  
    195   brtrue_  4
    200   br_  5
4:
    205   push_  FALSE
    210   visible_  
    211   return_  
5:
    212   dup2_  
    213   ; NULL
          ne_  
    214   brfalse_  8
    219   dup_  
    220   stvar_cached_  i{0}
    229   pull_  2
    234   ensure_named_  
    235   ; NULL
          add_  
    236   ldfun_  verifyResult
    241   [ 0, <0>, valid  ] Call#4
    246   mk_promise_  4
    251   mk_promise_  5
    256   ; verifyResult(execute(benchmarkParameter), benc|...
          call_  2
    273   [ <?> ] Type#16
    278   ; !(verifyResult(execute(benchmarkParameter), be|...
          not_  
    279   asbool_  
    280   brtrue_  6
    285   br_  7
6:
    290   push_  FALSE
    295   visible_  
    296   return_  
7:
    297   br_  5
8:
    302   popn_  3
9:
    307   push_  TRUE
    312   visible_  
    313   ret_  
    314   ret_  

[Prom (index 0)]
0:
      0   push_  1
      5   visible_  
      6   ldvar_  innerIterations
     11   [ <?> ] Type#1
     16   ; :(1, innerIterations)
          colon_  
     17   [ <?> ] Type#2
     22   ret_  

[Prom (index 1)]
0:
      0   ldfun_  verifyResult
      5   [ 0, <0>, valid  ] Call#0
     10   mk_promise_  0
     15   mk_promise_  1
     20   ; verifyResult(execute(benchmarkParameter), benc|...
          call_  2
     37   [ <?> ] Type#6
     42   ; !(verifyResult(execute(benchmarkParameter), be|...
          not_  
     43   asbool_  
     44   brtrue_  1
     49   push_  NULL
     54   invisible_  
     55   br_  2
1:
     60   push_  FALSE
     65   visible_  
     66   return_  
2:
     67   ret_  

[Prom (index 1.0)]
0:
      0   ldfun_  execute
      5   [ 0, <0>, valid  ] Call#1
     10   mk_promise_  0
     15   ; execute(benchmarkParameter)
          call_  1
     32   [ <?> ] Type#4
     37   ret_  

[Prom (index 1.0.0)]
0:
      0   ldvar_  benchmarkParameter
      5   [ <?> ] Type#3
     10   ret_  

[Prom (index 1.1)]
0:
      0   ldvar_  benchmarkParameter
      5   [ <?> ] Type#5
     10   ret_  

[Prom (index 2)]
0:
      0   ldfun_  execute
      5   [ 0, <0>, valid  ] Call#3
     10   mk_promise_  0
     15   ; execute(benchmarkParameter)
          call_  1
     32   [ <?> ] Type#10
     37   ret_  

[Prom (index 2.0)]
0:
      0   ldvar_  benchmarkParameter
      5   [ <?> ] Type#9
     10   ret_  

[Prom (index 3)]
0:
      0   ldvar_  benchmarkParameter
      5   [ <?> ] Type#11
     10   ret_  

[Prom (index 4)]
0:
      0   ldfun_  execute
      5   [ 0, <0>, valid  ] Call#5
     10   mk_promise_  0
     15   ; execute(benchmarkParameter)
          call_  1
     32   [ <?> ] Type#14
     37   ret_  

[Prom (index 4.0)]
0:
      0   ldvar_  benchmarkParameter
      5   [ <?> ] Type#13
     10   ret_  

[Prom (index 5)]
0:
      0   ldvar_  benchmarkParameter
      5   [ <?> ] Type#15
     10   ret_  

== closure 0x55c006559248 (env 0x55c0047c6078) ==
== dispatch table 0x55c00666a850 ==
= version 0 (0x55c005d1e218) =
[sigature] needsEnv 
[flags]    
[stats]    invoked: 0, deopt: 0
0:
      0   ldfun_  UseMethod
      5   [ 0, <0>, valid  ] Call#0
     10   push_  "verifyResult"
     15   mk_promise_  0
     20   ; UseMethod("verifyResult", x)
          call_  2
     37   [ <?> ] Type#1
     42   ret_  

[Prom (index 0)]
0:
      0   ldvar_  x
      5   [ <?> ] Type#0
     10   ret_  

== closure 0x55c00665e458 (env 0x55c0047c6078) ==
== dispatch table 0x55c00666ab50 ==
= version 0 (0x55c005d1e4d8) =
[sigature] needsEnv 
[flags]    
[stats]    invoked: 0, deopt: 0
0:
      0   ldfun_  nbody_naive
      5   [ 0, <0>, valid  ] Call#0
     10   mk_promise_  0
     15   ; nbody_naive(n)
          call_  1
     32   [ <?> ] Type#1
     37   ret_  

[Prom (index 0)]
0:
      0   ldvar_  n
      5   [ <?> ] Type#0
     10   ret_  

== closure 0x55c00665c1f0 (env 0x55c0047c6078) ==
== dispatch table 0x55c00666b730 ==
= version 0 (0x55c005d1e638) =
[sigature] needsEnv 
[flags]    
[stats]    invoked: 0, deopt: 0
0:
      0   push_  <blt length>
      5   dup_  
      6   ldvar_noforce_  length
     11   identical_noforce_  
     12   [ _ ] Test#0
     17   brtrue_  1
     22   pop_  
     23   ldfun_  length
     28   [ 0, <0>, valid  ] Call#0
     33   mk_promise_  0
     38   ; length(args)
          call_  1
     55   br_  2
1:
     60   ldvar_cached_  args{1}
     69   [ <?> ] Type#1
     74   ; length(args)
          call_  1
2:
     91   [ <?> ] Type#2
     96   asbool_  
     97   brtrue_  3
    102   push_  1000L
    107   visible_  
    108   br_  9
3:
    113   push_  <blt as.integer>
    118   dup_  
    119   ldvar_noforce_  as.integer
    124   identical_noforce_  
    125   [ _ ] Test#1
    130   brtrue_  4
    135   pop_  
    136   ldfun_  as.integer
    141   [ 0, <0>, valid  ] Call#1
    146   mk_promise_  1
    151   ; as.integer([[(args, 1))
          call_  1
    168   br_  8
4:
    173   ldvar_cached_  args{1}
    182   [ <?> ] Type#5
    187   dup_  
    188   is_  NonObject
    193   [ _ ] Test#3
    198   brfalse_  5
    203   br_  6
5:
    208   push_  1
    213   br_  7
6:
    218   push_  1
    223   visible_  
7:
    224   ; [[(args, 1)
          extract2_1_  
    225   [ <?> ] Type#6
    230   visible_  
    231   ; as.integer([[(args, 1))
          call_  1
8:
    248   [ <?> ] Type#7
9:
    253   stvar_cached_  n{0}
    262   ldfun_  options
    267   [ 0, <0>, valid  ] Call#2
    272   push_  9
    277   ; options(digits=9)
          named_call_  1 [ digits ]
    298   pop_  
    299   ldfun_  offset_momentum
    304   [ 0, <0>, valid  ] Call#3
    309   ; offset_momentum()
          call_  0
    326   pop_  
    327   ldfun_  cat
    332   [ 0, <0>, valid  ] Call#4
    337   mk_promise_  2
    342   push_  "
"
    347   ; cat(energy(), "
")
          call_  2
    364   pop_  
    365   push_  1
    370   visible_  
    371   force_  
    372   ldvar_cached_  n{0}
    381   force_  
    382   ; :(1, n)
          colon_input_effects_  
    383   [ _ ] Test#4
    388   brtrue_  10
    393   ; :(1, n)
          colon_  
    394   ldfun_  for
    399   swap_  
    400   mk_eager_promise_  3
    405   mk_promise_  4
    410   ; for(i, :(1, n), advance(0.01))
          call_  2
    427   pop_  
    428   br_  15
10:
    433   swap_  
    434   colon_cast_lhs_  
    435   [ <?> ] Type#13
    440   ensure_named_  
    441   swap_  
    442   colon_cast_rhs_  
    443   ensure_named_  
    444   [ <?> ] Type#14
    449   dup2_  
    450   ; NULL
          le_  
    451   [ _ ] Test#5
    456   brfalse_  11
    461   push_  1L
    466   br_  12
11:
    471   push_  -1L
12:
    476   swap_  
    477   pick_  2
    482   dup2_  
    483   ; NULL
          ne_  
    484   [ _ ] Test#6
    489   brfalse_  14
    494   dup_  
    495   stvar_cached_  i{2}
    504   pull_  2
    509   ensure_named_  
    510   ; NULL
          add_  
    511   ldfun_  advance
    516   [ 0, <0>, valid  ] Call#7
    521   push_  0.01
    526   ; advance(0.01)
          call_  1
    543   pop_  
13:
    544   dup2_  
    545   ; NULL
          ne_  
    546   brfalse_  14
    551   dup_  
    552   stvar_cached_  i{2}
    561   pull_  2
    566   ensure_named_  
    567   ; NULL
          add_  
    568   ldfun_  advance
    573   [ 0, <0>, valid  ] Call#8
    578   push_  0.01
    583   ; advance(0.01)
          call_  1
    600   pop_  
    601   br_  13
14:
    606   popn_  3
15:
    611   ldfun_  cat
    616   [ 0, <0>, valid  ] Call#9
    621   mk_promise_  5
    626   push_  "
"
    631   ; cat(energy(), "
")
          call_  2
    648   [ <?> ] Type#16
    653   ret_  

[Prom (index 0)]
0:
      0   ldvar_  args
      5   [ <?> ] Type#0
     10   ret_  

[Prom (index 1)]
0:
      0   ldvar_  args
      5   [ <?> ] Type#3
     10   dup_  
     11   is_  NonObject
     16   [ _ ] Test#2
     21   brfalse_  1
     26   br_  2
1:
     31   push_  1
     36   br_  3
2:
     41   push_  1
     46   visible_  
3:
     47   ; [[(args, 1)
          extract2_1_  
     48   [ <?> ] Type#4
     53   visible_  
     54   ret_  

[Prom (index 2)]
0:
      0   ldfun_  energy
      5   [ 0, <0>, valid  ] Call#5
     10   ; energy()
          call_  0
     27   [ <?> ] Type#8
     32   ret_  

[Prom (index 3)]
0:
      0   push_  1
      5   visible_  
      6   ldvar_  n
     11   [ <?> ] Type#10
     16   ; :(1, n)
          colon_  
     17   [ <?> ] Type#11
     22   ret_  

[Prom (index 4)]
0:
      0   ldfun_  advance
      5   [ 0, <0>, valid  ] Call#6
     10   push_  0.01
     15   ; advance(0.01)
          call_  1
     32   [ <?> ] Type#12
     37   ret_  

[Prom (index 5)]
0:
      0   ldfun_  energy
      5   [ 0, <0>, valid  ] Call#10
     10   ; energy()
          call_  0
     27   [ <?> ] Type#15
     32   ret_  

NoRecord Type#9 (dep: #7)
== closure 0x55c004a64548 (env 0x55c0047c5fd0) ==
== dispatch table 0x55c00666b930 ==
= version 0 (0x55c005d1eb08) =
[sigature] needsEnv 
[flags]    
[stats]    invoked: 0, deopt: 0
0:
      0   push_  <blt options>
      5   push_  RIR_ExpandDotsTrigger
     10   call_dots_  1 [ .xpandDotsTrigger ]
     31   ret_  

== closure 0x55c006653b98 (env 0x55c0047c6078) ==
== dispatch table 0x55c00666bf10 ==
= version 0 (0x55c005d1ec68) =
[sigature] needsEnv 
[flags]    
[stats]    invoked: 0, deopt: 0
0:
      0   ldvar_for_update_cache_  body_vx{0}
      9   set_shared_  
     10   pop_  
     11   push_  <blt sum>
     16   dup_  
     17   ldvar_noforce_  sum
     22   identical_noforce_  
     23   [ _ ] Test#0
     28   brtrue_  1
     33   pop_  
     34   ldfun_  sum
     39   [ 0, <0>, valid  ] Call#0
     44   mk_promise_  0
     49   ; sum(*(body_vx, body_mass))
          call_  1
     66   br_  2
1:
     71   ldvar_cached_  body_vx{0}
     80   [ <?> ] Type#3
     85   ldvar_cached_  body_mass{1}
     94   [ <?> ] Type#4
     99   ; *(body_vx, body_mass)
          mul_  
    100   [ <?> ] Type#5
    105   ; sum(*(body_vx, body_mass))
          call_  1
2:
    122   [ <?> ] Type#6
    127   ; -(sum(*(body_vx, body_mass)))
          uminus_  
    128   ldvar_cached_  solar_mass{2}
    137   [ <?> ] Type#7
    142   ; /(-(sum(*(body_vx, body_mass))), solar_mass)
          div_  
    143   [ <?> ] Type#8
    148   ldvar_super_  body_vx
    153   [ <?> ] Type#9
    158   push_  1
    163   visible_  
    164   ; <<-([[(body_vx, 1), /(-(sum(*(body_vx, body_ma|...
          subassign2_1_  
    165   stvar_super_  body_vx
    170   ldvar_for_update_cache_  body_vy{3}
    179   set_shared_  
    180   pop_  
    181   push_  <blt sum>
    186   dup_  
    187   ldvar_noforce_  sum
    192   identical_noforce_  
    193   [ _ ] Test#1
    198   brtrue_  3
    203   pop_  
    204   ldfun_  sum
    209   [ 0, <0>, valid  ] Call#1
    214   mk_promise_  1
    219   ; sum(*(body_vy, body_mass))
          call_  1
    236   br_  4
3:
    241   ldvar_cached_  body_vy{3}
    250   [ <?> ] Type#13
    255   ldvar_cached_  body_mass{1}
    264   ; *(body_vy, body_mass)
          mul_  
    265   [ <?> ] Type#15
    270   ; sum(*(body_vy, body_mass))
          call_  1
4:
    287   [ <?> ] Type#16
    292   ; -(sum(*(body_vy, body_mass)))
          uminus_  
    293   ldvar_cached_  solar_mass{2}
    302   ; /(-(sum(*(body_vy, body_mass))), solar_mass)
          div_  
    303   [ <?> ] Type#18
    308   ldvar_super_  body_vy
    313   [ <?> ] Type#19
    318   push_  1
    323   visible_  
    324   ; <<-([[(body_vy, 1), /(-(sum(*(body_vy, body_ma|...
          subassign2_1_  
    325   stvar_super_  body_vy
    330   ldvar_for_update_cache_  body_vz{4}
    339   set_shared_  
    340   pop_  
    341   push_  <blt sum>
    346   dup_  
    347   ldvar_noforce_  sum
    352   identical_noforce_  
    353   [ _ ] Test#2
    358   brtrue_  5
    363   pop_  
    364   ldfun_  sum
    369   [ 0, <0>, valid  ] Call#2
    374   mk_promise_  2
    379   ; sum(*(body_vz, body_mass))
          call_  1
    396   br_  6
5:
    401   ldvar_cached_  body_vz{4}
    410   [ <?> ] Type#23
    415   ldvar_cached_  body_mass{1}
    424   ; *(body_vz, body_mass)
          mul_  
    425   [ <?> ] Type#25
    430   ; sum(*(body_vz, body_mass))
          call_  1
6:
    447   [ <?> ] Type#26
    452   ; -(sum(*(body_vz, body_mass)))
          uminus_  
    453   ldvar_cached_  solar_mass{2}
    462   ; /(-(sum(*(body_vz, body_mass))), solar_mass)
          div_  
    463   [ <?> ] Type#28
    468   dup_  
    469   set_shared_  
    470   ldvar_super_  body_vz
    475   [ <?> ] Type#29
    480   push_  1
    485   visible_  
    486   ; <<-([[(body_vz, 1), /(-(sum(*(body_vz, body_ma|...
          subassign2_1_  
    487   stvar_super_  body_vz
    492   invisible_  
    493   ret_  

[Prom (index 0)]
0:
      0   ldvar_  body_vx
      5   [ <?> ] Type#0
     10   ldvar_  body_mass
     15   [ <?> ] Type#1
     20   ; *(body_vx, body_mass)
          mul_  
     21   [ <?> ] Type#2
     26   ret_  

[Prom (index 1)]
0:
      0   ldvar_  body_vy
      5   [ <?> ] Type#10
     10   ldvar_  body_mass
     15   [ <?> ] Type#11
     20   ; *(body_vy, body_mass)
          mul_  
     21   [ <?> ] Type#12
     26   ret_  

[Prom (index 2)]
0:
      0   ldvar_  body_vz
      5   [ <?> ] Type#20
     10   ldvar_  body_mass
     15   [ <?> ] Type#21
     20   ; *(body_vz, body_mass)
          mul_  
     21   [ <?> ] Type#22
     26   ret_  

NoRecord Type#14 (dep: #4)
NoRecord Type#17 (dep: #7)
NoRecord Type#24 (dep: #4)
NoRecord Type#27 (dep: #7)
== closure 0x55c006667f88 (env 0x55c0047c5fd0) ==
== dispatch table 0x55c006675eb0 ==
= version 0 (0x55c005e66520) =
[sigature] needsEnv 
[flags]    
[stats]    invoked: 0, deopt: 0
0:
      0   push_  <blt is.character>
      5   dup_  
      6   ldvar_noforce_  is.character
     11   identical_noforce_  
     12   [ _ ] Test#0
     17   brtrue_  1
     22   pop_  
     23   ldfun_  is.character
     28   [ 0, <0>, valid  ] Call#0
     33   mk_promise_  0
     38   ; is.character(file)
          call_  1
     55   br_  2
1:
     60   ldvar_cached_  file{0}
     69   [ <?> ] Type#1
     74   ; is.character(file)
          call_  1
2:
     91   [ <?> ] Type#2
     96   asbool_  
     97   brtrue_  3
    102   br_  7
3:
    107   ldvar_cached_  file{0}
    116   [ <?> ] Type#3
    121   push_  ""
    126   visible_  
    127   ; ==(file, "")
          eq_  
    128   [ <?> ] Type#4
    133   asbool_  
    134   brtrue_  6
    139   ldfun_  startsWith
    144   [ 0, <0>, valid  ] Call#1
    149   mk_promise_  1
    154   push_  "|"
    159   ; startsWith(file, "|")
          call_  2
    176   [ <?> ] Type#6
    181   asbool_  
    182   brtrue_  4
    187   ldfun_  file
    192   [ 0, <0>, valid  ] Call#2
    197   mk_promise_  2
    202   mk_promise_  3
    207   ; file(file, ifelse(append, "a", "w"))
          call_  2
    224   [ <?> ] Type#10
    229   stvar_cached_  file{0}
    238   ldfun_  on.exit
    243   [ 0, <0>, valid  ] Call#4
    248   mk_promise_  4
    253   ; on.exit(close(file))
          call_  1
    270   pop_  
    271   br_  5
4:
    276   ldfun_  pipe
    281   [ 0, <0>, valid  ] Call#6
    286   mk_promise_  5
    291   push_  "w"
    296   ; pipe(substring(file, 2L), "w")
          call_  2
    313   [ <?> ] Type#15
    318   stvar_cached_  file{0}
    327   ldfun_  on.exit
    332   [ 0, <0>, valid  ] Call#8
    337   mk_promise_  6
    342   ; on.exit(close(file))
          call_  1
    359   pop_  
5:
    360   br_  7
6:
    365   ldfun_  stdout
    370   [ 0, <0>, valid  ] Call#10
    375   ; stdout()
          call_  0
    392   [ <?> ] Type#18
    397   stvar_cached_  file{0}
7:
    406   ldfun_  list
    411   [ 0, <0>, valid  ] Call#11
    416   push_  RIR_ExpandDotsTrigger
    421   call_dots_  1 [ .xpandDotsTrigger ]
    442   [ <?> ] Type#19
    447   ldvar_cached_  file{0}
    456   [ <?> ] Type#20
    461   ldvar_cached_  sep{3}
    470   [ <?> ] Type#21
    475   ldvar_cached_  fill{4}
    484   [ <?> ] Type#22
    489   ldvar_cached_  labels{5}
    498   [ <?> ] Type#23
    503   ldvar_cached_  append{1}
    512   [ <?> ] Type#24
    517   call_builtin_  6 : <blt cat>
    530   ret_  

[Prom (index 0)]
0:
      0   ldvar_  file
      5   [ <?> ] Type#0
     10   ret_  

[Prom (index 1)]
0:
      0   ldvar_  file
      5   [ <?> ] Type#5
     10   ret_  

[Prom (index 2)]
0:
      0   ldvar_  file
      5   [ <?> ] Type#7
     10   ret_  

[Prom (index 3)]
0:
      0   ldfun_  ifelse
      5   [ 0, <0>, valid  ] Call#3
     10   mk_promise_  0
     15   push_  "a"
     20   push_  "w"
     25   ; ifelse(append, "a", "w")
          call_  3
     42   [ <?> ] Type#9
     47   ret_  

[Prom (index 3.0)]
0:
      0   ldvar_  append
      5   [ <?> ] Type#8
     10   ret_  

[Prom (index 4)]
0:
      0   ldfun_  close
      5   [ 0, <0>, valid  ] Call#5
     10   mk_promise_  0
     15   ; close(file)
          call_  1
     32   [ <?> ] Type#12
     37   ret_  

[Prom (index 4.0)]
0:
      0   ldvar_  file
      5   [ <?> ] Type#11
     10   ret_  

[Prom (index 5)]
0:
      0   ldfun_  substring
      5   [ 0, <0>, valid  ] Call#7
     10   mk_promise_  0
     15   push_  2L
     20   ; substring(file, 2L)
          call_  2
     37   [ <?> ] Type#14
     42   ret_  

[Prom (index 5.0)]
0:
      0   ldvar_  file
      5   [ <?> ] Type#13
     10   ret_  

[Prom (index 6)]
0:
      0   ldfun_  close
      5   [ 0, <0>, valid  ] Call#9
     10   mk_promise_  0
     15   ; close(file)
          call_  1
     32   [ <?> ] Type#17
     37   ret_  

[Prom (index 6.0)]
0:
      0   ldvar_  file
      5   [ <?> ] Type#16
     10   ret_  

== closure 0x55c006677cd8 (env 0x55c0047c5fd0) ==
== dispatch table 0x55c0066787b0 ==
= version 0 (0x55c005d1f6b8) =
[sigature] needsEnv 
[flags]    
[stats]    invoked: 0, deopt: 0
0:
      0   call_builtin_  0 : <blt stdout>
     13   ret_  

== closure 0x55c006659f88 (env 0x55c0047c6078) ==
== dispatch table 0x55c00667a010 ==
= version 0 (0x55c005cfb698) =
[sigature] needsEnv 
[flags]    
[stats]    invoked: 0, deopt: 0
0:
      0   ldfun_  outer
      5   [ 0, <0>, valid  ] Call#0
     10   mk_promise_  0
     15   mk_promise_  1
     20   push_  "-"
     25   ; outer(body_x, body_x, "-")
          call_  3
     42   [ <?> ] Type#2
     47   stvar_cached_  dxx{0}
     56   ldfun_  outer
     61   [ 0, <0>, valid  ] Call#1
     66   mk_promise_  2
     71   mk_promise_  3
     76   push_  "-"
     81   ; outer(body_y, body_y, "-")
          call_  3
     98   [ <?> ] Type#5
    103   stvar_cached_  dyy{2}
    112   ldfun_  outer
    117   [ 0, <0>, valid  ] Call#2
    122   mk_promise_  4
    127   mk_promise_  5
    132   push_  "-"
    137   ; outer(body_z, body_z, "-")
          call_  3
    154   [ <?> ] Type#8
    159   stvar_cached_  dzz{4}
    168   push_  <blt sqrt>
    173   dup_  
    174   ldvar_noforce_  sqrt
    179   identical_noforce_  
    180   [ _ ] Test#0
    185   brtrue_  1
    190   pop_  
    191   ldfun_  sqrt
    196   [ 0, <0>, valid  ] Call#3
    201   mk_promise_  6
    206   ; sqrt(+(+(*(dxx, dxx), *(dyy, dyy)), *(dzz, dzz)))
          call_  1
    223   br_  2
1:
    228   ldvar_cached_  dxx{0}
    237   ldvar_cached_  dxx{0}
    246   ; *(dxx, dxx)
          mul_  
    247   [ <?> ] Type#22
    252   ldvar_cached_  dyy{2}
    261   ldvar_cached_  dyy{2}
    270   ; *(dyy, dyy)
          mul_  
    271   [ <?> ] Type#25
    276   ; +(*(dxx, dxx), *(dyy, dyy))
          add_  
    277   [ <?> ] Type#26
    282   ldvar_cached_  dzz{4}
    291   ldvar_cached_  dzz{4}
    300   ; *(dzz, dzz)
          mul_  
    301   [ <?> ] Type#29
    306   ; +(+(*(dxx, dxx), *(dyy, dyy)), *(dzz, dzz))
          add_  
    307   [ <?> ] Type#30
    312   ; sqrt(+(+(*(dxx, dxx), *(dyy, dyy)), *(dzz, dzz)))
          call_  1
2:
    329   [ <?> ] Type#31
    334   stvar_cached_  distance{6}
    343   ldfun_  %o%
    348   [ 0, <0>, valid  ] Call#4
    353   mk_promise_  7
    358   mk_promise_  8
    363   ; %o%(body_mass, body_mass)
          call_  2
    380   [ <?> ] Type#34
    385   visible_  
    386   ldvar_cached_  distance{6}
    395   ; /(((%o%(body_mass, body_mass)), distance)
          div_  
    396   [ <?> ] Type#36
    401   stvar_cached_  q{7}
    410   push_  <blt sum>
    415   dup_  
    416   ldvar_noforce_  sum
    421   identical_noforce_  
    422   [ _ ] Test#1
    427   brtrue_  3
    432   pop_  
    433   ldfun_  sum
    438   [ 0, <0>, valid  ] Call#5
    443   mk_promise_  9
    448   ; sum(*(*(0.5, body_mass), ((+(+(*(body_vx, body|...
          call_  1
    465   br_  4
3:
    470   push_  0.5
    475   visible_  
    476   ldvar_cached_  body_mass{8}
    485   [ <?> ] Type#51
    490   ; *(0.5, body_mass)
          mul_  
    491   [ <?> ] Type#52
    496   ldvar_cached_  body_vx{9}
    505   [ <?> ] Type#53
    510   ldvar_cached_  body_vx{9}
    519   ; *(body_vx, body_vx)
          mul_  
    520   [ <?> ] Type#55
    525   ldvar_cached_  body_vy{10}
    534   [ <?> ] Type#56
    539   ldvar_cached_  body_vy{10}
    548   ; *(body_vy, body_vy)
          mul_  
    549   [ <?> ] Type#58
    554   ; +(*(body_vx, body_vx), *(body_vy, body_vy))
          add_  
    555   [ <?> ] Type#59
    560   ldvar_cached_  body_vz{11}
    569   [ <?> ] Type#60
    574   ldvar_cached_  body_vz{11}
    583   ; *(body_vz, body_vz)
          mul_  
    584   [ <?> ] Type#62
    589   ; +(+(*(body_vx, body_vx), *(body_vy, body_vy)),|...
          add_  
    590   [ <?> ] Type#63
    595   visible_  
    596   ; *(*(0.5, body_mass), ((+(+(*(body_vx, body_vx)|...
          mul_  
    597   [ <?> ] Type#64
    602   ; sum(*(*(0.5, body_mass), ((+(+(*(body_vx, body|...
          call_  1
4:
    619   [ <?> ] Type#65
    624   push_  <blt sum>
    629   dup_  
    630   ldvar_noforce_  sum
    635   identical_noforce_  
    636   [ _ ] Test#2
    641   brtrue_  5
    646   pop_  
    647   ldfun_  sum
    652   [ 0, <0>, valid  ] Call#6
    657   mk_promise_  a
    662   ; sum([(q, upper.tri(q)))
          call_  1
    679   br_  9
5:
    684   ldvar_cached_  q{7}
    693   dup_  
    694   is_  NonObject
    699   [ _ ] Test#4
    704   brfalse_  6
    709   br_  7
6:
    714   mk_promise_  b
    719   br_  8
7:
    724   ldfun_  upper.tri
    729   [ 0, <0>, valid  ] Call#10
    734   mk_promise_  c
    739   ; upper.tri(q)
          call_  1
    756   [ <?> ] Type#76
8:
    761   ; [(q, upper.tri(q))
          extract1_1_  
    762   [ <?> ] Type#77
    767   visible_  
    768   ; sum([(q, upper.tri(q)))
          call_  1
9:
    785   [ <?> ] Type#78
    790   ; -(sum(*(*(0.5, body_mass), ((+(+(*(body_vx, bo|...
          sub_  
    791   [ <?> ] Type#79
    796   ret_  
    797   ret_  

[Prom (index 0)]
0:
      0   ldvar_  body_x
      5   [ <?> ] Type#0
     10   ret_  

[Prom (index 1)]
0:
      0   ldvar_  body_x
      5   [ <?> ] Type#1
     10   ret_  

[Prom (index 2)]
0:
      0   ldvar_  body_y
      5   [ <?> ] Type#3
     10   ret_  

[Prom (index 3)]
0:
      0   ldvar_  body_y
      5   [ <?> ] Type#4
     10   ret_  

[Prom (index 4)]
0:
      0   ldvar_  body_z
      5   [ <?> ] Type#6
     10   ret_  

[Prom (index 5)]
0:
      0   ldvar_  body_z
      5   [ <?> ] Type#7
     10   ret_  

[Prom (index 6)]
0:
      0   ldvar_  dxx
      5   [ <?> ] Type#9
     10   ldvar_  dxx
     15   ; *(dxx, dxx)
          mul_  
     16   [ <?> ] Type#11
     21   ldvar_  dyy
     26   [ <?> ] Type#12
     31   ldvar_  dyy
     36   ; *(dyy, dyy)
          mul_  
     37   [ <?> ] Type#14
     42   ; +(*(dxx, dxx), *(dyy, dyy))
          add_  
     43   [ <?> ] Type#15
     48   ldvar_  dzz
     53   [ <?> ] Type#16
     58   ldvar_  dzz
     63   ; *(dzz, dzz)
          mul_  
     64   [ <?> ] Type#18
     69   ; +(+(*(dxx, dxx), *(dyy, dyy)), *(dzz, dzz))
          add_  
     70   [ <?> ] Type#19
     75   ret_  

[Prom (index 7)]
0:
      0   ldvar_  body_mass
      5   [ <?> ] Type#32
     10   ret_  

[Prom (index 8)]
0:
      0   ldvar_  body_mass
      5   [ <?> ] Type#33
     10   ret_  

[Prom (index 9)]
0:
      0   push_  0.5
      5   visible_  
      6   ldvar_  body_mass
     11   [ <?> ] Type#37
     16   ; *(0.5, body_mass)
          mul_  
     17   [ <?> ] Type#38
     22   ldvar_  body_vx
     27   [ <?> ] Type#39
     32   ldvar_  body_vx
     37   ; *(body_vx, body_vx)
          mul_  
     38   [ <?> ] Type#41
     43   ldvar_  body_vy
     48   [ <?> ] Type#42
     53   ldvar_  body_vy
     58   ; *(body_vy, body_vy)
          mul_  
     59   [ <?> ] Type#44
     64   ; +(*(body_vx, body_vx), *(body_vy, body_vy))
          add_  
     65   [ <?> ] Type#45
     70   ldvar_  body_vz
     75   [ <?> ] Type#46
     80   ldvar_  body_vz
     85   ; *(body_vz, body_vz)
          mul_  
     86   [ <?> ] Type#48
     91   ; +(+(*(body_vx, body_vx), *(body_vy, body_vy)),|...
          add_  
     92   [ <?> ] Type#49
     97   visible_  
     98   ; *(*(0.5, body_mass), ((+(+(*(body_vx, body_vx)|...
          mul_  
     99   [ <?> ] Type#50
    104   ret_  

[Prom (index 10)]
0:
      0   ldvar_  q
      5   [ <?> ] Type#66
     10   dup_  
     11   is_  NonObject
     16   [ _ ] Test#3
     21   brfalse_  1
     26   br_  2
1:
     31   mk_promise_  0
     36   br_  3
2:
     41   ldfun_  upper.tri
     46   [ 0, <0>, valid  ] Call#8
     51   mk_promise_  1
     56   ; upper.tri(q)
          call_  1
     73   [ <?> ] Type#70
3:
     78   ; [(q, upper.tri(q))
          extract1_1_  
     79   [ <?> ] Type#71
     84   visible_  
     85   ret_  

[Prom (index 10.0)]
0:
      0   ldfun_  upper.tri
      5   [ 0, <0>, valid  ] Call#7
     10   mk_promise_  0
     15   ; upper.tri(q)
          call_  1
     32   [ <?> ] Type#68
     37   ret_  

[Prom (index 10.0.0)]
0:
      0   ldvar_  q
      5   [ <?> ] Type#67
     10   ret_  

[Prom (index 10.1)]
0:
      0   ldvar_  q
      5   [ <?> ] Type#69
     10   ret_  

[Prom (index 11)]
0:
      0   ldfun_  upper.tri
      5   [ 0, <0>, valid  ] Call#9
     10   mk_promise_  0
     15   ; upper.tri(q)
          call_  1
     32   [ <?> ] Type#74
     37   ret_  

[Prom (index 11.0)]
0:
      0   ldvar_  q
      5   [ <?> ] Type#73
     10   ret_  

[Prom (index 12)]
0:
      0   ldvar_  q
      5   [ <?> ] Type#75
     10   ret_  

NoRecord Type#10 (dep: #9)
NoRecord Type#13 (dep: #12)
NoRecord Type#17 (dep: #16)
NoRecord Type#20 (dep: #2)
NoRecord Type#21 (dep: #2)
NoRecord Type#23 (dep: #5)
NoRecord Type#24 (dep: #5)
NoRecord Type#27 (dep: #8)
NoRecord Type#28 (dep: #8)
NoRecord Type#35 (dep: #31)
NoRecord Type#40 (dep: #39)
NoRecord Type#43 (dep: #42)
NoRecord Type#47 (dep: #46)
NoRecord Type#54 (dep: #53)
NoRecord Type#57 (dep: #56)
NoRecord Type#61 (dep: #60)
NoRecord Type#72 (dep: #36)
== closure 0x55c006676fb8 (env 0x55c0047c5fd0) ==
== dispatch table 0x55c0066864c0 ==
= version 0 (0x55c0065f93e0) =
[sigature] needsEnv 
[flags]    
[stats]    invoked: 0, deopt: 0
0:
      0   push_  <blt is.array>
      5   dup_  
      6   ldvar_noforce_  is.array
     11   identical_noforce_  
     12   [ _ ] Test#0
     17   brtrue_  1
     22   pop_  
     23   ldfun_  is.array
     28   [ 0, <0>, valid  ] Call#0
     33   mk_promise_  0
     38   ; is.array(X)
          call_  1
     55   br_  2
1:
     60   ldvar_cached_  X{0}
     69   [ <?> ] Type#1
     74   ; is.array(X)
          call_  1
2:
     91   [ <?> ] Type#2
     96   asbool_  
     97   brtrue_  13
    102   push_  <blt length>
    107   dup_  
    108   ldvar_noforce_  length
    113   identical_noforce_  
    114   [ _ ] Test#1
    119   brtrue_  3
    124   pop_  
    125   ldfun_  length
    130   [ 0, <0>, valid  ] Call#1
    135   mk_promise_  1
    140   ; length(X)
          call_  1
    157   br_  4
3:
    162   ldvar_cached_  X{0}
    171   [ <?> ] Type#4
    176   ; length(X)
          call_  1
4:
    193   [ <?> ] Type#5
    198   stvar_cached_  dX{1}
    207   push_  <blt names>
    212   dup_  
    213   ldvar_noforce_  names
    218   identical_noforce_  
    219   [ _ ] Test#2
    224   brtrue_  5
    229   pop_  
    230   ldfun_  names
    235   [ 0, <0>, valid  ] Call#2
    240   mk_promise_  2
    245   ; names(X)
          call_  1
    262   br_  6
5:
    267   ldvar_cached_  X{0}
    276   ; names(X)
          call_  1
6:
    293   [ <?> ] Type#8
    298   is_  NULL
    303   stvar_cached_  no.nx{3}
    312   ldvar_cached_  no.nx{3}
    321   ; !(no.nx)
          not_  
    322   asbool_  
    323   brtrue_  7
    328   br_  12
7:
    333   push_  <blt list>
    338   dup_  
    339   ldvar_noforce_  list
    344   identical_noforce_  
    345   [ _ ] Test#3
    350   brtrue_  8
    355   pop_  
    356   ldfun_  list
    361   [ 0, <0>, valid  ] Call#3
    366   mk_promise_  3
    371   ; list(names(X))
          call_  1
    388   br_  11
8:
    393   push_  <blt names>
    398   dup_  
    399   ldvar_noforce_  names
    404   identical_noforce_  
    405   [ _ ] Test#4
    410   brtrue_  9
    415   pop_  
    416   ldfun_  names
    421   [ 0, <0>, valid  ] Call#5
    426   mk_promise_  4
    431   ; names(X)
          call_  1
    448   br_  10
9:
    453   ldvar_cached_  X{0}
    462   [ <?> ] Type#13
    467   ; names(X)
          call_  1
10:
    484   [ <?> ] Type#14
    489   ; list(names(X))
          call_  1
11:
    506   [ <?> ] Type#15
    511   stvar_cached_  nx{2}
12:
    520   br_  18
13:
    525   push_  <blt dim>
    530   dup_  
    531   ldvar_noforce_  dim
    536   identical_noforce_  
    537   [ _ ] Test#5
    542   brtrue_  14
    547   pop_  
    548   ldfun_  dim
    553   [ 0, <0>, valid  ] Call#6
    558   mk_promise_  5
    563   ; dim(X)
          call_  1
    580   br_  15
14:
    585   ldvar_cached_  X{0}
    594   [ <?> ] Type#17
    599   ; dim(X)
          call_  1
15:
    616   [ <?> ] Type#18
    621   stvar_cached_  dX{1}
    630   push_  <blt dimnames>
    635   dup_  
    636   ldvar_noforce_  dimnames
    641   identical_noforce_  
    642   [ _ ] Test#6
    647   brtrue_  16
    652   pop_  
    653   ldfun_  dimnames
    658   [ 0, <0>, valid  ] Call#7
    663   mk_promise_  6
    668   ; dimnames(X)
          call_  1
    685   br_  17
16:
    690   ldvar_cached_  X{0}
    699   ; dimnames(X)
          call_  1
17:
    716   [ <?> ] Type#21
    721   stvar_cached_  nx{2}
    730   ldvar_cached_  nx{2}
    739   is_  NULL
    744   stvar_cached_  no.nx{3}
18:
    753   push_  <blt is.array>
    758   dup_  
    759   ldvar_noforce_  is.array
    764   identical_noforce_  
    765   [ _ ] Test#7
    770   brtrue_  19
    775   pop_  
    776   ldfun_  is.array
    781   [ 0, <0>, valid  ] Call#8
    786   mk_promise_  7
    791   ; is.array(Y)
          call_  1
    808   br_  20
19:
    813   ldvar_cached_  Y{4}
    822   [ <?> ] Type#24
    827   ; is.array(Y)
          call_  1
20:
    844   [ <?> ] Type#25
    849   asbool_  
    850   brtrue_  31
    855   push_  <blt length>
    860   dup_  
    861   ldvar_noforce_  length
    866   identical_noforce_  
    867   [ _ ] Test#8
    872   brtrue_  21
    877   pop_  
    878   ldfun_  length
    883   [ 0, <0>, valid  ] Call#9
    888   mk_promise_  8
    893   ; length(Y)
          call_  1
    910   br_  22
21:
    915   ldvar_cached_  Y{4}
    924   [ <?> ] Type#27
    929   ; length(Y)
          call_  1
22:
    946   [ <?> ] Type#28
    951   stvar_cached_  dY{5}
    960   push_  <blt names>
    965   dup_  
    966   ldvar_noforce_  names
    971   identical_noforce_  
    972   [ _ ] Test#9
    977   brtrue_  23
    982   pop_  
    983   ldfun_  names
    988   [ 0, <0>, valid  ] Call#10
    993   mk_promise_  9
    998   ; names(Y)
          call_  1
   1015   br_  24
23:
   1020   ldvar_cached_  Y{4}
   1029   ; names(Y)
          call_  1
24:
   1046   [ <?> ] Type#31
   1051   is_  NULL
   1056   stvar_cached_  no.ny{7}
   1065   ldvar_cached_  no.ny{7}
   1074   ; !(no.ny)
          not_  
   1075   asbool_  
   1076   brtrue_  25
   1081   br_  30
25:
   1086   push_  <blt list>
   1091   dup_  
   1092   ldvar_noforce_  list
   1097   identical_noforce_  
   1098   [ _ ] Test#10
   1103   brtrue_  26
   1108   pop_  
   1109   ldfun_  list
   1114   [ 0, <0>, valid  ] Call#11
   1119   mk_promise_  a
   1124   ; list(names(Y))
          call_  1
   1141   br_  29
26:
   1146   push_  <blt names>
   1151   dup_  
   1152   ldvar_noforce_  names
   1157   identical_noforce_  
   1158   [ _ ] Test#11
   1163   brtrue_  27
   1168   pop_  
   1169   ldfun_  names
   1174   [ 0, <0>, valid  ] Call#13
   1179   mk_promise_  b
   1184   ; names(Y)
          call_  1
   1201   br_  28
27:
   1206   ldvar_cached_  Y{4}
   1215   [ <?> ] Type#36
   1220   ; names(Y)
          call_  1
28:
   1237   [ <?> ] Type#37
   1242   ; list(names(Y))
          call_  1
29:
   1259   [ <?> ] Type#38
   1264   stvar_cached_  ny{6}
30:
   1273   br_  36
31:
   1278   push_  <blt dim>
   1283   dup_  
   1284   ldvar_noforce_  dim
   1289   identical_noforce_  
   1290   [ _ ] Test#12
   1295   brtrue_  32
   1300   pop_  
   1301   ldfun_  dim
   1306   [ 0, <0>, valid  ] Call#14
   1311   mk_promise_  c
   1316   ; dim(Y)
          call_  1
   1333   br_  33
32:
   1338   ldvar_cached_  Y{4}
   1347   [ <?> ] Type#40
   1352   ; dim(Y)
          call_  1
33:
   1369   [ <?> ] Type#41
   1374   stvar_cached_  dY{5}
   1383   push_  <blt dimnames>
   1388   dup_  
   1389   ldvar_noforce_  dimnames
   1394   identical_noforce_  
   1395   [ _ ] Test#13
   1400   brtrue_  34
   1405   pop_  
   1406   ldfun_  dimnames
   1411   [ 0, <0>, valid  ] Call#15
   1416   mk_promise_  d
   1421   ; dimnames(Y)
          call_  1
   1438   br_  35
34:
   1443   ldvar_cached_  Y{4}
   1452   ; dimnames(Y)
          call_  1
35:
   1469   [ <?> ] Type#44
   1474   stvar_cached_  ny{6}
   1483   ldvar_cached_  ny{6}
   1492   is_  NULL
   1497   stvar_cached_  no.ny{7}
36:
   1506   push_  <blt is.character>
   1511   dup_  
   1512   ldvar_noforce_  is.character
   1517   identical_noforce_  
   1518   [ _ ] Test#14
   1523   brtrue_  37
   1528   pop_  
   1529   ldfun_  is.character
   1534   [ 0, <0>, valid  ] Call#16
   1539   mk_promise_  e
   1544   ; is.character(FUN)
          call_  1
   1561   br_  38
37:
   1566   ldvar_cached_  FUN{9}
   1575   [ <?> ] Type#47
   1580   ; is.character(FUN)
          call_  1
38:
   1597   [ <?> ] Type#48
   1602   ; is.character(FUN)
          aslogical_  
   1603   dup_  
   1604   brfalse_  39
   1609   ldvar_cached_  FUN{9}
   1618   push_  "*"
   1623   visible_  
   1624   ; ==(FUN, "*")
          eq_  
   1625   [ <?> ] Type#50
   1630   ; ==(FUN, "*")
          aslogical_  
   1631   lgl_and_  
39:
   1632   asbool_  
   1633   brtrue_  44
   1638   ldfun_  match.fun
   1643   [ 0, <0>, valid  ] Call#17
   1648   mk_promise_  f
   1653   ; match.fun(FUN)
          call_  1
   1670   [ <?> ] Type#52
   1675   stvar_cached_  FUN{9}
   1684   ldfun_  rep
   1689   [ 0, <0>, valid  ] Call#18
   1694   mk_promise_  10
   1699   mk_promise_  11
   1704   ; rep(Y, rep.int(length(X), length(Y)))
          call_  2
   1721   [ <?> ] Type#59
   1726   stvar_cached_  Y{4}
   1735   push_  <blt length>
   1740   dup_  
   1741   ldvar_noforce_  length
   1746   identical_noforce_  
   1747   [ _ ] Test#15
   1752   brtrue_  40
   1757   pop_  
   1758   ldfun_  length
   1763   [ 0, <0>, valid  ] Call#22
   1768   mk_promise_  12
   1773   ; length(X)
          call_  1
   1790   br_  41
40:
   1795   ldvar_cached_  X{0}
   1804   [ <?> ] Type#61
   1809   ; length(X)
          call_  1
41:
   1826   [ <?> ] Type#62
   1831   asbool_  
   1832   brtrue_  42
   1837   br_  43
42:
   1842   ldfun_  rep
   1847   [ 0, <0>, valid  ] Call#23
   1852   mk_promise_  13
   1857   mk_promise_  14
   1862   ; rep(X, times=ceiling(/(length(Y), length(X))))
          named_call_  2 [ _ times ]
   1887   [ <?> ] Type#70
   1892   stvar_cached_  X{0}
43:
   1901   ldfun_  FUN
   1906   [ 0, <0>, valid  ] Call#27
   1911   mk_promise_  15
   1916   mk_promise_  16
   1921   push_  RIR_ExpandDotsTrigger
   1926   call_dots_  3 [ _ _ .xpandDotsTrigger ]
   1955   [ <?> ] Type#73
   1960   br_  47
44:
   1965   missing_  ...
   1970   visible_  
   1971   ; !(missing(...))
          not_  
   1972   asbool_  
   1973   brtrue_  45
   1978   br_  46
45:
   1983   ldfun_  stop
   1988   [ 0, <0>, valid  ] Call#28
   1993   push_  "using ... with FUN = "*" is an error"
   1998   ; stop("using ... with FUN = "*" is an error")
          call_  1
   2015   pop_  
46:
   2016   ldfun_  tcrossprod
   2021   [ 0, <0>, valid  ] Call#29
   2026   mk_promise_  17
   2031   mk_promise_  18
   2036   ; tcrossprod(as.vector(X), as.vector(Y))
          call_  2
   2053   [ <?> ] Type#78
47:
   2058   stvar_cached_  robj{8}
   2067   push_  <blt c>
   2072   dup_  
   2073   ldvar_noforce_  c
   2078   identical_noforce_  
   2079   [ _ ] Test#16
   2084   brtrue_  48
   2089   pop_  
   2090   ldfun_  c
   2095   [ 0, <0>, valid  ] Call#32
   2100   mk_promise_  19
   2105   mk_promise_  1a
   2110   ; c(dX, dY)
          call_  2
   2127   br_  49
48:
   2132   ldvar_cached_  dX{1}
   2141   [ <?> ] Type#81
   2146   ldvar_cached_  dY{5}
   2155   [ <?> ] Type#82
   2160   ; c(dX, dY)
          call_  2
49:
   2177   [ <?> ] Type#83
   2182   ldfun_  dim<-
   2187   [ 0, <0>, valid  ] Call#33
   2192   ldvar_cached_  robj{8}
   2201   pick_  2
   2206   mk_eager_promise_  1b
   2211   ; dim<-(robj, value=c(dX, dY))
          named_call_  2 [ _ value ]
   2236   stvar_cached_  robj{8}
   2245   ldvar_cached_  no.nx{3}
   2254   [ <?> ] Type#85
   2259   ; no.nx
          aslogical_  
   2260   dup_  
   2261   brfalse_  50
   2266   ldvar_cached_  no.ny{7}
   2275   [ <?> ] Type#86
   2280   ; no.ny
          aslogical_  
   2281   lgl_and_  
50:
   2282   visible_  
   2283   ; !(((&&(no.nx, no.ny)))
          not_  
   2284   asbool_  
   2285   brtrue_  51
   2290   br_  58
51:
   2295   ldvar_cached_  no.nx{3}
   2304   [ <?> ] Type#87
   2309   asbool_  
   2310   brtrue_  54
   2315   ldvar_cached_  no.ny{7}
   2324   [ <?> ] Type#88
   2329   asbool_  
   2330   brtrue_  52
   2335   br_  53
52:
   2340   ldfun_  vector
   2345   [ 0, <0>, valid  ] Call#34
   2350   push_  "list"
   2355   mk_promise_  1c
   2360   ; vector("list", length(dY))
          call_  2
   2377   [ <?> ] Type#91
   2382   stvar_cached_  ny{6}
53:
   2391   br_  55
54:
   2396   ldfun_  vector
   2401   [ 0, <0>, valid  ] Call#36
   2406   push_  "list"
   2411   mk_promise_  1d
   2416   ; vector("list", length(dX))
          call_  2
   2433   [ <?> ] Type#94
   2438   stvar_cached_  nx{2}
55:
   2447   push_  <blt c>
   2452   dup_  
   2453   ldvar_noforce_  c
   2458   identical_noforce_  
   2459   [ _ ] Test#17
   2464   brtrue_  56
   2469   pop_  
   2470   ldfun_  c
   2475   [ 0, <0>, valid  ] Call#38
   2480   mk_promise_  1e
   2485   mk_promise_  1f
   2490   ; c(nx, ny)
          call_  2
   2507   br_  57
56:
   2512   ldvar_cached_  nx{2}
   2521   [ <?> ] Type#97
   2526   ldvar_cached_  ny{6}
   2535   [ <?> ] Type#98
   2540   ; c(nx, ny)
          call_  2
57:
   2557   [ <?> ] Type#99
   2562   ldfun_  dimnames<-
   2567   [ 0, <0>, valid  ] Call#39
   2572   ldvar_cached_  robj{8}
   2581   [ <?> ] Type#100
   2586   pick_  2
   2591   mk_eager_promise_  20
   2596   ; dimnames<-(robj, value=c(nx, ny))
          named_call_  2 [ _ value ]
   2621   stvar_cached_  robj{8}
58:
   2630   ldvar_cached_  robj{8}
   2639   ret_  

[Prom (index 0)]
0:
      0   ldvar_  X
      5   [ <?> ] Type#0
     10   ret_  

[Prom (index 1)]
0:
      0   ldvar_  X
      5   [ <?> ] Type#3
     10   ret_  

[Prom (index 2)]
0:
      0   ldvar_  X
      5   [ <?> ] Type#6
     10   ret_  

[Prom (index 3)]
0:
      0   ldfun_  names
      5   [ 0, <0>, valid  ] Call#4
     10   mk_promise_  0
     15   ; names(X)
          call_  1
     32   [ <?> ] Type#11
     37   ret_  

[Prom (index 3.0)]
0:
      0   ldvar_  X
      5   [ <?> ] Type#10
     10   ret_  

[Prom (index 4)]
0:
      0   ldvar_  X
      5   [ <?> ] Type#12
     10   ret_  

[Prom (index 5)]
0:
      0   ldvar_  X
      5   [ <?> ] Type#16
     10   ret_  

[Prom (index 6)]
0:
      0   ldvar_  X
      5   [ <?> ] Type#19
     10   ret_  

[Prom (index 7)]
0:
      0   ldvar_  Y
      5   [ <?> ] Type#23
     10   ret_  

[Prom (index 8)]
0:
      0   ldvar_  Y
      5   [ <?> ] Type#26
     10   ret_  

[Prom (index 9)]
0:
      0   ldvar_  Y
      5   [ <?> ] Type#29
     10   ret_  

[Prom (index 10)]
0:
      0   ldfun_  names
      5   [ 0, <0>, valid  ] Call#12
     10   mk_promise_  0
     15   ; names(Y)
          call_  1
     32   [ <?> ] Type#34
     37   ret_  

[Prom (index 10.0)]
0:
      0   ldvar_  Y
      5   [ <?> ] Type#33
     10   ret_  

[Prom (index 11)]
0:
      0   ldvar_  Y
      5   [ <?> ] Type#35
     10   ret_  

[Prom (index 12)]
0:
      0   ldvar_  Y
      5   [ <?> ] Type#39
     10   ret_  

[Prom (index 13)]
0:
      0   ldvar_  Y
      5   [ <?> ] Type#42
     10   ret_  

[Prom (index 14)]
0:
      0   ldvar_  FUN
      5   [ <?> ] Type#46
     10   ret_  

[Prom (index 15)]
0:
      0   ldvar_  FUN
      5   [ <?> ] Type#51
     10   ret_  

[Prom (index 16)]
0:
      0   ldvar_  Y
      5   [ <?> ] Type#53
     10   ret_  

[Prom (index 17)]
0:
      0   ldfun_  rep.int
      5   [ 0, <0>, valid  ] Call#19
     10   mk_promise_  0
     15   mk_promise_  1
     20   ; rep.int(length(X), length(Y))
          call_  2
     37   [ <?> ] Type#58
     42   ret_  

[Prom (index 17.0)]
0:
      0   ldfun_  length
      5   [ 0, <0>, valid  ] Call#20
     10   mk_promise_  0
     15   ; length(X)
          call_  1
     32   [ <?> ] Type#55
     37   ret_  

[Prom (index 17.0.0)]
0:
      0   ldvar_  X
      5   [ <?> ] Type#54
     10   ret_  

[Prom (index 17.1)]
0:
      0   ldfun_  length
      5   [ 0, <0>, valid  ] Call#21
     10   mk_promise_  0
     15   ; length(Y)
          call_  1
     32   [ <?> ] Type#57
     37   ret_  

[Prom (index 17.1.0)]
0:
      0   ldvar_  Y
      5   [ <?> ] Type#56
     10   ret_  

[Prom (index 18)]
0:
      0   ldvar_  X
      5   [ <?> ] Type#60
     10   ret_  

[Prom (index 19)]
0:
      0   ldvar_  X
      5   [ <?> ] Type#63
     10   ret_  

[Prom (index 20)]
0:
      0   ldfun_  ceiling
      5   [ 0, <0>, valid  ] Call#24
     10   mk_promise_  0
     15   ; ceiling(/(length(Y), length(X)))
          call_  1
     32   [ <?> ] Type#69
     37   ret_  

[Prom (index 20.0)]
0:
      0   ldfun_  length
      5   [ 0, <0>, valid  ] Call#25
     10   mk_promise_  0
     15   ; length(Y)
          call_  1
     32   [ <?> ] Type#65
     37   ldfun_  length
     42   [ 0, <0>, valid  ] Call#26
     47   mk_promise_  1
     52   ; length(X)
          call_  1
     69   [ <?> ] Type#67
     74   ; /(length(Y), length(X))
          div_  
     75   [ <?> ] Type#68
     80   ret_  

[Prom (index 20.0.0)]
0:
      0   ldvar_  Y
      5   [ <?> ] Type#64
     10   ret_  

[Prom (index 20.0.1)]
0:
      0   ldvar_  X
      5   [ <?> ] Type#66
     10   ret_  

[Prom (index 21)]
0:
      0   ldvar_  X
      5   [ <?> ] Type#71
     10   ret_  

[Prom (index 22)]
0:
      0   ldvar_  Y
      5   [ <?> ] Type#72
     10   ret_  

[Prom (index 23)]
0:
      0   ldfun_  as.vector
      5   [ 0, <0>, valid  ] Call#30
     10   mk_promise_  0
     15   ; as.vector(X)
          call_  1
     32   [ <?> ] Type#75
     37   ret_  

[Prom (index 23.0)]
0:
      0   ldvar_  X
      5   [ <?> ] Type#74
     10   ret_  

[Prom (index 24)]
0:
      0   ldfun_  as.vector
      5   [ 0, <0>, valid  ] Call#31
     10   mk_promise_  0
     15   ; as.vector(Y)
          call_  1
     32   [ <?> ] Type#77
     37   ret_  

[Prom (index 24.0)]
0:
      0   ldvar_  Y
      5   [ <?> ] Type#76
     10   ret_  

[Prom (index 25)]
0:
      0   ldvar_  dX
      5   [ <?> ] Type#79
     10   ret_  

[Prom (index 26)]
0:
      0   ldvar_  dY
      5   [ <?> ] Type#80
     10   ret_  

[Prom (index 27)]
0:
      0   push_  NULL
      5   ret_  

[Prom (index 28)]
0:
      0   ldfun_  length
      5   [ 0, <0>, valid  ] Call#35
     10   mk_promise_  0
     15   ; length(dY)
          call_  1
     32   [ <?> ] Type#90
     37   ret_  

[Prom (index 28.0)]
0:
      0   ldvar_  dY
      5   [ <?> ] Type#89
     10   ret_  

[Prom (index 29)]
0:
      0   ldfun_  length
      5   [ 0, <0>, valid  ] Call#37
     10   mk_promise_  0
     15   ; length(dX)
          call_  1
     32   [ <?> ] Type#93
     37   ret_  

[Prom (index 29.0)]
0:
      0   ldvar_  dX
      5   [ <?> ] Type#92
     10   ret_  

[Prom (index 30)]
0:
      0   ldvar_  nx
      5   [ <?> ] Type#95
     10   ret_  

[Prom (index 31)]
0:
      0   ldvar_  ny
      5   [ <?> ] Type#96
     10   ret_  

[Prom (index 32)]
0:
      0   push_  NULL
      5   ret_  

NoRecord Type#7 (dep: #4)
NoRecord Type#9 (dep: #8)
NoRecord Type#20 (dep: #17)
NoRecord Type#22 (dep: #21)
NoRecord Type#30 (dep: #27)
NoRecord Type#32 (dep: #31)
NoRecord Type#43 (dep: #40)
NoRecord Type#45 (dep: #44)
NoRecord Type#49 (dep: #47)
NoRecord Type#84 (dep: #78)
NoRecord Type#101 (dep: #78)
== closure 0x55c0048ba510 (env 0x55c0047c5fd0) ==
== dispatch table 0x55c0066865c0 ==
= version 0 (0x55c005cfbcc8) =
[sigature] needsEnv 
[flags]    
[stats]    invoked: 0, deopt: 0
0:
      0   push_  <blt is.function>
      5   dup_  
      6   ldvar_noforce_  is.function
     11   identical_noforce_  
     12   [ _ ] Test#0
     17   brtrue_  1
     22   pop_  
     23   ldfun_  is.function
     28   [ 0, <0>, valid  ] Call#0
     33   mk_promise_  0
     38   ; is.function(FUN)
          call_  1
     55   br_  2
1:
     60   ldvar_cached_  FUN{0}
     69   [ <?> ] Type#1
     74   ; is.function(FUN)
          call_  1
2:
     91   [ <?> ] Type#2
     96   asbool_  
     97   brtrue_  3
    102   br_  4
3:
    107   ldvar_cached_  FUN{0}
    116   [ <?> ] Type#3
    121   ret_  
4:
    122   push_  <blt is.character>
    127   dup_  
    128   ldvar_noforce_  is.character
    133   identical_noforce_  
    134   [ _ ] Test#1
    139   brtrue_  5
    144   pop_  
    145   ldfun_  is.character
    150   [ 0, <0>, valid  ] Call#1
    155   mk_promise_  1
    160   ; is.character(FUN)
          call_  1
    177   br_  6
5:
    182   ldvar_cached_  FUN{0}
    191   [ <?> ] Type#5
    196   ; is.character(FUN)
          call_  1
6:
    213   [ <?> ] Type#6
    218   ; is.character(FUN)
          aslogical_  
    219   dup_  
    220   brfalse_  9
    225   push_  <blt length>
    230   dup_  
    231   ldvar_noforce_  length
    236   identical_noforce_  
    237   [ _ ] Test#2
    242   brtrue_  7
    247   pop_  
    248   ldfun_  length
    253   [ 0, <0>, valid  ] Call#2
    258   mk_promise_  2
    263   ; length(FUN)
          call_  1
    280   br_  8
7:
    285   ldvar_cached_  FUN{0}
    294   ; length(FUN)
          call_  1
8:
    311   [ <?> ] Type#9
    316   push_  1L
    321   visible_  
    322   ; ==(length(FUN), 1L)
          eq_  
    323   [ <?> ] Type#10
    328   ; ==(length(FUN), 1L)
          aslogical_  
    329   lgl_and_  
9:
    330   ; ||(&&(is.character(FUN), ==(length(FUN), 1L)),|...
          aslogical_  
    331   dup_  
    332   brtrue_  12
    337   push_  <blt is.symbol>
    342   dup_  
    343   ldvar_noforce_  is.symbol
    348   identical_noforce_  
    349   [ _ ] Test#3
    354   brtrue_  10
    359   pop_  
    360   ldfun_  is.symbol
    365   [ 0, <0>, valid  ] Call#3
    370   mk_promise_  3
    375   ; is.symbol(FUN)
          call_  1
    392   br_  11
10:
    397   ldvar_cached_  FUN{0}
    406   ; is.symbol(FUN)
          call_  1
11:
    423   [ <?> ] Type#13
    428   ; ||(&&(is.character(FUN), ==(length(FUN), 1L)),|...
          aslogical_  
    429   lgl_or_  
12:
    430   visible_  
    431   ; !(((||(&&(is.character(FUN), ==(length(FUN), 1|...
          not_  
    432   asbool_  
    433   brtrue_  13
    438   br_  17
13:
    443   ldfun_  eval.parent
    448   [ 0, <0>, valid  ] Call#4
    453   mk_promise_  4
    458   ; eval.parent(substitute(substitute(FUN)))
          call_  1
    475   [ <?> ] Type#17
    480   stvar_cached_  FUN{0}
    489   push_  <blt is.symbol>
    494   dup_  
    495   ldvar_noforce_  is.symbol
    500   identical_noforce_  
    501   [ _ ] Test#4
    506   brtrue_  14
    511   pop_  
    512   ldfun_  is.symbol
    517   [ 0, <0>, valid  ] Call#7
    522   mk_promise_  5
    527   ; is.symbol(FUN)
          call_  1
    544   br_  15
14:
    549   ldvar_cached_  FUN{0}
    558   ; is.symbol(FUN)
          call_  1
15:
    575   [ <?> ] Type#20
    580   ; !(is.symbol(FUN))
          not_  
    581   asbool_  
    582   brtrue_  16
    587   br_  17
16:
    592   ldfun_  stop
    597   [ 0, <0>, valid  ] Call#8
    602   mk_promise_  6
    607   push_  NA
    612   ; stop(gettextf("'%s' is not a function, charact|...
          named_call_  2 [ _ domain ]
    637   pop_  
17:
    638   ldfun_  parent.frame
    643   [ 0, <0>, valid  ] Call#11
    648   push_  2
    653   ; parent.frame(2)
          call_  1
    670   [ <?> ] Type#24
    675   stvar_cached_  envir{1}
    684   ldvar_cached_  descend{2}
    693   [ <?> ] Type#25
    698   asbool_  
    699   brtrue_  22
    704   ldfun_  get
    709   [ 0, <0>, valid  ] Call#12
    714   mk_promise_  7
    719   push_  "any"
    724   mk_promise_  8
    729   ; get(as.character(FUN), mode="any", envir=envir)
          named_call_  3 [ _ mode envir ]
    758   [ <?> ] Type#29
    763   stvar_cached_  FUN{0}
    772   push_  <blt is.function>
    777   dup_  
    778   ldvar_noforce_  is.function
    783   identical_noforce_  
    784   [ _ ] Test#5
    789   brtrue_  18
    794   pop_  
    795   ldfun_  is.function
    800   [ 0, <0>, valid  ] Call#14
    805   mk_promise_  9
    810   ; is.function(FUN)
          call_  1
    827   br_  19
18:
    832   ldvar_cached_  FUN{0}
    841   ; is.function(FUN)
          call_  1
19:
    858   [ <?> ] Type#32
    863   ; !(is.function(FUN))
          not_  
    864   asbool_  
    865   brtrue_  20
    870   br_  21
20:
    875   ldfun_  stop
    880   [ 0, <0>, valid  ] Call#15
    885   mk_promise_  a
    890   push_  NA
    895   ; stop(gettextf("found non-function '%s'", FUN),|...
          named_call_  2 [ _ domain ]
    920   pop_  
21:
    921   br_  23
22:
    926   ldfun_  get
    931   [ 0, <0>, valid  ] Call#17
    936   mk_promise_  b
    941   push_  "function"
    946   mk_promise_  c
    951   ; get(as.character(FUN), mode="function", envir=|...
          named_call_  3 [ _ mode envir ]
    980   [ <?> ] Type#38
    985   stvar_cached_  FUN{0}
23:
    994   ldvar_cached_  FUN{0}
   1003   [ <?> ] Type#39
   1008   ret_  
   1009   ret_  

[Prom (index 0)]
0:
      0   ldvar_  FUN
      5   [ <?> ] Type#0
     10   ret_  

[Prom (index 1)]
0:
      0   ldvar_  FUN
      5   [ <?> ] Type#4
     10   ret_  

[Prom (index 2)]
0:
      0   ldvar_  FUN
      5   [ <?> ] Type#7
     10   ret_  

[Prom (index 3)]
0:
      0   ldvar_  FUN
      5   [ <?> ] Type#11
     10   ret_  

[Prom (index 4)]
0:
      0   ldfun_  substitute
      5   [ 0, <0>, valid  ] Call#5
     10   mk_promise_  0
     15   ; substitute(substitute(FUN))
          call_  1
     32   [ <?> ] Type#16
     37   ret_  

[Prom (index 4.0)]
0:
      0   ldfun_  substitute
      5   [ 0, <0>, valid  ] Call#6
     10   mk_promise_  0
     15   ; substitute(FUN)
          call_  1
     32   [ <?> ] Type#15
     37   ret_  

[Prom (index 4.0.0)]
0:
      0   ldvar_  FUN
      5   [ <?> ] Type#14
     10   ret_  

[Prom (index 5)]
0:
      0   ldvar_  FUN
      5   [ <?> ] Type#18
     10   ret_  

[Prom (index 6)]
0:
      0   ldfun_  gettextf
      5   [ 0, <0>, valid  ] Call#9
     10   push_  "'%s' is not a function, character or symbol"
     15   mk_promise_  0
     20   ; gettextf("'%s' is not a function, character or|...
          call_  2
     37   [ <?> ] Type#23
     42   ret_  

[Prom (index 6.0)]
0:
      0   ldfun_  deparse
      5   [ 0, <0>, valid  ] Call#10
     10   mk_promise_  0
     15   ; deparse(FUN)
          call_  1
     32   [ <?> ] Type#22
     37   ret_  

[Prom (index 6.0.0)]
0:
      0   ldvar_  FUN
      5   [ <?> ] Type#21
     10   ret_  

[Prom (index 7)]
0:
      0   ldfun_  as.character
      5   [ 0, <0>, valid  ] Call#13
     10   mk_promise_  0
     15   ; as.character(FUN)
          call_  1
     32   [ <?> ] Type#27
     37   ret_  

[Prom (index 7.0)]
0:
      0   ldvar_  FUN
      5   [ <?> ] Type#26
     10   ret_  

[Prom (index 8)]
0:
      0   ldvar_  envir
      5   [ <?> ] Type#28
     10   ret_  

[Prom (index 9)]
0:
      0   ldvar_  FUN
      5   [ <?> ] Type#30
     10   ret_  

[Prom (index 10)]
0:
      0   ldfun_  gettextf
      5   [ 0, <0>, valid  ] Call#16
     10   push_  "found non-function '%s'"
     15   mk_promise_  0
     20   ; gettextf("found non-function '%s'", FUN)
          call_  2
     37   [ <?> ] Type#34
     42   ret_  

[Prom (index 10.0)]
0:
      0   ldvar_  FUN
      5   [ <?> ] Type#33
     10   ret_  

[Prom (index 11)]
0:
      0   ldfun_  as.character
      5   [ 0, <0>, valid  ] Call#18
     10   mk_promise_  0
     15   ; as.character(FUN)
          call_  1
     32   [ <?> ] Type#36
     37   ret_  

[Prom (index 11.0)]
0:
      0   ldvar_  FUN
      5   [ <?> ] Type#35
     10   ret_  

[Prom (index 12)]
0:
      0   ldvar_  envir
      5   [ <?> ] Type#37
     10   ret_  

NoRecord Type#8 (dep: #5)
NoRecord Type#12 (dep: #5)
NoRecord Type#19 (dep: #17)
NoRecord Type#31 (dep: #29)
== closure 0x55c0048abad0 (env 0x55c0047c5fd0) ==
== dispatch table 0x55c00668fc90 ==
= version 0 (0x55c005cfc0e8) =
[sigature] needsEnv 
[flags]    
[stats]    invoked: 0, deopt: 0
0:
      0   ldvar_cached_  n{0}
      9   [ <?> ] Type#0
     14   call_builtin_  1 : <blt parent.frame>
     27   ret_  

== closure 0x55c00570c020 (env 0x55c0047c5fd0) ==
== dispatch table 0x55c006690280 ==
= version 0 (0x55c0065b2a10) =
[sigature] needsEnv 
[flags]    
[stats]    invoked: 0, deopt: 0
0:
      0   ldvar_cached_  x{0}
      9   [ <?> ] Type#2
     14   ldvar_cached_  envir{1}
     23   [ <?> ] Type#3
     28   ldvar_cached_  mode{2}
     37   [ <?> ] Type#4
     42   ldvar_cached_  inherits{3}
     51   [ <?> ] Type#5
     56   call_builtin_  4 : <blt get>
     69   ret_  

== closure 0x55c006692978 (env 0x55c0047c5fd0) ==
== dispatch table 0x55c006694d00 ==
= version 0 (0x55c005cfcea8) =
[sigature] needsEnv 
[flags]    
[stats]    invoked: 0, deopt: 0
0:
      0   ldfun_  outer
      5   [ 0, <0>, valid  ] Call#0
     10   mk_promise_  0
     15   mk_promise_  1
     20   ; outer(X, Y)
          call_  2
     37   [ <?> ] Type#2
     42   ret_  

[Prom (index 0)]
0:
      0   ldvar_  X
      5   [ <?> ] Type#0
     10   ret_  

[Prom (index 1)]
0:
      0   ldvar_  Y
      5   [ <?> ] Type#1
     10   ret_  

== closure 0x55c006696b50 (env 0x55c0047c5fd0) ==
== dispatch table 0x55c006697990 ==
= version 0 (0x55c005cfd218) =
[sigature] needsEnv 
[flags]    
[stats]    invoked: 0, deopt: 0
0:
      0   ldvar_cached_  x{0}
      9   [ <?> ] Type#0
     14   ldvar_cached_  y{1}
     23   [ <?> ] Type#1
     28   call_builtin_  2 : <blt tcrossprod>
     41   ret_  

== closure 0x55c004d14690 (env 0x55c0047c5fd0) ==
== dispatch table 0x55c006697c90 ==
= version 0 (0x55c005cfd378) =
[sigature] needsEnv 
[flags]    
[stats]    invoked: 0, deopt: 0
0:
      0   ldvar_cached_  x{0}
      9   [ <?> ] Type#0
     14   ldvar_cached_  mode{1}
     23   [ <?> ] Type#1
     28   call_builtin_  2 : <blt as.vector>
     41   ret_  

== closure 0x55c006695ae8 (env 0x55c0047c5fd0) ==
== dispatch table 0x55c00669c6a0 ==
= version 0 (0x55c005cd7dd8) =
[sigature] needsEnv 
[flags]    
[stats]    invoked: 0, deopt: 0
0:
      0   push_  <blt dim>
      5   dup_  
      6   ldvar_noforce_  dim
     11   identical_noforce_  
     12   [ _ ] Test#0
     17   brtrue_  1
     22   pop_  
     23   ldfun_  dim
     28   [ 0, <0>, valid  ] Call#0
     33   mk_promise_  0
     38   ; dim(x)
          call_  1
     55   br_  2
1:
     60   ldvar_cached_  x{1}
     69   [ <?> ] Type#1
     74   ; dim(x)
          call_  1
2:
     91   [ <?> ] Type#2
     96   stvar_cached_  d{0}
    105   push_  <blt length>
    110   dup_  
    111   ldvar_noforce_  length
    116   identical_noforce_  
    117   [ _ ] Test#1
    122   brtrue_  3
    127   pop_  
    128   ldfun_  length
    133   [ 0, <0>, valid  ] Call#1
    138   mk_promise_  1
    143   ; length(d)
          call_  1
    160   br_  4
3:
    165   ldvar_cached_  d{0}
    174   ; length(d)
          call_  1
4:
    191   [ <?> ] Type#5
    196   push_  2L
    201   visible_  
    202   ; !=(length(d), 2L)
          ne_  
    203   [ <?> ] Type#6
    208   asbool_  
    209   brtrue_  5
    214   br_  8
5:
    219   push_  <blt dim>
    224   dup_  
    225   ldvar_noforce_  dim
    230   identical_noforce_  
    231   [ _ ] Test#2
    236   brtrue_  6
    241   pop_  
    242   ldfun_  dim
    247   [ 0, <0>, valid  ] Call#2
    252   mk_promise_  2
    257   ; dim(as.matrix(x))
          call_  1
    274   br_  7
6:
    279   ldfun_  as.matrix
    284   [ 0, <0>, valid  ] Call#4
    289   mk_promise_  3
    294   ; as.matrix(x)
          call_  1
    311   [ <?> ] Type#10
    316   ; dim(as.matrix(x))
          call_  1
7:
    333   [ <?> ] Type#11
    338   stvar_cached_  d{0}
8:
    347   ldvar_cached_  diag{2}
    356   [ <?> ] Type#12
    361   asbool_  
    362   brtrue_  9
    367   ldfun_  .row
    372   [ 0, <0>, valid  ] Call#5
    377   mk_promise_  4
    382   ; .row(d)
          call_  1
    399   [ <?> ] Type#14
    404   ldfun_  .col
    409   [ 0, <0>, valid  ] Call#6
    414   mk_promise_  5
    419   ; .col(d)
          call_  1
    436   [ <?> ] Type#16
    441   ; <(.row(d), .col(d))
          lt_  
    442   [ <?> ] Type#17
    447   br_  10
9:
    452   ldfun_  .row
    457   [ 0, <0>, valid  ] Call#7
    462   mk_promise_  6
    467   ; .row(d)
          call_  1
    484   [ <?> ] Type#19
    489   ldfun_  .col
    494   [ 0, <0>, valid  ] Call#8
    499   mk_promise_  7
    504   ; .col(d)
          call_  1
    521   [ <?> ] Type#21
    526   ; <=(.row(d), .col(d))
          le_  
    527   [ <?> ] Type#22
10:
    532   ret_  

[Prom (index 0)]
0:
      0   ldvar_  x
      5   [ <?> ] Type#0
     10   ret_  

[Prom (index 1)]
0:
      0   ldvar_  d
      5   [ <?> ] Type#3
     10   ret_  

[Prom (index 2)]
0:
      0   ldfun_  as.matrix
      5   [ 0, <0>, valid  ] Call#3
     10   mk_promise_  0
     15   ; as.matrix(x)
          call_  1
     32   [ <?> ] Type#8
     37   ret_  

[Prom (index 2.0)]
0:
      0   ldvar_  x
      5   [ <?> ] Type#7
     10   ret_  

[Prom (index 3)]
0:
      0   ldvar_  x
      5   [ <?> ] Type#9
     10   ret_  

[Prom (index 4)]
0:
      0   ldvar_  d
      5   [ <?> ] Type#13
     10   ret_  

[Prom (index 5)]
0:
      0   ldvar_  d
      5   [ <?> ] Type#15
     10   ret_  

[Prom (index 6)]
0:
      0   ldvar_  d
      5   [ <?> ] Type#18
     10   ret_  

[Prom (index 7)]
0:
      0   ldvar_  d
      5   [ <?> ] Type#20
     10   ret_  

NoRecord Type#4 (dep: #2)
== closure 0x55c00669b1f8 (env 0x55c0047c5fd0) ==
== dispatch table 0x55c00669ce90 ==
= version 0 (0x55c005cd8568) =
[sigature] needsEnv 
[flags]    
[stats]    invoked: 0, deopt: 0
0:
      0   ldvar_cached_  dim{0}
      9   [ <?> ] Type#0
     14   call_builtin_  1 : <blt row>
     27   ret_  

== closure 0x55c00669ad28 (env 0x55c0047c5fd0) ==
== dispatch table 0x55c00669d920 ==
= version 0 (0x55c005cd8da8) =
[sigature] needsEnv 
[flags]    
[stats]    invoked: 0, deopt: 0
0:
      0   ldvar_cached_  dim{0}
      9   [ <?> ] Type#0
     14   call_builtin_  1 : <blt col>
     27   ret_  

-0.169075164 
== closure 0x55c006655e00 (env 0x55c0047c6078) ==
== dispatch table 0x55c0066b3c50 ==
= version 0 (0x55c005cd9748) =
[sigature] needsEnv 
[flags]    
[stats]    invoked: 0, deopt: 0
0:
      0   ldfun_  matrix
      5   [ 0, <0>, valid  ] Call#0
     10   push_  0
     15   mk_promise_  0
     20   mk_promise_  1
     25   ; matrix(0, n_bodies, n_bodies)
          call_  3
     42   [ <?> ] Type#2
     47   stvar_cached_  dxx{0}
     56   ldfun_  matrix
     61   [ 0, <0>, valid  ] Call#1
     66   push_  0
     71   mk_promise_  2
     76   mk_promise_  3
     81   ; matrix(0, n_bodies, n_bodies)
          call_  3
     98   [ <?> ] Type#5
    103   stvar_cached_  dyy{2}
    112   ldfun_  matrix
    117   [ 0, <0>, valid  ] Call#2
    122   push_  0
    127   mk_promise_  4
    132   mk_promise_  5
    137   ; matrix(0, n_bodies, n_bodies)
          call_  3
    154   [ <?> ] Type#8
    159   stvar_cached_  dzz{3}
    168   push_  1
    173   visible_  
    174   force_  
    175   ldvar_cached_  n_bodies{1}
    184   [ <?> ] Type#9
    189   force_  
    190   ; :(1, n_bodies)
          colon_input_effects_  
    191   [ _ ] Test#0
    196   brtrue_  1
    201   ; :(1, n_bodies)
          colon_  
    202   ldfun_  for
    207   swap_  
    208   mk_eager_promise_  6
    213   mk_promise_  7
    218   ; for(i, :(1, n_bodies), {(for(j, :(1, n_bodies)|...
          call_  2
    235   pop_  
    236   br_  48
1:
    241   swap_  
    242   colon_cast_lhs_  
    243   [ <?> ] Type#126
    248   ensure_named_  
    249   swap_  
    250   colon_cast_rhs_  
    251   ensure_named_  
    252   [ <?> ] Type#127
    257   dup2_  
    258   ; NULL
          le_  
    259   [ _ ] Test#22
    264   brfalse_  2
    269   push_  1L
    274   br_  3
2:
    279   push_  -1L
3:
    284   swap_  
    285   pick_  2
4:
    290   dup2_  
    291   ; NULL
          ne_  
    292   brfalse_  47
    297   dup_  
    298   stvar_cached_  i{4}
    307   pull_  2
    312   ensure_named_  
    313   ; NULL
          add_  
    314   push_  1
    319   visible_  
    320   force_  
    321   ldvar_cached_  n_bodies{1}
    330   [ <?> ] TypeOnce#128 (bit: #10)
    335   force_  
    336   ; :(1, n_bodies)
          colon_input_effects_  
    337   [ _ ] Test#23
    342   brtrue_  5
    347   ; :(1, n_bodies)
          colon_  
    348   ldfun_  for
    353   swap_  
    354   mk_eager_promise_  8
    359   mk_promise_  9
    364   ; for(j, :(1, n_bodies), {(<-([[(dxx, i, j), -([|...
          call_  2
    381   pop_  
    382   br_  46
5:
    387   swap_  
    388   colon_cast_lhs_  
    389   [ <?> ] Type#167
    394   ensure_named_  
    395   swap_  
    396   colon_cast_rhs_  
    397   ensure_named_  
    398   [ <?> ] Type#168
    403   dup2_  
    404   ; NULL
          le_  
    405   [ _ ] Test#30
    410   brfalse_  6
    415   push_  1L
    420   br_  7
6:
    425   push_  -1L
7:
    430   swap_  
    431   pick_  2
    436   dup2_  
    437   ; NULL
          ne_  
    438   [ _ ] Test#31
    443   brfalse_  45
    448   dup_  
    449   stvar_cached_  j{5}
    458   pull_  2
    463   ensure_named_  
    464   ; NULL
          add_  
    465   ldvar_cached_  body_x{6}
    474   [ <?> ] TypeOnce#169 (bit: #11)
    479   dup_  
    480   is_  NonObject
    485   [ _ ] Test#32
    490   brfalse_  8
    495   br_  9
8:
    500   mk_promise_  a
    505   br_  10
9:
    510   ldvar_cached_  i{4}
    519   [ <?> ] TypeOnce#171 (bit: #12)
10:
    524   ; [[(body_x, i)
          extract2_1_  
    525   [ <?> ] Type#172
    530   visible_  
    531   ldvar_cached_  body_x{6}
    540   dup_  
    541   is_  NonObject
    546   [ _ ] Test#33
    551   brfalse_  11
    556   br_  12
11:
    561   mk_promise_  b
    566   br_  13
12:
    571   ldvar_cached_  j{5}
    580   [ <?> ] Type#175
13:
    585   ; [[(body_x, j)
          extract2_1_  
    586   [ <?> ] Type#176
    591   visible_  
    592   ; -([[(body_x, i), [[(body_x, j))
          sub_  
    593   [ <?> ] Type#177
    598   ldvar_for_update_cache_  dxx{0}
    607   [ <?> ] Type#178
    612   ldvar_cached_  i{4}
    621   ldvar_cached_  j{5}
    630   ; <-([[(dxx, i, j), -([[(body_x, i), [[(body_x, j)))
          subassign2_2_  
    631   stvar_cached_  dxx{0}
    640   ldvar_cached_  body_y{7}
    649   [ <?> ] TypeOnce#181 (bit: #13)
    654   dup_  
    655   is_  NonObject
    660   [ _ ] Test#34
    665   brfalse_  14
    670   br_  15
14:
    675   mk_promise_  c
    680   br_  16
15:
    685   ldvar_cached_  i{4}
16:
    694   ; [[(body_y, i)
          extract2_1_  
    695   [ <?> ] Type#184
    700   visible_  
    701   ldvar_cached_  body_y{7}
    710   dup_  
    711   is_  NonObject
    716   [ _ ] Test#35
    721   brfalse_  17
    726   br_  18
17:
    731   mk_promise_  d
    736   br_  19
18:
    741   ldvar_cached_  j{5}
19:
    750   ; [[(body_y, j)
          extract2_1_  
    751   [ <?> ] Type#188
    756   visible_  
    757   ; -([[(body_y, i), [[(body_y, j))
          sub_  
    758   [ <?> ] Type#189
    763   ldvar_for_update_cache_  dyy{2}
    772   [ <?> ] Type#190
    777   ldvar_cached_  i{4}
    786   ldvar_cached_  j{5}
    795   ; <-([[(dyy, i, j), -([[(body_y, i), [[(body_y, j)))
          subassign2_2_  
    796   stvar_cached_  dyy{2}
    805   ldvar_cached_  body_z{8}
    814   [ <?> ] TypeOnce#193 (bit: #14)
    819   dup_  
    820   is_  NonObject
    825   [ _ ] Test#36
    830   brfalse_  20
    835   br_  21
20:
    840   mk_promise_  e
    845   br_  22
21:
    850   ldvar_cached_  i{4}
22:
    859   ; [[(body_z, i)
          extract2_1_  
    860   [ <?> ] Type#196
    865   visible_  
    866   ldvar_cached_  body_z{8}
    875   dup_  
    876   is_  NonObject
    881   [ _ ] Test#37
    886   brfalse_  23
    891   br_  24
23:
    896   mk_promise_  f
    901   br_  25
24:
    906   ldvar_cached_  j{5}
25:
    915   ; [[(body_z, j)
          extract2_1_  
    916   [ <?> ] Type#200
    921   visible_  
    922   ; -([[(body_z, i), [[(body_z, j))
          sub_  
    923   [ <?> ] Type#201
    928   ldvar_for_update_cache_  dzz{3}
    937   [ <?> ] Type#202
    942   ldvar_cached_  i{4}
    951   ldvar_cached_  j{5}
    960   ; <-([[(dzz, i, j), -([[(body_z, i), [[(body_z, j)))
          subassign2_2_  
    961   stvar_cached_  dzz{3}
26:
    970   dup2_  
    971   ; NULL
          ne_  
    972   brfalse_  45
    977   dup_  
    978   stvar_cached_  j{5}
    987   pull_  2
    992   ensure_named_  
    993   ; NULL
          add_  
    994   ldvar_cached_  body_x{6}
   1003   [ <?> ] TypeOnce#205 (bit: #15)
   1008   dup_  
   1009   is_  NonObject
   1014   [ _ ] Test#38
   1019   brfalse_  27
   1024   br_  28
27:
   1029   mk_promise_  10
   1034   br_  29
28:
   1039   ldvar_cached_  i{4}
   1048   [ <?> ] TypeOnce#207 (bit: #16)
29:
   1053   ; [[(body_x, i)
          extract2_1_  
   1054   [ <?> ] Type#208
   1059   visible_  
   1060   ldvar_cached_  body_x{6}
   1069   dup_  
   1070   is_  NonObject
   1075   [ _ ] Test#39
   1080   brfalse_  30
   1085   br_  31
30:
   1090   mk_promise_  11
   1095   br_  32
31:
   1100   ldvar_cached_  j{5}
   1109   [ <?> ] Type#211
32:
   1114   ; [[(body_x, j)
          extract2_1_  
   1115   [ <?> ] Type#212
   1120   visible_  
   1121   ; -([[(body_x, i), [[(body_x, j))
          sub_  
   1122   [ <?> ] Type#213
   1127   ldvar_for_update_cache_  dxx{0}
   1136   [ <?> ] Type#214
   1141   ldvar_cached_  i{4}
   1150   ldvar_cached_  j{5}
   1159   ; <-([[(dxx, i, j), -([[(body_x, i), [[(body_x, j)))
          subassign2_2_  
   1160   stvar_cached_  dxx{0}
   1169   ldvar_cached_  body_y{7}
   1178   [ <?> ] TypeOnce#217 (bit: #17)
   1183   dup_  
   1184   is_  NonObject
   1189   [ _ ] Test#40
   1194   brfalse_  33
   1199   br_  34
33:
   1204   mk_promise_  12
   1209   br_  35
34:
   1214   ldvar_cached_  i{4}
35:
   1223   ; [[(body_y, i)
          extract2_1_  
   1224   [ <?> ] Type#220
   1229   visible_  
   1230   ldvar_cached_  body_y{7}
   1239   dup_  
   1240   is_  NonObject
   1245   [ _ ] Test#41
   1250   brfalse_  36
   1255   br_  37
36:
   1260   mk_promise_  13
   1265   br_  38
37:
   1270   ldvar_cached_  j{5}
38:
   1279   ; [[(body_y, j)
          extract2_1_  
   1280   [ <?> ] Type#224
   1285   visible_  
   1286   ; -([[(body_y, i), [[(body_y, j))
          sub_  
   1287   [ <?> ] Type#225
   1292   ldvar_for_update_cache_  dyy{2}
   1301   [ <?> ] Type#226
   1306   ldvar_cached_  i{4}
   1315   ldvar_cached_  j{5}
   1324   ; <-([[(dyy, i, j), -([[(body_y, i), [[(body_y, j)))
          subassign2_2_  
   1325   stvar_cached_  dyy{2}
   1334   ldvar_cached_  body_z{8}
   1343   [ <?> ] TypeOnce#229 (bit: #18)
   1348   dup_  
   1349   is_  NonObject
   1354   [ _ ] Test#42
   1359   brfalse_  39
   1364   br_  40
39:
   1369   mk_promise_  14
   1374   br_  41
40:
   1379   ldvar_cached_  i{4}
41:
   1388   ; [[(body_z, i)
          extract2_1_  
   1389   [ <?> ] Type#232
   1394   visible_  
   1395   ldvar_cached_  body_z{8}
   1404   dup_  
   1405   is_  NonObject
   1410   [ _ ] Test#43
   1415   brfalse_  42
   1420   br_  43
42:
   1425   mk_promise_  15
   1430   br_  44
43:
   1435   ldvar_cached_  j{5}
44:
   1444   ; [[(body_z, j)
          extract2_1_  
   1445   [ <?> ] Type#236
   1450   visible_  
   1451   ; -([[(body_z, i), [[(body_z, j))
          sub_  
   1452   [ <?> ] Type#237
   1457   ldvar_for_update_cache_  dzz{3}
   1466   [ <?> ] Type#238
   1471   ldvar_cached_  i{4}
   1480   ldvar_cached_  j{5}
   1489   ; <-([[(dzz, i, j), -([[(body_z, i), [[(body_z, j)))
          subassign2_2_  
   1490   stvar_cached_  dzz{3}
   1499   br_  26
45:
   1504   popn_  3
46:
   1509   br_  4
47:
   1514   popn_  3
48:
   1519   push_  1
   1524   visible_  
   1525   force_  
   1526   ldvar_cached_  n_bodies{1}
   1535   push_  1
   1540   visible_  
   1541   ; -(n_bodies, 1)
          sub_  
   1542   [ <?> ] Type#242
   1547   visible_  
   1548   force_  
   1549   ; :(1, ((-(n_bodies, 1)))
          colon_input_effects_  
   1550   [ _ ] Test#44
   1555   brtrue_  49
   1560   ; :(1, ((-(n_bodies, 1)))
          colon_  
   1561   ldfun_  for
   1566   swap_  
   1567   mk_eager_promise_  16
   1572   mk_promise_  17
   1577   ; for(i, :(1, ((-(n_bodies, 1))), {(<-(j_from, m|...
          call_  2
   1594   pop_  
   1595   br_  174
49:
   1600   swap_  
   1601   colon_cast_lhs_  
   1602   [ <?> ] Type#666
   1607   ensure_named_  
   1608   swap_  
   1609   colon_cast_rhs_  
   1610   ensure_named_  
   1611   [ <?> ] Type#667
   1616   dup2_  
   1617   ; NULL
          le_  
   1618   [ _ ] Test#102
   1623   brfalse_  50
   1628   push_  1L
   1633   br_  51
50:
   1638   push_  -1L
51:
   1643   swap_  
   1644   pick_  2
52:
   1649   dup2_  
   1650   ; NULL
          ne_  
   1651   brfalse_  173
   1656   dup_  
   1657   stvar_cached_  i{4}
   1666   pull_  2
   1671   ensure_named_  
   1672   ; NULL
          add_  
   1673   push_  <blt min>
   1678   dup_  
   1679   ldvar_noforce_  min
   1684   identical_noforce_  
   1685   [ _ ] Test#103
   1690   brtrue_  53
   1695   pop_  
   1696   ldfun_  min
   1701   [ 0, <0>, valid  ] Call#7
   1706   mk_promise_  18
   1711   mk_promise_  19
   1716   ; min(+(i, 1), n_bodies)
          call_  2
   1733   br_  54
53:
   1738   ldvar_cached_  i{4}
   1747   [ <?> ] TypeOnce#671 (bit: #39)
   1752   push_  1
   1757   visible_  
   1758   ; +(i, 1)
          add_  
   1759   [ <?> ] Type#672
   1764   ldvar_cached_  n_bodies{1}
   1773   [ <?> ] TypeOnce#673 (bit: #40)
   1778   ; min(+(i, 1), n_bodies)
          call_  2
54:
   1795   [ <?> ] Type#674
   1800   stvar_cached_  j_from{9}
   1809   ldvar_cached_  j_from{9}
   1818   force_  
   1819   ldvar_cached_  n_bodies{1}
   1828   force_  
   1829   ; :(j_from, n_bodies)
          colon_input_effects_  
   1830   [ _ ] Test#104
   1835   brtrue_  55
   1840   ; :(j_from, n_bodies)
          colon_  
   1841   ldfun_  for
   1846   swap_  
   1847   mk_eager_promise_  1a
   1852   mk_promise_  1b
   1857   ; for(j, :(j_from, n_bodies), {(<-(dx, -([[(body|...
          call_  2
   1874   pop_  
   1875   br_  172
55:
   1880   swap_  
   1881   colon_cast_lhs_  
   1882   [ <?> ] Type#816
   1887   ensure_named_  
   1888   swap_  
   1889   colon_cast_rhs_  
   1890   ensure_named_  
   1891   [ <?> ] Type#817
   1896   dup2_  
   1897   ; NULL
          le_  
   1898   [ _ ] Test#123
   1903   brfalse_  56
   1908   push_  1L
   1913   br_  57
56:
   1918   push_  -1L
57:
   1923   swap_  
   1924   pick_  2
   1929   dup2_  
   1930   ; NULL
          ne_  
   1931   [ _ ] Test#124
   1936   brfalse_  171
   1941   dup_  
   1942   stvar_cached_  j{5}
   1951   pull_  2
   1956   ensure_named_  
   1957   ; NULL
          add_  
   1958   ldvar_cached_  body_x{6}
   1967   [ <?> ] TypeOnce#818 (bit: #41)
   1972   dup_  
   1973   is_  NonObject
   1978   [ _ ] Test#125
   1983   brfalse_  58
   1988   br_  59
58:
   1993   mk_promise_  1c
   1998   br_  60
59:
   2003   ldvar_cached_  i{4}
   2012   [ <?> ] TypeOnce#820 (bit: #42)
60:
   2017   ; [[(body_x, i)
          extract2_1_  
   2018   [ <?> ] Type#821
   2023   visible_  
   2024   ldvar_cached_  body_x{6}
   2033   dup_  
   2034   is_  NonObject
   2039   [ _ ] Test#126
   2044   brfalse_  61
   2049   br_  62
61:
   2054   mk_promise_  1d
   2059   br_  63
62:
   2064   ldvar_cached_  j{5}
   2073   [ <?> ] Type#824
63:
   2078   ; [[(body_x, j)
          extract2_1_  
   2079   [ <?> ] Type#825
   2084   visible_  
   2085   ; -([[(body_x, i), [[(body_x, j))
          sub_  
   2086   [ <?> ] Type#826
   2091   stvar_cached_  dx{10}
   2100   ldvar_cached_  body_y{7}
   2109   [ <?> ] TypeOnce#827 (bit: #43)
   2114   dup_  
   2115   is_  NonObject
   2120   [ _ ] Test#127
   2125   brfalse_  64
   2130   br_  65
64:
   2135   mk_promise_  1e
   2140   br_  66
65:
   2145   ldvar_cached_  i{4}
66:
   2154   ; [[(body_y, i)
          extract2_1_  
   2155   [ <?> ] Type#830
   2160   visible_  
   2161   ldvar_cached_  body_y{7}
   2170   dup_  
   2171   is_  NonObject
   2176   [ _ ] Test#128
   2181   brfalse_  67
   2186   br_  68
67:
   2191   mk_promise_  1f
   2196   br_  69
68:
   2201   ldvar_cached_  j{5}
69:
   2210   ; [[(body_y, j)
          extract2_1_  
   2211   [ <?> ] Type#834
   2216   visible_  
   2217   ; -([[(body_y, i), [[(body_y, j))
          sub_  
   2218   [ <?> ] Type#835
   2223   stvar_cached_  dy{11}
   2232   ldvar_cached_  body_z{8}
   2241   [ <?> ] TypeOnce#836 (bit: #44)
   2246   dup_  
   2247   is_  NonObject
   2252   [ _ ] Test#129
   2257   brfalse_  70
   2262   br_  71
70:
   2267   mk_promise_  20
   2272   br_  72
71:
   2277   ldvar_cached_  i{4}
72:
   2286   ; [[(body_z, i)
          extract2_1_  
   2287   [ <?> ] Type#839
   2292   visible_  
   2293   ldvar_cached_  body_z{8}
   2302   dup_  
   2303   is_  NonObject
   2308   [ _ ] Test#130
   2313   brfalse_  73
   2318   br_  74
73:
   2323   mk_promise_  21
   2328   br_  75
74:
   2333   ldvar_cached_  j{5}
75:
   2342   ; [[(body_z, j)
          extract2_1_  
   2343   [ <?> ] Type#843
   2348   visible_  
   2349   ; -([[(body_z, i), [[(body_z, j))
          sub_  
   2350   [ <?> ] Type#844
   2355   stvar_cached_  dz{12}
   2364   push_  <blt sqrt>
   2369   dup_  
   2370   ldvar_noforce_  sqrt
   2375   identical_noforce_  
   2376   [ _ ] Test#131
   2381   brtrue_  76
   2386   pop_  
   2387   ldfun_  sqrt
   2392   [ 0, <0>, valid  ] Call#9
   2397   mk_promise_  22
   2402   ; sqrt(+(+(*(dx, dx), *(dy, dy)), *(dz, dz)))
          call_  1
   2419   br_  77
76:
   2424   ldvar_cached_  dx{10}
   2433   ldvar_cached_  dx{10}
   2442   ; *(dx, dx)
          mul_  
   2443   [ <?> ] Type#858
   2448   ldvar_cached_  dy{11}
   2457   ldvar_cached_  dy{11}
   2466   ; *(dy, dy)
          mul_  
   2467   [ <?> ] Type#861
   2472   ; +(*(dx, dx), *(dy, dy))
          add_  
   2473   [ <?> ] Type#862
   2478   ldvar_cached_  dz{12}
   2487   ldvar_cached_  dz{12}
   2496   ; *(dz, dz)
          mul_  
   2497   [ <?> ] Type#865
   2502   ; +(+(*(dx, dx), *(dy, dy)), *(dz, dz))
          add_  
   2503   [ <?> ] Type#866
   2508   ; sqrt(+(+(*(dx, dx), *(dy, dy)), *(dz, dz)))
          call_  1
77:
   2525   [ <?> ] Type#867
   2530   stvar_cached_  distance{13}
   2539   ldvar_cached_  dt{15}
   2548   [ <?> ] TypeOnce#868 (bit: #45)
   2553   ldvar_cached_  distance{13}
   2562   ldvar_cached_  distance{13}
   2571   ; *(distance, distance)
          mul_  
   2572   [ <?> ] Type#871
   2577   ldvar_cached_  distance{13}
   2586   ; *(*(distance, distance), distance)
          mul_  
   2587   [ <?> ] Type#873
   2592   visible_  
   2593   ; /(dt, ((*(*(distance, distance), distance)))
          div_  
   2594   [ <?> ] Type#874
   2599   stvar_cached_  mag{14}
   2608   ldvar_for_update_cache_  body_vx{16}
   2617   set_shared_  
   2618   pop_  
   2619   ldvar_cached_  body_vx{16}
   2628   [ <?> ] TypeOnce#875 (bit: #46)
   2633   dup_  
   2634   is_  NonObject
   2639   [ _ ] Test#132
   2644   brfalse_  78
   2649   br_  79
78:
   2654   mk_promise_  23
   2659   br_  80
79:
   2664   ldvar_cached_  i{4}
80:
   2673   ; [[(body_vx, i)
          extract2_1_  
   2674   [ <?> ] Type#878
   2679   visible_  
   2680   ldvar_cached_  dx{10}
   2689   ldvar_cached_  body_mass{17}
   2698   [ <?> ] TypeOnce#880 (bit: #47)
   2703   dup_  
   2704   is_  NonObject
   2709   [ _ ] Test#133
   2714   brfalse_  81
   2719   br_  82
81:
   2724   mk_promise_  24
   2729   br_  83
82:
   2734   ldvar_cached_  j{5}
83:
   2743   ; [[(body_mass, j)
          extract2_1_  
   2744   [ <?> ] Type#883
   2749   visible_  
   2750   ; *(dx, [[(body_mass, j))
          mul_  
   2751   [ <?> ] Type#884
   2756   ldvar_cached_  mag{14}
   2765   ; *(*(dx, [[(body_mass, j)), mag)
          mul_  
   2766   [ <?> ] Type#886
   2771   ; -([[(body_vx, i), *(*(dx, [[(body_mass, j)), mag))
          sub_  
   2772   [ <?> ] Type#887
   2777   ldvar_super_  body_vx
   2782   [ <?> ] Type#888
   2787   ldvar_cached_  i{4}
   2796   ; <<-([[(body_vx, i), -([[(body_vx, i), *(*(dx, |...
          subassign2_1_  
   2797   stvar_super_  body_vx
   2802   ldvar_for_update_cache_  body_vy{18}
   2811   set_shared_  
   2812   pop_  
   2813   ldvar_cached_  body_vy{18}
   2822   [ <?> ] TypeOnce#890 (bit: #48)
   2827   dup_  
   2828   is_  NonObject
   2833   [ _ ] Test#134
   2838   brfalse_  84
   2843   br_  85
84:
   2848   mk_promise_  25
   2853   br_  86
85:
   2858   ldvar_cached_  i{4}
86:
   2867   ; [[(body_vy, i)
          extract2_1_  
   2868   [ <?> ] Type#893
   2873   visible_  
   2874   ldvar_cached_  dy{11}
   2883   ldvar_cached_  body_mass{17}
   2892   dup_  
   2893   is_  NonObject
   2898   [ _ ] Test#135
   2903   brfalse_  87
   2908   br_  88
87:
   2913   mk_promise_  26
   2918   br_  89
88:
   2923   ldvar_cached_  j{5}
89:
   2932   ; [[(body_mass, j)
          extract2_1_  
   2933   [ <?> ] Type#898
   2938   visible_  
   2939   ; *(dy, [[(body_mass, j))
          mul_  
   2940   [ <?> ] Type#899
   2945   ldvar_cached_  mag{14}
   2954   ; *(*(dy, [[(body_mass, j)), mag)
          mul_  
   2955   [ <?> ] Type#901
   2960   ; -([[(body_vy, i), *(*(dy, [[(body_mass, j)), mag))
          sub_  
   2961   [ <?> ] Type#902
   2966   ldvar_super_  body_vy
   2971   [ <?> ] Type#903
   2976   ldvar_cached_  i{4}
   2985   ; <<-([[(body_vy, i), -([[(body_vy, i), *(*(dy, |...
          subassign2_1_  
   2986   stvar_super_  body_vy
   2991   ldvar_for_update_cache_  body_vz{19}
   3000   set_shared_  
   3001   pop_  
   3002   ldvar_cached_  body_vz{19}
   3011   [ <?> ] TypeOnce#905 (bit: #49)
   3016   dup_  
   3017   is_  NonObject
   3022   [ _ ] Test#136
   3027   brfalse_  90
   3032   br_  91
90:
   3037   mk_promise_  27
   3042   br_  92
91:
   3047   ldvar_cached_  i{4}
92:
   3056   ; [[(body_vz, i)
          extract2_1_  
   3057   [ <?> ] Type#908
   3062   visible_  
   3063   ldvar_cached_  dz{12}
   3072   ldvar_cached_  body_mass{17}
   3081   dup_  
   3082   is_  NonObject
   3087   [ _ ] Test#137
   3092   brfalse_  93
   3097   br_  94
93:
   3102   mk_promise_  28
   3107   br_  95
94:
   3112   ldvar_cached_  j{5}
95:
   3121   ; [[(body_mass, j)
          extract2_1_  
   3122   [ <?> ] Type#913
   3127   visible_  
   3128   ; *(dz, [[(body_mass, j))
          mul_  
   3129   [ <?> ] Type#914
   3134   ldvar_cached_  mag{14}
   3143   ; *(*(dz, [[(body_mass, j)), mag)
          mul_  
   3144   [ <?> ] Type#916
   3149   ; -([[(body_vz, i), *(*(dz, [[(body_mass, j)), mag))
          sub_  
   3150   [ <?> ] Type#917
   3155   ldvar_super_  body_vz
   3160   [ <?> ] Type#918
   3165   ldvar_cached_  i{4}
   3174   ; <<-([[(body_vz, i), -([[(body_vz, i), *(*(dz, |...
          subassign2_1_  
   3175   stvar_super_  body_vz
   3180   ldvar_for_update_cache_  body_vx{16}
   3189   set_shared_  
   3190   pop_  
   3191   ldvar_cached_  body_vx{16}
   3200   dup_  
   3201   is_  NonObject
   3206   [ _ ] Test#138
   3211   brfalse_  96
   3216   br_  97
96:
   3221   mk_promise_  29
   3226   br_  98
97:
   3231   ldvar_cached_  j{5}
98:
   3240   ; [[(body_vx, j)
          extract2_1_  
   3241   [ <?> ] Type#923
   3246   visible_  
   3247   ldvar_cached_  dx{10}
   3256   ldvar_cached_  body_mass{17}
   3265   dup_  
   3266   is_  NonObject
   3271   [ _ ] Test#139
   3276   brfalse_  99
   3281   br_  100
99:
   3286   mk_promise_  2a
   3291   br_  101
100:
   3296   ldvar_cached_  i{4}
101:
   3305   ; [[(body_mass, i)
          extract2_1_  
   3306   [ <?> ] Type#928
   3311   visible_  
   3312   ; *(dx, [[(body_mass, i))
          mul_  
   3313   [ <?> ] Type#929
   3318   ldvar_cached_  mag{14}
   3327   ; *(*(dx, [[(body_mass, i)), mag)
          mul_  
   3328   [ <?> ] Type#931
   3333   ; +([[(body_vx, j), *(*(dx, [[(body_mass, i)), mag))
          add_  
   3334   [ <?> ] Type#932
   3339   ldvar_super_  body_vx
   3344   [ <?> ] Type#933
   3349   ldvar_cached_  j{5}
   3358   ; <<-([[(body_vx, j), +([[(body_vx, j), *(*(dx, |...
          subassign2_1_  
   3359   stvar_super_  body_vx
   3364   ldvar_for_update_cache_  body_vy{18}
   3373   set_shared_  
   3374   pop_  
   3375   ldvar_cached_  body_vy{18}
   3384   dup_  
   3385   is_  NonObject
   3390   [ _ ] Test#140
   3395   brfalse_  102
   3400   br_  103
102:
   3405   mk_promise_  2b
   3410   br_  104
103:
   3415   ldvar_cached_  j{5}
104:
   3424   ; [[(body_vy, j)
          extract2_1_  
   3425   [ <?> ] Type#938
   3430   visible_  
   3431   ldvar_cached_  dy{11}
   3440   ldvar_cached_  body_mass{17}
   3449   dup_  
   3450   is_  NonObject
   3455   [ _ ] Test#141
   3460   brfalse_  105
   3465   br_  106
105:
   3470   mk_promise_  2c
   3475   br_  107
106:
   3480   ldvar_cached_  i{4}
107:
   3489   ; [[(body_mass, i)
          extract2_1_  
   3490   [ <?> ] Type#943
   3495   visible_  
   3496   ; *(dy, [[(body_mass, i))
          mul_  
   3497   [ <?> ] Type#944
   3502   ldvar_cached_  mag{14}
   3511   ; *(*(dy, [[(body_mass, i)), mag)
          mul_  
   3512   [ <?> ] Type#946
   3517   ; +([[(body_vy, j), *(*(dy, [[(body_mass, i)), mag))
          add_  
   3518   [ <?> ] Type#947
   3523   ldvar_super_  body_vy
   3528   [ <?> ] Type#948
   3533   ldvar_cached_  j{5}
   3542   ; <<-([[(body_vy, j), +([[(body_vy, j), *(*(dy, |...
          subassign2_1_  
   3543   stvar_super_  body_vy
   3548   ldvar_for_update_cache_  body_vz{19}
   3557   set_shared_  
   3558   pop_  
   3559   ldvar_cached_  body_vz{19}
   3568   dup_  
   3569   is_  NonObject
   3574   [ _ ] Test#142
   3579   brfalse_  108
   3584   br_  109
108:
   3589   mk_promise_  2d
   3594   br_  110
109:
   3599   ldvar_cached_  j{5}
110:
   3608   ; [[(body_vz, j)
          extract2_1_  
   3609   [ <?> ] Type#953
   3614   visible_  
   3615   ldvar_cached_  dz{12}
   3624   ldvar_cached_  body_mass{17}
   3633   dup_  
   3634   is_  NonObject
   3639   [ _ ] Test#143
   3644   brfalse_  111
   3649   br_  112
111:
   3654   mk_promise_  2e
   3659   br_  113
112:
   3664   ldvar_cached_  i{4}
113:
   3673   ; [[(body_mass, i)
          extract2_1_  
   3674   [ <?> ] Type#958
   3679   visible_  
   3680   ; *(dz, [[(body_mass, i))
          mul_  
   3681   [ <?> ] Type#959
   3686   ldvar_cached_  mag{14}
   3695   ; *(*(dz, [[(body_mass, i)), mag)
          mul_  
   3696   [ <?> ] Type#961
   3701   ; +([[(body_vz, j), *(*(dz, [[(body_mass, i)), mag))
          add_  
   3702   [ <?> ] Type#962
   3707   ldvar_super_  body_vz
   3712   [ <?> ] Type#963
   3717   ldvar_cached_  j{5}
   3726   ; <<-([[(body_vz, j), +([[(body_vz, j), *(*(dz, |...
          subassign2_1_  
   3727   stvar_super_  body_vz
114:
   3732   dup2_  
   3733   ; NULL
          ne_  
   3734   brfalse_  171
   3739   dup_  
   3740   stvar_cached_  j{5}
   3749   pull_  2
   3754   ensure_named_  
   3755   ; NULL
          add_  
   3756   ldvar_cached_  body_x{6}
   3765   [ <?> ] TypeOnce#965 (bit: #50)
   3770   dup_  
   3771   is_  NonObject
   3776   [ _ ] Test#144
   3781   brfalse_  115
   3786   br_  116
115:
   3791   mk_promise_  2f
   3796   br_  117
116:
   3801   ldvar_cached_  i{4}
   3810   [ <?> ] TypeOnce#967 (bit: #51)
117:
   3815   ; [[(body_x, i)
          extract2_1_  
   3816   [ <?> ] Type#968
   3821   visible_  
   3822   ldvar_cached_  body_x{6}
   3831   dup_  
   3832   is_  NonObject
   3837   [ _ ] Test#145
   3842   brfalse_  118
   3847   br_  119
118:
   3852   mk_promise_  30
   3857   br_  120
119:
   3862   ldvar_cached_  j{5}
   3871   [ <?> ] Type#971
120:
   3876   ; [[(body_x, j)
          extract2_1_  
   3877   [ <?> ] Type#972
   3882   visible_  
   3883   ; -([[(body_x, i), [[(body_x, j))
          sub_  
   3884   [ <?> ] Type#973
   3889   stvar_cached_  dx{10}
   3898   ldvar_cached_  body_y{7}
   3907   [ <?> ] TypeOnce#974 (bit: #52)
   3912   dup_  
   3913   is_  NonObject
   3918   [ _ ] Test#146
   3923   brfalse_  121
   3928   br_  122
121:
   3933   mk_promise_  31
   3938   br_  123
122:
   3943   ldvar_cached_  i{4}
123:
   3952   ; [[(body_y, i)
          extract2_1_  
   3953   [ <?> ] Type#977
   3958   visible_  
   3959   ldvar_cached_  body_y{7}
   3968   dup_  
   3969   is_  NonObject
   3974   [ _ ] Test#147
   3979   brfalse_  124
   3984   br_  125
124:
   3989   mk_promise_  32
   3994   br_  126
125:
   3999   ldvar_cached_  j{5}
126:
   4008   ; [[(body_y, j)
          extract2_1_  
   4009   [ <?> ] Type#981
   4014   visible_  
   4015   ; -([[(body_y, i), [[(body_y, j))
          sub_  
   4016   [ <?> ] Type#982
   4021   stvar_cached_  dy{11}
   4030   ldvar_cached_  body_z{8}
   4039   [ <?> ] TypeOnce#983 (bit: #53)
   4044   dup_  
   4045   is_  NonObject
   4050   [ _ ] Test#148
   4055   brfalse_  127
   4060   br_  128
127:
   4065   mk_promise_  33
   4070   br_  129
128:
   4075   ldvar_cached_  i{4}
129:
   4084   ; [[(body_z, i)
          extract2_1_  
   4085   [ <?> ] Type#986
   4090   visible_  
   4091   ldvar_cached_  body_z{8}
   4100   dup_  
   4101   is_  NonObject
   4106   [ _ ] Test#149
   4111   brfalse_  130
   4116   br_  131
130:
   4121   mk_promise_  34
   4126   br_  132
131:
   4131   ldvar_cached_  j{5}
132:
   4140   ; [[(body_z, j)
          extract2_1_  
   4141   [ <?> ] Type#990
   4146   visible_  
   4147   ; -([[(body_z, i), [[(body_z, j))
          sub_  
   4148   [ <?> ] Type#991
   4153   stvar_cached_  dz{12}
   4162   push_  <blt sqrt>
   4167   dup_  
   4168   ldvar_noforce_  sqrt
   4173   identical_noforce_  
   4174   [ _ ] Test#150
   4179   brtrue_  133
   4184   pop_  
   4185   ldfun_  sqrt
   4190   [ 0, <0>, valid  ] Call#10
   4195   mk_promise_  35
   4200   ; sqrt(+(+(*(dx, dx), *(dy, dy)), *(dz, dz)))
          call_  1
   4217   br_  134
133:
   4222   ldvar_cached_  dx{10}
   4231   ldvar_cached_  dx{10}
   4240   ; *(dx, dx)
          mul_  
   4241   [ <?> ] Type#1005
   4246   ldvar_cached_  dy{11}
   4255   ldvar_cached_  dy{11}
   4264   ; *(dy, dy)
          mul_  
   4265   [ <?> ] Type#1008
   4270   ; +(*(dx, dx), *(dy, dy))
          add_  
   4271   [ <?> ] Type#1009
   4276   ldvar_cached_  dz{12}
   4285   ldvar_cached_  dz{12}
   4294   ; *(dz, dz)
          mul_  
   4295   [ <?> ] Type#1012
   4300   ; +(+(*(dx, dx), *(dy, dy)), *(dz, dz))
          add_  
   4301   [ <?> ] Type#1013
   4306   ; sqrt(+(+(*(dx, dx), *(dy, dy)), *(dz, dz)))
          call_  1
134:
   4323   [ <?> ] Type#1014
   4328   stvar_cached_  distance{13}
   4337   ldvar_cached_  dt{15}
   4346   [ <?> ] TypeOnce#1015 (bit: #54)
   4351   ldvar_cached_  distance{13}
   4360   ldvar_cached_  distance{13}
   4369   ; *(distance, distance)
          mul_  
   4370   [ <?> ] Type#1018
   4375   ldvar_cached_  distance{13}
   4384   ; *(*(distance, distance), distance)
          mul_  
   4385   [ <?> ] Type#1020
   4390   visible_  
   4391   ; /(dt, ((*(*(distance, distance), distance)))
          div_  
   4392   [ <?> ] Type#1021
   4397   stvar_cached_  mag{14}
   4406   ldvar_for_update_cache_  body_vx{16}
   4415   set_shared_  
   4416   pop_  
   4417   ldvar_cached_  body_vx{16}
   4426   [ <?> ] TypeOnce#1022 (bit: #55)
   4431   dup_  
   4432   is_  NonObject
   4437   [ _ ] Test#151
   4442   brfalse_  135
   4447   br_  136
135:
   4452   mk_promise_  36
   4457   br_  137
136:
   4462   ldvar_cached_  i{4}
137:
   4471   ; [[(body_vx, i)
          extract2_1_  
   4472   [ <?> ] Type#1025
   4477   visible_  
   4478   ldvar_cached_  dx{10}
   4487   ldvar_cached_  body_mass{17}
   4496   [ <?> ] TypeOnce#1027 (bit: #56)
   4501   dup_  
   4502   is_  NonObject
   4507   [ _ ] Test#152
   4512   brfalse_  138
   4517   br_  139
138:
   4522   mk_promise_  37
   4527   br_  140
139:
   4532   ldvar_cached_  j{5}
140:
   4541   ; [[(body_mass, j)
          extract2_1_  
   4542   [ <?> ] Type#1030
   4547   visible_  
   4548   ; *(dx, [[(body_mass, j))
          mul_  
   4549   [ <?> ] Type#1031
   4554   ldvar_cached_  mag{14}
   4563   ; *(*(dx, [[(body_mass, j)), mag)
          mul_  
   4564   [ <?> ] Type#1033
   4569   ; -([[(body_vx, i), *(*(dx, [[(body_mass, j)), mag))
          sub_  
   4570   [ <?> ] Type#1034
   4575   ldvar_super_  body_vx
   4580   [ <?> ] Type#1035
   4585   ldvar_cached_  i{4}
   4594   ; <<-([[(body_vx, i), -([[(body_vx, i), *(*(dx, |...
          subassign2_1_  
   4595   stvar_super_  body_vx
   4600   ldvar_for_update_cache_  body_vy{18}
   4609   set_shared_  
   4610   pop_  
   4611   ldvar_cached_  body_vy{18}
   4620   [ <?> ] TypeOnce#1037 (bit: #57)
   4625   dup_  
   4626   is_  NonObject
   4631   [ _ ] Test#153
   4636   brfalse_  141
   4641   br_  142
141:
   4646   mk_promise_  38
   4651   br_  143
142:
   4656   ldvar_cached_  i{4}
143:
   4665   ; [[(body_vy, i)
          extract2_1_  
   4666   [ <?> ] Type#1040
   4671   visible_  
   4672   ldvar_cached_  dy{11}
   4681   ldvar_cached_  body_mass{17}
   4690   dup_  
   4691   is_  NonObject
   4696   [ _ ] Test#154
   4701   brfalse_  144
   4706   br_  145
144:
   4711   mk_promise_  39
   4716   br_  146
145:
   4721   ldvar_cached_  j{5}
146:
   4730   ; [[(body_mass, j)
          extract2_1_  
   4731   [ <?> ] Type#1045
   4736   visible_  
   4737   ; *(dy, [[(body_mass, j))
          mul_  
   4738   [ <?> ] Type#1046
   4743   ldvar_cached_  mag{14}
   4752   ; *(*(dy, [[(body_mass, j)), mag)
          mul_  
   4753   [ <?> ] Type#1048
   4758   ; -([[(body_vy, i), *(*(dy, [[(body_mass, j)), mag))
          sub_  
   4759   [ <?> ] Type#1049
   4764   ldvar_super_  body_vy
   4769   [ <?> ] Type#1050
   4774   ldvar_cached_  i{4}
   4783   ; <<-([[(body_vy, i), -([[(body_vy, i), *(*(dy, |...
          subassign2_1_  
   4784   stvar_super_  body_vy
   4789   ldvar_for_update_cache_  body_vz{19}
   4798   set_shared_  
   4799   pop_  
   4800   ldvar_cached_  body_vz{19}
   4809   [ <?> ] TypeOnce#1052 (bit: #58)
   4814   dup_  
   4815   is_  NonObject
   4820   [ _ ] Test#155
   4825   brfalse_  147
   4830   br_  148
147:
   4835   mk_promise_  3a
   4840   br_  149
148:
   4845   ldvar_cached_  i{4}
149:
   4854   ; [[(body_vz, i)
          extract2_1_  
   4855   [ <?> ] Type#1055
   4860   visible_  
   4861   ldvar_cached_  dz{12}
   4870   ldvar_cached_  body_mass{17}
   4879   dup_  
   4880   is_  NonObject
   4885   [ _ ] Test#156
   4890   brfalse_  150
   4895   br_  151
150:
   4900   mk_promise_  3b
   4905   br_  152
151:
   4910   ldvar_cached_  j{5}
152:
   4919   ; [[(body_mass, j)
          extract2_1_  
   4920   [ <?> ] Type#1060
   4925   visible_  
   4926   ; *(dz, [[(body_mass, j))
          mul_  
   4927   [ <?> ] Type#1061
   4932   ldvar_cached_  mag{14}
   4941   ; *(*(dz, [[(body_mass, j)), mag)
          mul_  
   4942   [ <?> ] Type#1063
   4947   ; -([[(body_vz, i), *(*(dz, [[(body_mass, j)), mag))
          sub_  
   4948   [ <?> ] Type#1064
   4953   ldvar_super_  body_vz
   4958   [ <?> ] Type#1065
   4963   ldvar_cached_  i{4}
   4972   ; <<-([[(body_vz, i), -([[(body_vz, i), *(*(dz, |...
          subassign2_1_  
   4973   stvar_super_  body_vz
   4978   ldvar_for_update_cache_  body_vx{16}
   4987   set_shared_  
   4988   pop_  
   4989   ldvar_cached_  body_vx{16}
   4998   dup_  
   4999   is_  NonObject
   5004   [ _ ] Test#157
   5009   brfalse_  153
   5014   br_  154
153:
   5019   mk_promise_  3c
   5024   br_  155
154:
   5029   ldvar_cached_  j{5}
155:
   5038   ; [[(body_vx, j)
          extract2_1_  
   5039   [ <?> ] Type#1070
   5044   visible_  
   5045   ldvar_cached_  dx{10}
   5054   ldvar_cached_  body_mass{17}
   5063   dup_  
   5064   is_  NonObject
   5069   [ _ ] Test#158
   5074   brfalse_  156
   5079   br_  157
156:
   5084   mk_promise_  3d
   5089   br_  158
157:
   5094   ldvar_cached_  i{4}
158:
   5103   ; [[(body_mass, i)
          extract2_1_  
   5104   [ <?> ] Type#1075
   5109   visible_  
   5110   ; *(dx, [[(body_mass, i))
          mul_  
   5111   [ <?> ] Type#1076
   5116   ldvar_cached_  mag{14}
   5125   ; *(*(dx, [[(body_mass, i)), mag)
          mul_  
   5126   [ <?> ] Type#1078
   5131   ; +([[(body_vx, j), *(*(dx, [[(body_mass, i)), mag))
          add_  
   5132   [ <?> ] Type#1079
   5137   ldvar_super_  body_vx
   5142   [ <?> ] Type#1080
   5147   ldvar_cached_  j{5}
   5156   ; <<-([[(body_vx, j), +([[(body_vx, j), *(*(dx, |...
          subassign2_1_  
   5157   stvar_super_  body_vx
   5162   ldvar_for_update_cache_  body_vy{18}
   5171   set_shared_  
   5172   pop_  
   5173   ldvar_cached_  body_vy{18}
   5182   dup_  
   5183   is_  NonObject
   5188   [ _ ] Test#159
   5193   brfalse_  159
   5198   br_  160
159:
   5203   mk_promise_  3e
   5208   br_  161
160:
   5213   ldvar_cached_  j{5}
161:
   5222   ; [[(body_vy, j)
          extract2_1_  
   5223   [ <?> ] Type#1085
   5228   visible_  
   5229   ldvar_cached_  dy{11}
   5238   ldvar_cached_  body_mass{17}
   5247   dup_  
   5248   is_  NonObject
   5253   [ _ ] Test#160
   5258   brfalse_  162
   5263   br_  163
162:
   5268   mk_promise_  3f
   5273   br_  164
163:
   5278   ldvar_cached_  i{4}
164:
   5287   ; [[(body_mass, i)
          extract2_1_  
   5288   [ <?> ] Type#1090
   5293   visible_  
   5294   ; *(dy, [[(body_mass, i))
          mul_  
   5295   [ <?> ] Type#1091
   5300   ldvar_cached_  mag{14}
   5309   ; *(*(dy, [[(body_mass, i)), mag)
          mul_  
   5310   [ <?> ] Type#1093
   5315   ; +([[(body_vy, j), *(*(dy, [[(body_mass, i)), mag))
          add_  
   5316   [ <?> ] Type#1094
   5321   ldvar_super_  body_vy
   5326   [ <?> ] Type#1095
   5331   ldvar_cached_  j{5}
   5340   ; <<-([[(body_vy, j), +([[(body_vy, j), *(*(dy, |...
          subassign2_1_  
   5341   stvar_super_  body_vy
   5346   ldvar_for_update_cache_  body_vz{19}
   5355   set_shared_  
   5356   pop_  
   5357   ldvar_cached_  body_vz{19}
   5366   dup_  
   5367   is_  NonObject
   5372   [ _ ] Test#161
   5377   brfalse_  165
   5382   br_  166
165:
   5387   mk_promise_  40
   5392   br_  167
166:
   5397   ldvar_cached_  j{5}
167:
   5406   ; [[(body_vz, j)
          extract2_1_  
   5407   [ <?> ] Type#1100
   5412   visible_  
   5413   ldvar_cached_  dz{12}
   5422   ldvar_cached_  body_mass{17}
   5431   dup_  
   5432   is_  NonObject
   5437   [ _ ] Test#162
   5442   brfalse_  168
   5447   br_  169
168:
   5452   mk_promise_  41
   5457   br_  170
169:
   5462   ldvar_cached_  i{4}
170:
   5471   ; [[(body_mass, i)
          extract2_1_  
   5472   [ <?> ] Type#1105
   5477   visible_  
   5478   ; *(dz, [[(body_mass, i))
          mul_  
   5479   [ <?> ] Type#1106
   5484   ldvar_cached_  mag{14}
   5493   ; *(*(dz, [[(body_mass, i)), mag)
          mul_  
   5494   [ <?> ] Type#1108
   5499   ; +([[(body_vz, j), *(*(dz, [[(body_mass, i)), mag))
          add_  
   5500   [ <?> ] Type#1109
   5505   ldvar_super_  body_vz
   5510   [ <?> ] Type#1110
   5515   ldvar_cached_  j{5}
   5524   ; <<-([[(body_vz, j), +([[(body_vz, j), *(*(dz, |...
          subassign2_1_  
   5525   stvar_super_  body_vz
   5530   br_  114
171:
   5535   popn_  3
172:
   5540   br_  52
173:
   5545   popn_  3
174:
   5550   push_  1
   5555   visible_  
   5556   force_  
   5557   ldvar_cached_  n_bodies{1}
   5566   force_  
   5567   ; :(1, n_bodies)
          colon_input_effects_  
   5568   [ _ ] Test#163
   5573   brtrue_  175
   5578   ; :(1, n_bodies)
          colon_  
   5579   ldfun_  for
   5584   swap_  
   5585   mk_eager_promise_  42
   5590   mk_promise_  43
   5595   ; for(i, :(1, n_bodies), {(<<-([[(body_x, i), +(|...
          call_  2
   5612   [ <?> ] Type#1154
   5617   br_  216
175:
   5622   swap_  
   5623   colon_cast_lhs_  
   5624   [ <?> ] Type#1155
   5629   ensure_named_  
   5630   swap_  
   5631   colon_cast_rhs_  
   5632   ensure_named_  
   5633   [ <?> ] Type#1156
   5638   dup2_  
   5639   ; NULL
          le_  
   5640   [ _ ] Test#170
   5645   brfalse_  176
   5650   push_  1L
   5655   br_  177
176:
   5660   push_  -1L
177:
   5665   swap_  
   5666   pick_  2
   5671   dup2_  
   5672   ; NULL
          ne_  
   5673   [ _ ] Test#171
   5678   brfalse_  215
   5683   dup_  
   5684   stvar_cached_  i{4}
   5693   pull_  2
   5698   ensure_named_  
   5699   ; NULL
          add_  
   5700   ldvar_for_update_cache_  body_x{6}
   5709   set_shared_  
   5710   pop_  
   5711   ldvar_cached_  body_x{6}
   5720   [ <?> ] TypeOnce#1157 (bit: #59)
   5725   dup_  
   5726   is_  NonObject
   5731   [ _ ] Test#172
   5736   brfalse_  178
   5741   br_  179
178:
   5746   mk_promise_  44
   5751   br_  180
179:
   5756   ldvar_cached_  i{4}
   5765   [ <?> ] TypeOnce#1159 (bit: #60)
180:
   5770   ; [[(body_x, i)
          extract2_1_  
   5771   [ <?> ] Type#1160
   5776   visible_  
   5777   ldvar_cached_  dt{15}
   5786   [ <?> ] TypeOnce#1161 (bit: #61)
   5791   ldvar_cached_  body_vx{16}
   5800   [ <?> ] TypeOnce#1162 (bit: #62)
   5805   dup_  
   5806   is_  NonObject
   5811   [ _ ] Test#173
   5816   brfalse_  181
   5821   br_  182
181:
   5826   mk_promise_  45
   5831   br_  183
182:
   5836   ldvar_cached_  i{4}
183:
   5845   ; [[(body_vx, i)
          extract2_1_  
   5846   [ <?> ] Type#1165
   5851   visible_  
   5852   ; *(dt, [[(body_vx, i))
          mul_  
   5853   [ <?> ] Type#1166
   5858   ; +([[(body_x, i), *(dt, [[(body_vx, i)))
          add_  
   5859   [ <?> ] Type#1167
   5864   ldvar_super_  body_x
   5869   [ <?> ] Type#1168
   5874   ldvar_cached_  i{4}
   5883   ; <<-([[(body_x, i), +([[(body_x, i), *(dt, [[(b|...
          subassign2_1_  
   5884   stvar_super_  body_x
   5889   ldvar_for_update_cache_  body_y{7}
   5898   set_shared_  
   5899   pop_  
   5900   ldvar_cached_  body_y{7}
   5909   [ <?> ] TypeOnce#1170 (bit: #63)
   5914   dup_  
   5915   is_  NonObject
   5920   [ _ ] Test#174
   5925   brfalse_  184
   5930   br_  185
184:
   5935   mk_promise_  46
   5940   br_  186
185:
   5945   ldvar_cached_  i{4}
186:
   5954   ; [[(body_y, i)
          extract2_1_  
   5955   [ <?> ] Type#1173
   5960   visible_  
   5961   ldvar_cached_  dt{15}
   5970   ldvar_cached_  body_vy{18}
   5979   [ <?> ] TypeOnce#1175 (bit: #64)
   5984   dup_  
   5985   is_  NonObject
   5990   [ _ ] Test#175
   5995   brfalse_  187
   6000   br_  188
187:
   6005   mk_promise_  47
   6010   br_  189
188:
   6015   ldvar_cached_  i{4}
189:
   6024   ; [[(body_vy, i)
          extract2_1_  
   6025   [ <?> ] Type#1178
   6030   visible_  
   6031   ; *(dt, [[(body_vy, i))
          mul_  
   6032   [ <?> ] Type#1179
   6037   ; +([[(body_y, i), *(dt, [[(body_vy, i)))
          add_  
   6038   [ <?> ] Type#1180
   6043   ldvar_super_  body_y
   6048   [ <?> ] Type#1181
   6053   ldvar_cached_  i{4}
   6062   ; <<-([[(body_y, i), +([[(body_y, i), *(dt, [[(b|...
          subassign2_1_  
   6063   stvar_super_  body_y
   6068   ldvar_for_update_cache_  body_z{8}
   6077   set_shared_  
   6078   pop_  
   6079   ldvar_cached_  body_z{8}
   6088   [ <?> ] TypeOnce#1183 (bit: #65)
   6093   dup_  
   6094   is_  NonObject
   6099   [ _ ] Test#176
   6104   brfalse_  190
   6109   br_  191
190:
   6114   mk_promise_  48
   6119   br_  192
191:
   6124   ldvar_cached_  i{4}
192:
   6133   ; [[(body_z, i)
          extract2_1_  
   6134   [ <?> ] Type#1186
   6139   visible_  
   6140   ldvar_cached_  dt{15}
   6149   ldvar_cached_  body_vz{19}
   6158   [ <?> ] TypeOnce#1188 (bit: #66)
   6163   dup_  
   6164   is_  NonObject
   6169   [ _ ] Test#177
   6174   brfalse_  193
   6179   br_  194
193:
   6184   mk_promise_  49
   6189   br_  195
194:
   6194   ldvar_cached_  i{4}
195:
   6203   ; [[(body_vz, i)
          extract2_1_  
   6204   [ <?> ] Type#1191
   6209   visible_  
   6210   ; *(dt, [[(body_vz, i))
          mul_  
   6211   [ <?> ] Type#1192
   6216   ; +([[(body_z, i), *(dt, [[(body_vz, i)))
          add_  
   6217   [ <?> ] Type#1193
   6222   ldvar_super_  body_z
   6227   [ <?> ] Type#1194
   6232   ldvar_cached_  i{4}
   6241   ; <<-([[(body_z, i), +([[(body_z, i), *(dt, [[(b|...
          subassign2_1_  
   6242   stvar_super_  body_z
196:
   6247   dup2_  
   6248   ; NULL
          ne_  
   6249   brfalse_  215
   6254   dup_  
   6255   stvar_cached_  i{4}
   6264   pull_  2
   6269   ensure_named_  
   6270   ; NULL
          add_  
   6271   ldvar_for_update_cache_  body_x{6}
   6280   set_shared_  
   6281   pop_  
   6282   ldvar_cached_  body_x{6}
   6291   [ <?> ] TypeOnce#1196 (bit: #67)
   6296   dup_  
   6297   is_  NonObject
   6302   [ _ ] Test#178
   6307   brfalse_  197
   6312   br_  198
197:
   6317   mk_promise_  4a
   6322   br_  199
198:
   6327   ldvar_cached_  i{4}
   6336   [ <?> ] TypeOnce#1198 (bit: #68)
199:
   6341   ; [[(body_x, i)
          extract2_1_  
   6342   [ <?> ] Type#1199
   6347   visible_  
   6348   ldvar_cached_  dt{15}
   6357   [ <?> ] TypeOnce#1200 (bit: #69)
   6362   ldvar_cached_  body_vx{16}
   6371   [ <?> ] TypeOnce#1201 (bit: #70)
   6376   dup_  
   6377   is_  NonObject
   6382   [ _ ] Test#179
   6387   brfalse_  200
   6392   br_  201
200:
   6397   mk_promise_  4b
   6402   br_  202
201:
   6407   ldvar_cached_  i{4}
202:
   6416   ; [[(body_vx, i)
          extract2_1_  
   6417   [ <?> ] Type#1204
   6422   visible_  
   6423   ; *(dt, [[(body_vx, i))
          mul_  
   6424   [ <?> ] Type#1205
   6429   ; +([[(body_x, i), *(dt, [[(body_vx, i)))
          add_  
   6430   [ <?> ] Type#1206
   6435   ldvar_super_  body_x
   6440   [ <?> ] Type#1207
   6445   ldvar_cached_  i{4}
   6454   ; <<-([[(body_x, i), +([[(body_x, i), *(dt, [[(b|...
          subassign2_1_  
   6455   stvar_super_  body_x
   6460   ldvar_for_update_cache_  body_y{7}
   6469   set_shared_  
   6470   pop_  
   6471   ldvar_cached_  body_y{7}
   6480   [ <?> ] TypeOnce#1209 (bit: #71)
   6485   dup_  
   6486   is_  NonObject
   6491   [ _ ] Test#180
   6496   brfalse_  203
   6501   br_  204
203:
   6506   mk_promise_  4c
   6511   br_  205
204:
   6516   ldvar_cached_  i{4}
205:
   6525   ; [[(body_y, i)
          extract2_1_  
   6526   [ <?> ] Type#1212
   6531   visible_  
   6532   ldvar_cached_  dt{15}
   6541   ldvar_cached_  body_vy{18}
   6550   [ <?> ] TypeOnce#1214 (bit: #72)
   6555   dup_  
   6556   is_  NonObject
   6561   [ _ ] Test#181
   6566   brfalse_  206
   6571   br_  207
206:
   6576   mk_promise_  4d
   6581   br_  208
207:
   6586   ldvar_cached_  i{4}
208:
   6595   ; [[(body_vy, i)
          extract2_1_  
   6596   [ <?> ] Type#1217
   6601   visible_  
   6602   ; *(dt, [[(body_vy, i))
          mul_  
   6603   [ <?> ] Type#1218
   6608   ; +([[(body_y, i), *(dt, [[(body_vy, i)))
          add_  
   6609   [ <?> ] Type#1219
   6614   ldvar_super_  body_y
   6619   [ <?> ] Type#1220
   6624   ldvar_cached_  i{4}
   6633   ; <<-([[(body_y, i), +([[(body_y, i), *(dt, [[(b|...
          subassign2_1_  
   6634   stvar_super_  body_y
   6639   ldvar_for_update_cache_  body_z{8}
   6648   set_shared_  
   6649   pop_  
   6650   ldvar_cached_  body_z{8}
   6659   [ <?> ] TypeOnce#1222 (bit: #73)
   6664   dup_  
   6665   is_  NonObject
   6670   [ _ ] Test#182
   6675   brfalse_  209
   6680   br_  210
209:
   6685   mk_promise_  4e
   6690   br_  211
210:
   6695   ldvar_cached_  i{4}
211:
   6704   ; [[(body_z, i)
          extract2_1_  
   6705   [ <?> ] Type#1225
   6710   visible_  
   6711   ldvar_cached_  dt{15}
   6720   ldvar_cached_  body_vz{19}
   6729   [ <?> ] TypeOnce#1227 (bit: #74)
   6734   dup_  
   6735   is_  NonObject
   6740   [ _ ] Test#183
   6745   brfalse_  212
   6750   br_  213
212:
   6755   mk_promise_  4f
   6760   br_  214
213:
   6765   ldvar_cached_  i{4}
214:
   6774   ; [[(body_vz, i)
          extract2_1_  
   6775   [ <?> ] Type#1230
   6780   visible_  
   6781   ; *(dt, [[(body_vz, i))
          mul_  
   6782   [ <?> ] Type#1231
   6787   ; +([[(body_z, i), *(dt, [[(body_vz, i)))
          add_  
   6788   [ <?> ] Type#1232
   6793   ldvar_super_  body_z
   6798   [ <?> ] Type#1233
   6803   ldvar_cached_  i{4}
   6812   ; <<-([[(body_z, i), +([[(body_z, i), *(dt, [[(b|...
          subassign2_1_  
   6813   stvar_super_  body_z
   6818   br_  196
215:
   6823   popn_  3
   6828   push_  NULL
   6833   invisible_  
216:
   6834   ret_  

[Prom (index 0)]
0:
      0   ldvar_  n_bodies
      5   [ <?> ] Type#0
     10   ret_  

[Prom (index 1)]
0:
      0   ldvar_  n_bodies
      5   [ <?> ] Type#1
     10   ret_  

[Prom (index 2)]
0:
      0   ldvar_  n_bodies
      5   [ <?> ] Type#3
     10   ret_  

[Prom (index 3)]
0:
      0   ldvar_  n_bodies
      5   [ <?> ] Type#4
     10   ret_  

[Prom (index 4)]
0:
      0   ldvar_  n_bodies
      5   [ <?> ] Type#6
     10   ret_  

[Prom (index 5)]
0:
      0   ldvar_  n_bodies
      5   [ <?> ] Type#7
     10   ret_  

[Prom (index 6)]
0:
      0   push_  1
      5   visible_  
      6   ldvar_  n_bodies
     11   [ <?> ] Type#10
     16   ; :(1, n_bodies)
          colon_  
     17   [ <?> ] Type#11
     22   ret_  

[Prom (index 7)]
0:
      0   push_  1
      5   visible_  
      6   force_  
      7   ldvar_  n_bodies
     12   [ <?> ] Type#12
     17   force_  
     18   ; :(1, n_bodies)
          colon_input_effects_  
     19   [ _ ] Test#1
     24   brtrue_  1
     29   ; :(1, n_bodies)
          colon_  
     30   ldfun_  for
     35   swap_  
     36   mk_eager_promise_  0
     41   mk_promise_  1
     46   ; for(j, :(1, n_bodies), {(<-([[(dxx, i, j), -([|...
          call_  2
     63   [ <?> ] Type#51
     68   br_  42
1:
     73   swap_  
     74   colon_cast_lhs_  
     75   [ <?> ] Type#52
     80   ensure_named_  
     81   swap_  
     82   colon_cast_rhs_  
     83   ensure_named_  
     84   [ <?> ] Type#53
     89   dup2_  
     90   ; NULL
          le_  
     91   [ _ ] Test#8
     96   brfalse_  2
    101   push_  1L
    106   br_  3
2:
    111   push_  -1L
3:
    116   swap_  
    117   pick_  2
    122   dup2_  
    123   ; NULL
          ne_  
    124   [ _ ] Test#9
    129   brfalse_  41
    134   dup_  
    135   stvar_  j
    140   pull_  2
    145   ensure_named_  
    146   ; NULL
          add_  
    147   ldvar_  body_x
    152   [ <?> ] TypeOnce#54 (bit: #0)
    157   dup_  
    158   is_  NonObject
    163   [ _ ] Test#10
    168   brfalse_  4
    173   br_  5
4:
    178   mk_promise_  2
    183   br_  6
5:
    188   ldvar_  i
    193   [ <?> ] TypeOnce#56 (bit: #1)
6:
    198   ; [[(body_x, i)
          extract2_1_  
    199   [ <?> ] Type#57
    204   visible_  
    205   ldvar_  body_x
    210   dup_  
    211   is_  NonObject
    216   [ _ ] Test#11
    221   brfalse_  7
    226   br_  8
7:
    231   mk_promise_  3
    236   br_  9
8:
    241   ldvar_  j
    246   [ <?> ] TypeOnce#60 (bit: #2)
9:
    251   ; [[(body_x, j)
          extract2_1_  
    252   [ <?> ] Type#61
    257   visible_  
    258   ; -([[(body_x, i), [[(body_x, j))
          sub_  
    259   [ <?> ] Type#62
    264   ldvar_for_update_  dxx
    269   [ <?> ] Type#63
    274   ldvar_  i
    279   ldvar_  j
    284   ; <-([[(dxx, i, j), -([[(body_x, i), [[(body_x, j)))
          subassign2_2_  
    285   stvar_  dxx
    290   ldvar_  body_y
    295   [ <?> ] TypeOnce#66 (bit: #3)
    300   dup_  
    301   is_  NonObject
    306   [ _ ] Test#12
    311   brfalse_  10
    316   br_  11
10:
    321   mk_promise_  4
    326   br_  12
11:
    331   ldvar_  i
12:
    336   ; [[(body_y, i)
          extract2_1_  
    337   [ <?> ] Type#69
    342   visible_  
    343   ldvar_  body_y
    348   dup_  
    349   is_  NonObject
    354   [ _ ] Test#13
    359   brfalse_  13
    364   br_  14
13:
    369   mk_promise_  5
    374   br_  15
14:
    379   ldvar_  j
15:
    384   ; [[(body_y, j)
          extract2_1_  
    385   [ <?> ] Type#73
    390   visible_  
    391   ; -([[(body_y, i), [[(body_y, j))
          sub_  
    392   [ <?> ] Type#74
    397   ldvar_for_update_  dyy
    402   [ <?> ] Type#75
    407   ldvar_  i
    412   ldvar_  j
    417   ; <-([[(dyy, i, j), -([[(body_y, i), [[(body_y, j)))
          subassign2_2_  
    418   stvar_  dyy
    423   ldvar_  body_z
    428   [ <?> ] TypeOnce#78 (bit: #4)
    433   dup_  
    434   is_  NonObject
    439   [ _ ] Test#14
    444   brfalse_  16
    449   br_  17
16:
    454   mk_promise_  6
    459   br_  18
17:
    464   ldvar_  i
18:
    469   ; [[(body_z, i)
          extract2_1_  
    470   [ <?> ] Type#81
    475   visible_  
    476   ldvar_  body_z
    481   dup_  
    482   is_  NonObject
    487   [ _ ] Test#15
    492   brfalse_  19
    497   br_  20
19:
    502   mk_promise_  7
    507   br_  21
20:
    512   ldvar_  j
21:
    517   ; [[(body_z, j)
          extract2_1_  
    518   [ <?> ] Type#85
    523   visible_  
    524   ; -([[(body_z, i), [[(body_z, j))
          sub_  
    525   [ <?> ] Type#86
    530   ldvar_for_update_  dzz
    535   [ <?> ] Type#87
    540   ldvar_  i
    545   ldvar_  j
    550   ; <-([[(dzz, i, j), -([[(body_z, i), [[(body_z, j)))
          subassign2_2_  
    551   stvar_  dzz
22:
    556   dup2_  
    557   ; NULL
          ne_  
    558   brfalse_  41
    563   dup_  
    564   stvar_  j
    569   pull_  2
    574   ensure_named_  
    575   ; NULL
          add_  
    576   ldvar_  body_x
    581   [ <?> ] TypeOnce#90 (bit: #5)
    586   dup_  
    587   is_  NonObject
    592   [ _ ] Test#16
    597   brfalse_  23
    602   br_  24
23:
    607   mk_promise_  8
    612   br_  25
24:
    617   ldvar_  i
    622   [ <?> ] TypeOnce#92 (bit: #6)
25:
    627   ; [[(body_x, i)
          extract2_1_  
    628   [ <?> ] Type#93
    633   visible_  
    634   ldvar_  body_x
    639   dup_  
    640   is_  NonObject
    645   [ _ ] Test#17
    650   brfalse_  26
    655   br_  27
26:
    660   mk_promise_  9
    665   br_  28
27:
    670   ldvar_  j
    675   [ <?> ] TypeOnce#96 (bit: #7)
28:
    680   ; [[(body_x, j)
          extract2_1_  
    681   [ <?> ] Type#97
    686   visible_  
    687   ; -([[(body_x, i), [[(body_x, j))
          sub_  
    688   [ <?> ] Type#98
    693   ldvar_for_update_  dxx
    698   [ <?> ] Type#99
    703   ldvar_  i
    708   ldvar_  j
    713   ; <-([[(dxx, i, j), -([[(body_x, i), [[(body_x, j)))
          subassign2_2_  
    714   stvar_  dxx
    719   ldvar_  body_y
    724   [ <?> ] TypeOnce#102 (bit: #8)
    729   dup_  
    730   is_  NonObject
    735   [ _ ] Test#18
    740   brfalse_  29
    745   br_  30
29:
    750   mk_promise_  a
    755   br_  31
30:
    760   ldvar_  i
31:
    765   ; [[(body_y, i)
          extract2_1_  
    766   [ <?> ] Type#105
    771   visible_  
    772   ldvar_  body_y
    777   dup_  
    778   is_  NonObject
    783   [ _ ] Test#19
    788   brfalse_  32
    793   br_  33
32:
    798   mk_promise_  b
    803   br_  34
33:
    808   ldvar_  j
34:
    813   ; [[(body_y, j)
          extract2_1_  
    814   [ <?> ] Type#109
    819   visible_  
    820   ; -([[(body_y, i), [[(body_y, j))
          sub_  
    821   [ <?> ] Type#110
    826   ldvar_for_update_  dyy
    831   [ <?> ] Type#111
    836   ldvar_  i
    841   ldvar_  j
    846   ; <-([[(dyy, i, j), -([[(body_y, i), [[(body_y, j)))
          subassign2_2_  
    847   stvar_  dyy
    852   ldvar_  body_z
    857   [ <?> ] TypeOnce#114 (bit: #9)
    862   dup_  
    863   is_  NonObject
    868   [ _ ] Test#20
    873   brfalse_  35
    878   br_  36
35:
    883   mk_promise_  c
    888   br_  37
36:
    893   ldvar_  i
37:
    898   ; [[(body_z, i)
          extract2_1_  
    899   [ <?> ] Type#117
    904   visible_  
    905   ldvar_  body_z
    910   dup_  
    911   is_  NonObject
    916   [ _ ] Test#21
    921   brfalse_  38
    926   br_  39
38:
    931   mk_promise_  d
    936   br_  40
39:
    941   ldvar_  j
40:
    946   ; [[(body_z, j)
          extract2_1_  
    947   [ <?> ] Type#121
    952   visible_  
    953   ; -([[(body_z, i), [[(body_z, j))
          sub_  
    954   [ <?> ] Type#122
    959   ldvar_for_update_  dzz
    964   [ <?> ] Type#123
    969   ldvar_  i
    974   ldvar_  j
    979   ; <-([[(dzz, i, j), -([[(body_z, i), [[(body_z, j)))
          subassign2_2_  
    980   stvar_  dzz
    985   br_  22
41:
    990   popn_  3
    995   push_  NULL
   1000   invisible_  
42:
   1001   ret_  

[Prom (index 7.0)]
0:
      0   push_  1
      5   visible_  
      6   ldvar_  n_bodies
     11   [ <?> ] Type#13
     16   ; :(1, n_bodies)
          colon_  
     17   [ <?> ] Type#14
     22   ret_  

[Prom (index 7.1)]
0:
      0   ldvar_  body_x
      5   [ <?> ] Type#15
     10   dup_  
     11   is_  NonObject
     16   [ _ ] Test#2
     21   brfalse_  1
     26   br_  2
1:
     31   mk_promise_  0
     36   br_  3
2:
     41   ldvar_  i
     46   [ <?> ] Type#17
3:
     51   ; [[(body_x, i)
          extract2_1_  
     52   [ <?> ] Type#18
     57   visible_  
     58   ldvar_  body_x
     63   dup_  
     64   is_  NonObject
     69   [ _ ] Test#3
     74   brfalse_  4
     79   br_  5
4:
     84   mk_promise_  1
     89   br_  6
5:
     94   ldvar_  j
     99   [ <?> ] Type#21
6:
    104   ; [[(body_x, j)
          extract2_1_  
    105   [ <?> ] Type#22
    110   visible_  
    111   ; -([[(body_x, i), [[(body_x, j))
          sub_  
    112   [ <?> ] Type#23
    117   ldvar_for_update_  dxx
    122   [ <?> ] Type#24
    127   ldvar_  i
    132   ldvar_  j
    137   ; <-([[(dxx, i, j), -([[(body_x, i), [[(body_x, j)))
          subassign2_2_  
    138   stvar_  dxx
    143   ldvar_  body_y
    148   [ <?> ] Type#27
    153   dup_  
    154   is_  NonObject
    159   [ _ ] Test#4
    164   brfalse_  7
    169   br_  8
7:
    174   mk_promise_  2
    179   br_  9
8:
    184   ldvar_  i
9:
    189   ; [[(body_y, i)
          extract2_1_  
    190   [ <?> ] Type#30
    195   visible_  
    196   ldvar_  body_y
    201   dup_  
    202   is_  NonObject
    207   [ _ ] Test#5
    212   brfalse_  10
    217   br_  11
10:
    222   mk_promise_  3
    227   br_  12
11:
    232   ldvar_  j
12:
    237   ; [[(body_y, j)
          extract2_1_  
    238   [ <?> ] Type#34
    243   visible_  
    244   ; -([[(body_y, i), [[(body_y, j))
          sub_  
    245   [ <?> ] Type#35
    250   ldvar_for_update_  dyy
    255   [ <?> ] Type#36
    260   ldvar_  i
    265   ldvar_  j
    270   ; <-([[(dyy, i, j), -([[(body_y, i), [[(body_y, j)))
          subassign2_2_  
    271   stvar_  dyy
    276   ldvar_  body_z
    281   [ <?> ] Type#39
    286   dup_  
    287   is_  NonObject
    292   [ _ ] Test#6
    297   brfalse_  13
    302   br_  14
13:
    307   mk_promise_  4
    312   br_  15
14:
    317   ldvar_  i
15:
    322   ; [[(body_z, i)
          extract2_1_  
    323   [ <?> ] Type#42
    328   visible_  
    329   ldvar_  body_z
    334   dup_  
    335   is_  NonObject
    340   [ _ ] Test#7
    345   brfalse_  16
    350   br_  17
16:
    355   mk_promise_  5
    360   br_  18
17:
    365   ldvar_  j
18:
    370   ; [[(body_z, j)
          extract2_1_  
    371   [ <?> ] Type#46
    376   visible_  
    377   ; -([[(body_z, i), [[(body_z, j))
          sub_  
    378   [ <?> ] Type#47
    383   dup_  
    384   set_shared_  
    385   ldvar_for_update_  dzz
    390   [ <?> ] Type#48
    395   ldvar_  i
    400   ldvar_  j
    405   ; <-([[(dzz, i, j), -([[(body_z, i), [[(body_z, j)))
          subassign2_2_  
    406   stvar_  dzz
    411   invisible_  
    412   ret_  

[Prom (index 7.1.0)]
0:
      0   ldvar_  i
      5   [ <?> ] Type#16
     10   ret_  

[Prom (index 7.1.1)]
0:
      0   ldvar_  j
      5   [ <?> ] Type#20
     10   ret_  

[Prom (index 7.1.2)]
0:
      0   ldvar_  i
      5   [ <?> ] Type#28
     10   ret_  

[Prom (index 7.1.3)]
0:
      0   ldvar_  j
      5   [ <?> ] Type#32
     10   ret_  

[Prom (index 7.1.4)]
0:
      0   ldvar_  i
      5   [ <?> ] Type#40
     10   ret_  

[Prom (index 7.1.5)]
0:
      0   ldvar_  j
      5   [ <?> ] Type#44
     10   ret_  

[Prom (index 7.2)]
0:
      0   ldvar_  i
      5   [ <?> ] Type#55
     10   ret_  

[Prom (index 7.3)]
0:
      0   ldvar_  j
      5   [ <?> ] Type#59
     10   ret_  

[Prom (index 7.4)]
0:
      0   ldvar_  i
      5   [ <?> ] Type#67
     10   ret_  

[Prom (index 7.5)]
0:
      0   ldvar_  j
      5   [ <?> ] Type#71
     10   ret_  

[Prom (index 7.6)]
0:
      0   ldvar_  i
      5   [ <?> ] Type#79
     10   ret_  

[Prom (index 7.7)]
0:
      0   ldvar_  j
      5   [ <?> ] Type#83
     10   ret_  

[Prom (index 7.8)]
0:
      0   ldvar_  i
      5   [ <?> ] Type#91
     10   ret_  

[Prom (index 7.9)]
0:
      0   ldvar_  j
      5   [ <?> ] Type#95
     10   ret_  

[Prom (index 7.10)]
0:
      0   ldvar_  i
      5   [ <?> ] Type#103
     10   ret_  

[Prom (index 7.11)]
0:
      0   ldvar_  j
      5   [ <?> ] Type#107
     10   ret_  

[Prom (index 7.12)]
0:
      0   ldvar_  i
      5   [ <?> ] Type#115
     10   ret_  

[Prom (index 7.13)]
0:
      0   ldvar_  j
      5   [ <?> ] Type#119
     10   ret_  

[Prom (index 8)]
0:
      0   push_  1
      5   visible_  
      6   ldvar_  n_bodies
     11   [ <?> ] Type#129
     16   ; :(1, n_bodies)
          colon_  
     17   [ <?> ] Type#130
     22   ret_  

[Prom (index 9)]
0:
      0   ldvar_  body_x
      5   [ <?> ] Type#131
     10   dup_  
     11   is_  NonObject
     16   [ _ ] Test#24
     21   brfalse_  1
     26   br_  2
1:
     31   mk_promise_  0
     36   br_  3
2:
     41   ldvar_  i
     46   [ <?> ] Type#133
3:
     51   ; [[(body_x, i)
          extract2_1_  
     52   [ <?> ] Type#134
     57   visible_  
     58   ldvar_  body_x
     63   dup_  
     64   is_  NonObject
     69   [ _ ] Test#25
     74   brfalse_  4
     79   br_  5
4:
     84   mk_promise_  1
     89   br_  6
5:
     94   ldvar_  j
     99   [ <?> ] Type#137
6:
    104   ; [[(body_x, j)
          extract2_1_  
    105   [ <?> ] Type#138
    110   visible_  
    111   ; -([[(body_x, i), [[(body_x, j))
          sub_  
    112   [ <?> ] Type#139
    117   ldvar_for_update_  dxx
    122   [ <?> ] Type#140
    127   ldvar_  i
    132   ldvar_  j
    137   ; <-([[(dxx, i, j), -([[(body_x, i), [[(body_x, j)))
          subassign2_2_  
    138   stvar_  dxx
    143   ldvar_  body_y
    148   [ <?> ] Type#143
    153   dup_  
    154   is_  NonObject
    159   [ _ ] Test#26
    164   brfalse_  7
    169   br_  8
7:
    174   mk_promise_  2
    179   br_  9
8:
    184   ldvar_  i
9:
    189   ; [[(body_y, i)
          extract2_1_  
    190   [ <?> ] Type#146
    195   visible_  
    196   ldvar_  body_y
    201   dup_  
    202   is_  NonObject
    207   [ _ ] Test#27
    212   brfalse_  10
    217   br_  11
10:
    222   mk_promise_  3
    227   br_  12
11:
    232   ldvar_  j
12:
    237   ; [[(body_y, j)
          extract2_1_  
    238   [ <?> ] Type#150
    243   visible_  
    244   ; -([[(body_y, i), [[(body_y, j))
          sub_  
    245   [ <?> ] Type#151
    250   ldvar_for_update_  dyy
    255   [ <?> ] Type#152
    260   ldvar_  i
    265   ldvar_  j
    270   ; <-([[(dyy, i, j), -([[(body_y, i), [[(body_y, j)))
          subassign2_2_  
    271   stvar_  dyy
    276   ldvar_  body_z
    281   [ <?> ] Type#155
    286   dup_  
    287   is_  NonObject
    292   [ _ ] Test#28
    297   brfalse_  13
    302   br_  14
13:
    307   mk_promise_  4
    312   br_  15
14:
    317   ldvar_  i
15:
    322   ; [[(body_z, i)
          extract2_1_  
    323   [ <?> ] Type#158
    328   visible_  
    329   ldvar_  body_z
    334   dup_  
    335   is_  NonObject
    340   [ _ ] Test#29
    345   brfalse_  16
    350   br_  17
16:
    355   mk_promise_  5
    360   br_  18
17:
    365   ldvar_  j
18:
    370   ; [[(body_z, j)
          extract2_1_  
    371   [ <?> ] Type#162
    376   visible_  
    377   ; -([[(body_z, i), [[(body_z, j))
          sub_  
    378   [ <?> ] Type#163
    383   dup_  
    384   set_shared_  
    385   ldvar_for_update_  dzz
    390   [ <?> ] Type#164
    395   ldvar_  i
    400   ldvar_  j
    405   ; <-([[(dzz, i, j), -([[(body_z, i), [[(body_z, j)))
          subassign2_2_  
    406   stvar_  dzz
    411   invisible_  
    412   ret_  

[Prom (index 9.0)]
0:
      0   ldvar_  i
      5   [ <?> ] Type#132
     10   ret_  

[Prom (index 9.1)]
0:
      0   ldvar_  j
      5   [ <?> ] Type#136
     10   ret_  

[Prom (index 9.2)]
0:
      0   ldvar_  i
      5   [ <?> ] Type#144
     10   ret_  

[Prom (index 9.3)]
0:
      0   ldvar_  j
      5   [ <?> ] Type#148
     10   ret_  

[Prom (index 9.4)]
0:
      0   ldvar_  i
      5   [ <?> ] Type#156
     10   ret_  

[Prom (index 9.5)]
0:
      0   ldvar_  j
      5   [ <?> ] Type#160
     10   ret_  

[Prom (index 10)]
0:
      0   ldvar_  i
      5   [ <?> ] Type#170
     10   ret_  

[Prom (index 11)]
0:
      0   ldvar_  j
      5   [ <?> ] Type#174
     10   ret_  

[Prom (index 12)]
0:
      0   ldvar_  i
      5   [ <?> ] Type#182
     10   ret_  

[Prom (index 13)]
0:
      0   ldvar_  j
      5   [ <?> ] Type#186
     10   ret_  

[Prom (index 14)]
0:
      0   ldvar_  i
      5   [ <?> ] Type#194
     10   ret_  

[Prom (index 15)]
0:
      0   ldvar_  j
      5   [ <?> ] Type#198
     10   ret_  

[Prom (index 16)]
0:
      0   ldvar_  i
      5   [ <?> ] Type#206
     10   ret_  

[Prom (index 17)]
0:
      0   ldvar_  j
      5   [ <?> ] Type#210
     10   ret_  

[Prom (index 18)]
0:
      0   ldvar_  i
      5   [ <?> ] Type#218
     10   ret_  

[Prom (index 19)]
0:
      0   ldvar_  j
      5   [ <?> ] Type#222
     10   ret_  

[Prom (index 20)]
0:
      0   ldvar_  i
      5   [ <?> ] Type#230
     10   ret_  

[Prom (index 21)]
0:
      0   ldvar_  j
      5   [ <?> ] Type#234
     10   ret_  

[Prom (index 22)]
0:
      0   push_  1
      5   visible_  
      6   ldvar_  n_bodies
     11   [ <?> ] Type#243
     16   push_  1
     21   visible_  
     22   ; -(n_bodies, 1)
          sub_  
     23   [ <?> ] Type#244
     28   visible_  
     29   ; :(1, ((-(n_bodies, 1)))
          colon_  
     30   [ <?> ] Type#245
     35   ret_  

[Prom (index 23)]
0:
      0   ldfun_  min
      5   [ 0, <0>, valid  ] Call#3
     10   mk_promise_  0
     15   mk_promise_  1
     20   ; min(+(i, 1), n_bodies)
          call_  2
     37   [ <?> ] Type#249
     42   stvar_  j_from
     47   ldvar_  j_from
     52   force_  
     53   ldvar_  n_bodies
     58   [ <?> ] Type#251
     63   force_  
     64   ; :(j_from, n_bodies)
          colon_input_effects_  
     65   [ _ ] Test#45
     70   brtrue_  1
     75   ; :(j_from, n_bodies)
          colon_  
     76   ldfun_  for
     81   swap_  
     82   mk_eager_promise_  2
     87   mk_promise_  3
     92   ; for(j, :(j_from, n_bodies), {(<-(dx, -([[(body|...
          call_  2
    109   [ <?> ] Type#391
    114   br_  114
1:
    119   swap_  
    120   colon_cast_lhs_  
    121   [ <?> ] Type#392
    126   ensure_named_  
    127   swap_  
    128   colon_cast_rhs_  
    129   ensure_named_  
    130   [ <?> ] Type#393
    135   dup2_  
    136   ; NULL
          le_  
    137   [ _ ] Test#64
    142   brfalse_  2
    147   push_  1L
    152   br_  3
2:
    157   push_  -1L
3:
    162   swap_  
    163   pick_  2
    168   dup2_  
    169   ; NULL
          ne_  
    170   [ _ ] Test#65
    175   brfalse_  113
    180   dup_  
    181   stvar_  j
    186   pull_  2
    191   ensure_named_  
    192   ; NULL
          add_  
    193   ldvar_  body_x
    198   [ <?> ] TypeOnce#394 (bit: #19)
    203   dup_  
    204   is_  NonObject
    209   [ _ ] Test#66
    214   brfalse_  4
    219   br_  5
4:
    224   mk_promise_  4
    229   br_  6
5:
    234   ldvar_  i
    239   [ <?> ] TypeOnce#396 (bit: #20)
6:
    244   ; [[(body_x, i)
          extract2_1_  
    245   [ <?> ] Type#397
    250   visible_  
    251   ldvar_  body_x
    256   dup_  
    257   is_  NonObject
    262   [ _ ] Test#67
    267   brfalse_  7
    272   br_  8
7:
    277   mk_promise_  5
    282   br_  9
8:
    287   ldvar_  j
    292   [ <?> ] TypeOnce#400 (bit: #21)
9:
    297   ; [[(body_x, j)
          extract2_1_  
    298   [ <?> ] Type#401
    303   visible_  
    304   ; -([[(body_x, i), [[(body_x, j))
          sub_  
    305   [ <?> ] Type#402
    310   stvar_  dx
    315   ldvar_  body_y
    320   [ <?> ] TypeOnce#403 (bit: #22)
    325   dup_  
    326   is_  NonObject
    331   [ _ ] Test#68
    336   brfalse_  10
    341   br_  11
10:
    346   mk_promise_  6
    351   br_  12
11:
    356   ldvar_  i
12:
    361   ; [[(body_y, i)
          extract2_1_  
    362   [ <?> ] Type#406
    367   visible_  
    368   ldvar_  body_y
    373   dup_  
    374   is_  NonObject
    379   [ _ ] Test#69
    384   brfalse_  13
    389   br_  14
13:
    394   mk_promise_  7
    399   br_  15
14:
    404   ldvar_  j
15:
    409   ; [[(body_y, j)
          extract2_1_  
    410   [ <?> ] Type#410
    415   visible_  
    416   ; -([[(body_y, i), [[(body_y, j))
          sub_  
    417   [ <?> ] Type#411
    422   stvar_  dy
    427   ldvar_  body_z
    432   [ <?> ] TypeOnce#412 (bit: #23)
    437   dup_  
    438   is_  NonObject
    443   [ _ ] Test#70
    448   brfalse_  16
    453   br_  17
16:
    458   mk_promise_  8
    463   br_  18
17:
    468   ldvar_  i
18:
    473   ; [[(body_z, i)
          extract2_1_  
    474   [ <?> ] Type#415
    479   visible_  
    480   ldvar_  body_z
    485   dup_  
    486   is_  NonObject
    491   [ _ ] Test#71
    496   brfalse_  19
    501   br_  20
19:
    506   mk_promise_  9
    511   br_  21
20:
    516   ldvar_  j
21:
    521   ; [[(body_z, j)
          extract2_1_  
    522   [ <?> ] Type#419
    527   visible_  
    528   ; -([[(body_z, i), [[(body_z, j))
          sub_  
    529   [ <?> ] Type#420
    534   stvar_  dz
    539   ldfun_  sqrt
    544   [ 0, <0>, valid  ] Call#5
    549   mk_promise_  a
    554   ; sqrt(+(+(*(dx, dx), *(dy, dy)), *(dz, dz)))
          call_  1
    571   [ <?> ] Type#432
    576   stvar_  distance
    581   ldvar_  dt
    586   [ <?> ] TypeOnce#433 (bit: #24)
    591   ldvar_  distance
    596   ldvar_  distance
    601   ; *(distance, distance)
          mul_  
    602   [ <?> ] Type#436
    607   ldvar_  distance
    612   ; *(*(distance, distance), distance)
          mul_  
    613   [ <?> ] Type#438
    618   visible_  
    619   ; /(dt, ((*(*(distance, distance), distance)))
          div_  
    620   [ <?> ] Type#439
    625   stvar_  mag
    630   ldvar_for_update_  body_vx
    635   set_shared_  
    636   pop_  
    637   ldvar_  body_vx
    642   [ <?> ] TypeOnce#440 (bit: #25)
    647   dup_  
    648   is_  NonObject
    653   [ _ ] Test#72
    658   brfalse_  22
    663   br_  23
22:
    668   mk_promise_  b
    673   br_  24
23:
    678   ldvar_  i
24:
    683   ; [[(body_vx, i)
          extract2_1_  
    684   [ <?> ] Type#443
    689   visible_  
    690   ldvar_  dx
    695   ldvar_  body_mass
    700   [ <?> ] TypeOnce#445 (bit: #26)
    705   dup_  
    706   is_  NonObject
    711   [ _ ] Test#73
    716   brfalse_  25
    721   br_  26
25:
    726   mk_promise_  c
    731   br_  27
26:
    736   ldvar_  j
27:
    741   ; [[(body_mass, j)
          extract2_1_  
    742   [ <?> ] Type#448
    747   visible_  
    748   ; *(dx, [[(body_mass, j))
          mul_  
    749   [ <?> ] Type#449
    754   ldvar_  mag
    759   ; *(*(dx, [[(body_mass, j)), mag)
          mul_  
    760   [ <?> ] Type#451
    765   ; -([[(body_vx, i), *(*(dx, [[(body_mass, j)), mag))
          sub_  
    766   [ <?> ] Type#452
    771   ldvar_super_  body_vx
    776   [ <?> ] Type#453
    781   ldvar_  i
    786   ; <<-([[(body_vx, i), -([[(body_vx, i), *(*(dx, |...
          subassign2_1_  
    787   stvar_super_  body_vx
    792   ldvar_for_update_  body_vy
    797   set_shared_  
    798   pop_  
    799   ldvar_  body_vy
    804   [ <?> ] TypeOnce#455 (bit: #27)
    809   dup_  
    810   is_  NonObject
    815   [ _ ] Test#74
    820   brfalse_  28
    825   br_  29
28:
    830   mk_promise_  d
    835   br_  30
29:
    840   ldvar_  i
30:
    845   ; [[(body_vy, i)
          extract2_1_  
    846   [ <?> ] Type#458
    851   visible_  
    852   ldvar_  dy
    857   ldvar_  body_mass
    862   dup_  
    863   is_  NonObject
    868   [ _ ] Test#75
    873   brfalse_  31
    878   br_  32
31:
    883   mk_promise_  e
    888   br_  33
32:
    893   ldvar_  j
33:
    898   ; [[(body_mass, j)
          extract2_1_  
    899   [ <?> ] Type#463
    904   visible_  
    905   ; *(dy, [[(body_mass, j))
          mul_  
    906   [ <?> ] Type#464
    911   ldvar_  mag
    916   ; *(*(dy, [[(body_mass, j)), mag)
          mul_  
    917   [ <?> ] Type#466
    922   ; -([[(body_vy, i), *(*(dy, [[(body_mass, j)), mag))
          sub_  
    923   [ <?> ] Type#467
    928   ldvar_super_  body_vy
    933   [ <?> ] Type#468
    938   ldvar_  i
    943   ; <<-([[(body_vy, i), -([[(body_vy, i), *(*(dy, |...
          subassign2_1_  
    944   stvar_super_  body_vy
    949   ldvar_for_update_  body_vz
    954   set_shared_  
    955   pop_  
    956   ldvar_  body_vz
    961   [ <?> ] TypeOnce#470 (bit: #28)
    966   dup_  
    967   is_  NonObject
    972   [ _ ] Test#76
    977   brfalse_  34
    982   br_  35
34:
    987   mk_promise_  f
    992   br_  36
35:
    997   ldvar_  i
36:
   1002   ; [[(body_vz, i)
          extract2_1_  
   1003   [ <?> ] Type#473
   1008   visible_  
   1009   ldvar_  dz
   1014   ldvar_  body_mass
   1019   dup_  
   1020   is_  NonObject
   1025   [ _ ] Test#77
   1030   brfalse_  37
   1035   br_  38
37:
   1040   mk_promise_  10
   1045   br_  39
38:
   1050   ldvar_  j
39:
   1055   ; [[(body_mass, j)
          extract2_1_  
   1056   [ <?> ] Type#478
   1061   visible_  
   1062   ; *(dz, [[(body_mass, j))
          mul_  
   1063   [ <?> ] Type#479
   1068   ldvar_  mag
   1073   ; *(*(dz, [[(body_mass, j)), mag)
          mul_  
   1074   [ <?> ] Type#481
   1079   ; -([[(body_vz, i), *(*(dz, [[(body_mass, j)), mag))
          sub_  
   1080   [ <?> ] Type#482
   1085   ldvar_super_  body_vz
   1090   [ <?> ] Type#483
   1095   ldvar_  i
   1100   ; <<-([[(body_vz, i), -([[(body_vz, i), *(*(dz, |...
          subassign2_1_  
   1101   stvar_super_  body_vz
   1106   ldvar_for_update_  body_vx
   1111   set_shared_  
   1112   pop_  
   1113   ldvar_  body_vx
   1118   dup_  
   1119   is_  NonObject
   1124   [ _ ] Test#78
   1129   brfalse_  40
   1134   br_  41
40:
   1139   mk_promise_  11
   1144   br_  42
41:
   1149   ldvar_  j
42:
   1154   ; [[(body_vx, j)
          extract2_1_  
   1155   [ <?> ] Type#488
   1160   visible_  
   1161   ldvar_  dx
   1166   ldvar_  body_mass
   1171   dup_  
   1172   is_  NonObject
   1177   [ _ ] Test#79
   1182   brfalse_  43
   1187   br_  44
43:
   1192   mk_promise_  12
   1197   br_  45
44:
   1202   ldvar_  i
45:
   1207   ; [[(body_mass, i)
          extract2_1_  
   1208   [ <?> ] Type#493
   1213   visible_  
   1214   ; *(dx, [[(body_mass, i))
          mul_  
   1215   [ <?> ] Type#494
   1220   ldvar_  mag
   1225   ; *(*(dx, [[(body_mass, i)), mag)
          mul_  
   1226   [ <?> ] Type#496
   1231   ; +([[(body_vx, j), *(*(dx, [[(body_mass, i)), mag))
          add_  
   1232   [ <?> ] Type#497
   1237   ldvar_super_  body_vx
   1242   [ <?> ] Type#498
   1247   ldvar_  j
   1252   ; <<-([[(body_vx, j), +([[(body_vx, j), *(*(dx, |...
          subassign2_1_  
   1253   stvar_super_  body_vx
   1258   ldvar_for_update_  body_vy
   1263   set_shared_  
   1264   pop_  
   1265   ldvar_  body_vy
   1270   dup_  
   1271   is_  NonObject
   1276   [ _ ] Test#80
   1281   brfalse_  46
   1286   br_  47
46:
   1291   mk_promise_  13
   1296   br_  48
47:
   1301   ldvar_  j
48:
   1306   ; [[(body_vy, j)
          extract2_1_  
   1307   [ <?> ] Type#503
   1312   visible_  
   1313   ldvar_  dy
   1318   ldvar_  body_mass
   1323   dup_  
   1324   is_  NonObject
   1329   [ _ ] Test#81
   1334   brfalse_  49
   1339   br_  50
49:
   1344   mk_promise_  14
   1349   br_  51
50:
   1354   ldvar_  i
51:
   1359   ; [[(body_mass, i)
          extract2_1_  
   1360   [ <?> ] Type#508
   1365   visible_  
   1366   ; *(dy, [[(body_mass, i))
          mul_  
   1367   [ <?> ] Type#509
   1372   ldvar_  mag
   1377   ; *(*(dy, [[(body_mass, i)), mag)
          mul_  
   1378   [ <?> ] Type#511
   1383   ; +([[(body_vy, j), *(*(dy, [[(body_mass, i)), mag))
          add_  
   1384   [ <?> ] Type#512
   1389   ldvar_super_  body_vy
   1394   [ <?> ] Type#513
   1399   ldvar_  j
   1404   ; <<-([[(body_vy, j), +([[(body_vy, j), *(*(dy, |...
          subassign2_1_  
   1405   stvar_super_  body_vy
   1410   ldvar_for_update_  body_vz
   1415   set_shared_  
   1416   pop_  
   1417   ldvar_  body_vz
   1422   dup_  
   1423   is_  NonObject
   1428   [ _ ] Test#82
   1433   brfalse_  52
   1438   br_  53
52:
   1443   mk_promise_  15
   1448   br_  54
53:
   1453   ldvar_  j
54:
   1458   ; [[(body_vz, j)
          extract2_1_  
   1459   [ <?> ] Type#518
   1464   visible_  
   1465   ldvar_  dz
   1470   ldvar_  body_mass
   1475   dup_  
   1476   is_  NonObject
   1481   [ _ ] Test#83
   1486   brfalse_  55
   1491   br_  56
55:
   1496   mk_promise_  16
   1501   br_  57
56:
   1506   ldvar_  i
57:
   1511   ; [[(body_mass, i)
          extract2_1_  
   1512   [ <?> ] Type#523
   1517   visible_  
   1518   ; *(dz, [[(body_mass, i))
          mul_  
   1519   [ <?> ] Type#524
   1524   ldvar_  mag
   1529   ; *(*(dz, [[(body_mass, i)), mag)
          mul_  
   1530   [ <?> ] Type#526
   1535   ; +([[(body_vz, j), *(*(dz, [[(body_mass, i)), mag))
          add_  
   1536   [ <?> ] Type#527
   1541   ldvar_super_  body_vz
   1546   [ <?> ] Type#528
   1551   ldvar_  j
   1556   ; <<-([[(body_vz, j), +([[(body_vz, j), *(*(dz, |...
          subassign2_1_  
   1557   stvar_super_  body_vz
58:
   1562   dup2_  
   1563   ; NULL
          ne_  
   1564   brfalse_  113
   1569   dup_  
   1570   stvar_  j
   1575   pull_  2
   1580   ensure_named_  
   1581   ; NULL
          add_  
   1582   ldvar_  body_x
   1587   [ <?> ] TypeOnce#530 (bit: #29)
   1592   dup_  
   1593   is_  NonObject
   1598   [ _ ] Test#84
   1603   brfalse_  59
   1608   br_  60
59:
   1613   mk_promise_  17
   1618   br_  61
60:
   1623   ldvar_  i
   1628   [ <?> ] TypeOnce#532 (bit: #30)
61:
   1633   ; [[(body_x, i)
          extract2_1_  
   1634   [ <?> ] Type#533
   1639   visible_  
   1640   ldvar_  body_x
   1645   dup_  
   1646   is_  NonObject
   1651   [ _ ] Test#85
   1656   brfalse_  62
   1661   br_  63
62:
   1666   mk_promise_  18
   1671   br_  64
63:
   1676   ldvar_  j
   1681   [ <?> ] TypeOnce#536 (bit: #31)
64:
   1686   ; [[(body_x, j)
          extract2_1_  
   1687   [ <?> ] Type#537
   1692   visible_  
   1693   ; -([[(body_x, i), [[(body_x, j))
          sub_  
   1694   [ <?> ] Type#538
   1699   stvar_  dx
   1704   ldvar_  body_y
   1709   [ <?> ] TypeOnce#539 (bit: #32)
   1714   dup_  
   1715   is_  NonObject
   1720   [ _ ] Test#86
   1725   brfalse_  65
   1730   br_  66
65:
   1735   mk_promise_  19
   1740   br_  67
66:
   1745   ldvar_  i
67:
   1750   ; [[(body_y, i)
          extract2_1_  
   1751   [ <?> ] Type#542
   1756   visible_  
   1757   ldvar_  body_y
   1762   dup_  
   1763   is_  NonObject
   1768   [ _ ] Test#87
   1773   brfalse_  68
   1778   br_  69
68:
   1783   mk_promise_  1a
   1788   br_  70
69:
   1793   ldvar_  j
70:
   1798   ; [[(body_y, j)
          extract2_1_  
   1799   [ <?> ] Type#546
   1804   visible_  
   1805   ; -([[(body_y, i), [[(body_y, j))
          sub_  
   1806   [ <?> ] Type#547
   1811   stvar_  dy
   1816   ldvar_  body_z
   1821   [ <?> ] TypeOnce#548 (bit: #33)
   1826   dup_  
   1827   is_  NonObject
   1832   [ _ ] Test#88
   1837   brfalse_  71
   1842   br_  72
71:
   1847   mk_promise_  1b
   1852   br_  73
72:
   1857   ldvar_  i
73:
   1862   ; [[(body_z, i)
          extract2_1_  
   1863   [ <?> ] Type#551
   1868   visible_  
   1869   ldvar_  body_z
   1874   dup_  
   1875   is_  NonObject
   1880   [ _ ] Test#89
   1885   brfalse_  74
   1890   br_  75
74:
   1895   mk_promise_  1c
   1900   br_  76
75:
   1905   ldvar_  j
76:
   1910   ; [[(body_z, j)
          extract2_1_  
   1911   [ <?> ] Type#555
   1916   visible_  
   1917   ; -([[(body_z, i), [[(body_z, j))
          sub_  
   1918   [ <?> ] Type#556
   1923   stvar_  dz
   1928   ldfun_  sqrt
   1933   [ 0, <0>, valid  ] Call#6
   1938   mk_promise_  1d
   1943   ; sqrt(+(+(*(dx, dx), *(dy, dy)), *(dz, dz)))
          call_  1
   1960   [ <?> ] Type#568
   1965   stvar_  distance
   1970   ldvar_  dt
   1975   [ <?> ] TypeOnce#569 (bit: #34)
   1980   ldvar_  distance
   1985   ldvar_  distance
   1990   ; *(distance, distance)
          mul_  
   1991   [ <?> ] Type#572
   1996   ldvar_  distance
   2001   ; *(*(distance, distance), distance)
          mul_  
   2002   [ <?> ] Type#574
   2007   visible_  
   2008   ; /(dt, ((*(*(distance, distance), distance)))
          div_  
   2009   [ <?> ] Type#575
   2014   stvar_  mag
   2019   ldvar_for_update_  body_vx
   2024   set_shared_  
   2025   pop_  
   2026   ldvar_  body_vx
   2031   [ <?> ] TypeOnce#576 (bit: #35)
   2036   dup_  
   2037   is_  NonObject
   2042   [ _ ] Test#90
   2047   brfalse_  77
   2052   br_  78
77:
   2057   mk_promise_  1e
   2062   br_  79
78:
   2067   ldvar_  i
79:
   2072   ; [[(body_vx, i)
          extract2_1_  
   2073   [ <?> ] Type#579
   2078   visible_  
   2079   ldvar_  dx
   2084   ldvar_  body_mass
   2089   [ <?> ] TypeOnce#581 (bit: #36)
   2094   dup_  
   2095   is_  NonObject
   2100   [ _ ] Test#91
   2105   brfalse_  80
   2110   br_  81
80:
   2115   mk_promise_  1f
   2120   br_  82
81:
   2125   ldvar_  j
82:
   2130   ; [[(body_mass, j)
          extract2_1_  
   2131   [ <?> ] Type#584
   2136   visible_  
   2137   ; *(dx, [[(body_mass, j))
          mul_  
   2138   [ <?> ] Type#585
   2143   ldvar_  mag
   2148   ; *(*(dx, [[(body_mass, j)), mag)
          mul_  
   2149   [ <?> ] Type#587
   2154   ; -([[(body_vx, i), *(*(dx, [[(body_mass, j)), mag))
          sub_  
   2155   [ <?> ] Type#588
   2160   ldvar_super_  body_vx
   2165   [ <?> ] Type#589
   2170   ldvar_  i
   2175   ; <<-([[(body_vx, i), -([[(body_vx, i), *(*(dx, |...
          subassign2_1_  
   2176   stvar_super_  body_vx
   2181   ldvar_for_update_  body_vy
   2186   set_shared_  
   2187   pop_  
   2188   ldvar_  body_vy
   2193   [ <?> ] TypeOnce#591 (bit: #37)
   2198   dup_  
   2199   is_  NonObject
   2204   [ _ ] Test#92
   2209   brfalse_  83
   2214   br_  84
83:
   2219   mk_promise_  20
   2224   br_  85
84:
   2229   ldvar_  i
85:
   2234   ; [[(body_vy, i)
          extract2_1_  
   2235   [ <?> ] Type#594
   2240   visible_  
   2241   ldvar_  dy
   2246   ldvar_  body_mass
   2251   dup_  
   2252   is_  NonObject
   2257   [ _ ] Test#93
   2262   brfalse_  86
   2267   br_  87
86:
   2272   mk_promise_  21
   2277   br_  88
87:
   2282   ldvar_  j
88:
   2287   ; [[(body_mass, j)
          extract2_1_  
   2288   [ <?> ] Type#599
   2293   visible_  
   2294   ; *(dy, [[(body_mass, j))
          mul_  
   2295   [ <?> ] Type#600
   2300   ldvar_  mag
   2305   ; *(*(dy, [[(body_mass, j)), mag)
          mul_  
   2306   [ <?> ] Type#602
   2311   ; -([[(body_vy, i), *(*(dy, [[(body_mass, j)), mag))
          sub_  
   2312   [ <?> ] Type#603
   2317   ldvar_super_  body_vy
   2322   [ <?> ] Type#604
   2327   ldvar_  i
   2332   ; <<-([[(body_vy, i), -([[(body_vy, i), *(*(dy, |...
          subassign2_1_  
   2333   stvar_super_  body_vy
   2338   ldvar_for_update_  body_vz
   2343   set_shared_  
   2344   pop_  
   2345   ldvar_  body_vz
   2350   [ <?> ] TypeOnce#606 (bit: #38)
   2355   dup_  
   2356   is_  NonObject
   2361   [ _ ] Test#94
   2366   brfalse_  89
   2371   br_  90
89:
   2376   mk_promise_  22
   2381   br_  91
90:
   2386   ldvar_  i
91:
   2391   ; [[(body_vz, i)
          extract2_1_  
   2392   [ <?> ] Type#609
   2397   visible_  
   2398   ldvar_  dz
   2403   ldvar_  body_mass
   2408   dup_  
   2409   is_  NonObject
   2414   [ _ ] Test#95
   2419   brfalse_  92
   2424   br_  93
92:
   2429   mk_promise_  23
   2434   br_  94
93:
   2439   ldvar_  j
94:
   2444   ; [[(body_mass, j)
          extract2_1_  
   2445   [ <?> ] Type#614
   2450   visible_  
   2451   ; *(dz, [[(body_mass, j))
          mul_  
   2452   [ <?> ] Type#615
   2457   ldvar_  mag
   2462   ; *(*(dz, [[(body_mass, j)), mag)
          mul_  
   2463   [ <?> ] Type#617
   2468   ; -([[(body_vz, i), *(*(dz, [[(body_mass, j)), mag))
          sub_  
   2469   [ <?> ] Type#618
   2474   ldvar_super_  body_vz
   2479   [ <?> ] Type#619
   2484   ldvar_  i
   2489   ; <<-([[(body_vz, i), -([[(body_vz, i), *(*(dz, |...
          subassign2_1_  
   2490   stvar_super_  body_vz
   2495   ldvar_for_update_  body_vx
   2500   set_shared_  
   2501   pop_  
   2502   ldvar_  body_vx
   2507   dup_  
   2508   is_  NonObject
   2513   [ _ ] Test#96
   2518   brfalse_  95
   2523   br_  96
95:
   2528   mk_promise_  24
   2533   br_  97
96:
   2538   ldvar_  j
97:
   2543   ; [[(body_vx, j)
          extract2_1_  
   2544   [ <?> ] Type#624
   2549   visible_  
   2550   ldvar_  dx
   2555   ldvar_  body_mass
   2560   dup_  
   2561   is_  NonObject
   2566   [ _ ] Test#97
   2571   brfalse_  98
   2576   br_  99
98:
   2581   mk_promise_  25
   2586   br_  100
99:
   2591   ldvar_  i
100:
   2596   ; [[(body_mass, i)
          extract2_1_  
   2597   [ <?> ] Type#629
   2602   visible_  
   2603   ; *(dx, [[(body_mass, i))
          mul_  
   2604   [ <?> ] Type#630
   2609   ldvar_  mag
   2614   ; *(*(dx, [[(body_mass, i)), mag)
          mul_  
   2615   [ <?> ] Type#632
   2620   ; +([[(body_vx, j), *(*(dx, [[(body_mass, i)), mag))
          add_  
   2621   [ <?> ] Type#633
   2626   ldvar_super_  body_vx
   2631   [ <?> ] Type#634
   2636   ldvar_  j
   2641   ; <<-([[(body_vx, j), +([[(body_vx, j), *(*(dx, |...
          subassign2_1_  
   2642   stvar_super_  body_vx
   2647   ldvar_for_update_  body_vy
   2652   set_shared_  
   2653   pop_  
   2654   ldvar_  body_vy
   2659   dup_  
   2660   is_  NonObject
   2665   [ _ ] Test#98
   2670   brfalse_  101
   2675   br_  102
101:
   2680   mk_promise_  26
   2685   br_  103
102:
   2690   ldvar_  j
103:
   2695   ; [[(body_vy, j)
          extract2_1_  
   2696   [ <?> ] Type#639
   2701   visible_  
   2702   ldvar_  dy
   2707   ldvar_  body_mass
   2712   dup_  
   2713   is_  NonObject
   2718   [ _ ] Test#99
   2723   brfalse_  104
   2728   br_  105
104:
   2733   mk_promise_  27
   2738   br_  106
105:
   2743   ldvar_  i
106:
   2748   ; [[(body_mass, i)
          extract2_1_  
   2749   [ <?> ] Type#644
   2754   visible_  
   2755   ; *(dy, [[(body_mass, i))
          mul_  
   2756   [ <?> ] Type#645
   2761   ldvar_  mag
   2766   ; *(*(dy, [[(body_mass, i)), mag)
          mul_  
   2767   [ <?> ] Type#647
   2772   ; +([[(body_vy, j), *(*(dy, [[(body_mass, i)), mag))
          add_  
   2773   [ <?> ] Type#648
   2778   ldvar_super_  body_vy
   2783   [ <?> ] Type#649
   2788   ldvar_  j
   2793   ; <<-([[(body_vy, j), +([[(body_vy, j), *(*(dy, |...
          subassign2_1_  
   2794   stvar_super_  body_vy
   2799   ldvar_for_update_  body_vz
   2804   set_shared_  
   2805   pop_  
   2806   ldvar_  body_vz
   2811   dup_  
   2812   is_  NonObject
   2817   [ _ ] Test#100
   2822   brfalse_  107
   2827   br_  108
107:
   2832   mk_promise_  28
   2837   br_  109
108:
   2842   ldvar_  j
109:
   2847   ; [[(body_vz, j)
          extract2_1_  
   2848   [ <?> ] Type#654
   2853   visible_  
   2854   ldvar_  dz
   2859   ldvar_  body_mass
   2864   dup_  
   2865   is_  NonObject
   2870   [ _ ] Test#101
   2875   brfalse_  110
   2880   br_  111
110:
   2885   mk_promise_  29
   2890   br_  112
111:
   2895   ldvar_  i
112:
   2900   ; [[(body_mass, i)
          extract2_1_  
   2901   [ <?> ] Type#659
   2906   visible_  
   2907   ; *(dz, [[(body_mass, i))
          mul_  
   2908   [ <?> ] Type#660
   2913   ldvar_  mag
   2918   ; *(*(dz, [[(body_mass, i)), mag)
          mul_  
   2919   [ <?> ] Type#662
   2924   ; +([[(body_vz, j), *(*(dz, [[(body_mass, i)), mag))
          add_  
   2925   [ <?> ] Type#663
   2930   ldvar_super_  body_vz
   2935   [ <?> ] Type#664
   2940   ldvar_  j
   2945   ; <<-([[(body_vz, j), +([[(body_vz, j), *(*(dz, |...
          subassign2_1_  
   2946   stvar_super_  body_vz
   2951   br_  58
113:
   2956   popn_  3
   2961   push_  NULL
   2966   invisible_  
114:
   2967   ret_  

[Prom (index 23.0)]
0:
      0   ldvar_  i
      5   [ <?> ] Type#246
     10   push_  1
     15   visible_  
     16   ; +(i, 1)
          add_  
     17   [ <?> ] Type#247
     22   ret_  

[Prom (index 23.1)]
0:
      0   ldvar_  n_bodies
      5   [ <?> ] Type#248
     10   ret_  

[Prom (index 23.2)]
0:
      0   ldvar_  j_from
      5   [ <?> ] Type#252
     10   ldvar_  n_bodies
     15   [ <?> ] Type#253
     20   ; :(j_from, n_bodies)
          colon_  
     21   [ <?> ] Type#254
     26   ret_  

[Prom (index 23.3)]
0:
      0   ldvar_  body_x
      5   [ <?> ] Type#255
     10   dup_  
     11   is_  NonObject
     16   [ _ ] Test#46
     21   brfalse_  1
     26   br_  2
1:
     31   mk_promise_  0
     36   br_  3
2:
     41   ldvar_  i
     46   [ <?> ] Type#257
3:
     51   ; [[(body_x, i)
          extract2_1_  
     52   [ <?> ] Type#258
     57   visible_  
     58   ldvar_  body_x
     63   dup_  
     64   is_  NonObject
     69   [ _ ] Test#47
     74   brfalse_  4
     79   br_  5
4:
     84   mk_promise_  1
     89   br_  6
5:
     94   ldvar_  j
     99   [ <?> ] Type#261
6:
    104   ; [[(body_x, j)
          extract2_1_  
    105   [ <?> ] Type#262
    110   visible_  
    111   ; -([[(body_x, i), [[(body_x, j))
          sub_  
    112   [ <?> ] Type#263
    117   stvar_  dx
    122   ldvar_  body_y
    127   [ <?> ] Type#264
    132   dup_  
    133   is_  NonObject
    138   [ _ ] Test#48
    143   brfalse_  7
    148   br_  8
7:
    153   mk_promise_  2
    158   br_  9
8:
    163   ldvar_  i
9:
    168   ; [[(body_y, i)
          extract2_1_  
    169   [ <?> ] Type#267
    174   visible_  
    175   ldvar_  body_y
    180   dup_  
    181   is_  NonObject
    186   [ _ ] Test#49
    191   brfalse_  10
    196   br_  11
10:
    201   mk_promise_  3
    206   br_  12
11:
    211   ldvar_  j
12:
    216   ; [[(body_y, j)
          extract2_1_  
    217   [ <?> ] Type#271
    222   visible_  
    223   ; -([[(body_y, i), [[(body_y, j))
          sub_  
    224   [ <?> ] Type#272
    229   stvar_  dy
    234   ldvar_  body_z
    239   [ <?> ] Type#273
    244   dup_  
    245   is_  NonObject
    250   [ _ ] Test#50
    255   brfalse_  13
    260   br_  14
13:
    265   mk_promise_  4
    270   br_  15
14:
    275   ldvar_  i
15:
    280   ; [[(body_z, i)
          extract2_1_  
    281   [ <?> ] Type#276
    286   visible_  
    287   ldvar_  body_z
    292   dup_  
    293   is_  NonObject
    298   [ _ ] Test#51
    303   brfalse_  16
    308   br_  17
16:
    313   mk_promise_  5
    318   br_  18
17:
    323   ldvar_  j
18:
    328   ; [[(body_z, j)
          extract2_1_  
    329   [ <?> ] Type#280
    334   visible_  
    335   ; -([[(body_z, i), [[(body_z, j))
          sub_  
    336   [ <?> ] Type#281
    341   stvar_  dz
    346   ldfun_  sqrt
    351   [ 0, <0>, valid  ] Call#4
    356   mk_promise_  6
    361   ; sqrt(+(+(*(dx, dx), *(dy, dy)), *(dz, dz)))
          call_  1
    378   [ <?> ] Type#293
    383   stvar_  distance
    388   ldvar_  dt
    393   [ <?> ] Type#294
    398   ldvar_  distance
    403   ldvar_  distance
    408   ; *(distance, distance)
          mul_  
    409   [ <?> ] Type#297
    414   ldvar_  distance
    419   ; *(*(distance, distance), distance)
          mul_  
    420   [ <?> ] Type#299
    425   visible_  
    426   ; /(dt, ((*(*(distance, distance), distance)))
          div_  
    427   [ <?> ] Type#300
    432   stvar_  mag
    437   ldvar_for_update_  body_vx
    442   set_shared_  
    443   pop_  
    444   ldvar_  body_vx
    449   [ <?> ] Type#301
    454   dup_  
    455   is_  NonObject
    460   [ _ ] Test#52
    465   brfalse_  19
    470   br_  20
19:
    475   mk_promise_  7
    480   br_  21
20:
    485   ldvar_  i
21:
    490   ; [[(body_vx, i)
          extract2_1_  
    491   [ <?> ] Type#304
    496   visible_  
    497   ldvar_  dx
    502   ldvar_  body_mass
    507   [ <?> ] Type#306
    512   dup_  
    513   is_  NonObject
    518   [ _ ] Test#53
    523   brfalse_  22
    528   br_  23
22:
    533   mk_promise_  8
    538   br_  24
23:
    543   ldvar_  j
24:
    548   ; [[(body_mass, j)
          extract2_1_  
    549   [ <?> ] Type#309
    554   visible_  
    555   ; *(dx, [[(body_mass, j))
          mul_  
    556   [ <?> ] Type#310
    561   ldvar_  mag
    566   ; *(*(dx, [[(body_mass, j)), mag)
          mul_  
    567   [ <?> ] Type#312
    572   ; -([[(body_vx, i), *(*(dx, [[(body_mass, j)), mag))
          sub_  
    573   [ <?> ] Type#313
    578   ldvar_super_  body_vx
    583   [ <?> ] Type#314
    588   ldvar_  i
    593   ; <<-([[(body_vx, i), -([[(body_vx, i), *(*(dx, |...
          subassign2_1_  
    594   stvar_super_  body_vx
    599   ldvar_for_update_  body_vy
    604   set_shared_  
    605   pop_  
    606   ldvar_  body_vy
    611   [ <?> ] Type#316
    616   dup_  
    617   is_  NonObject
    622   [ _ ] Test#54
    627   brfalse_  25
    632   br_  26
25:
    637   mk_promise_  9
    642   br_  27
26:
    647   ldvar_  i
27:
    652   ; [[(body_vy, i)
          extract2_1_  
    653   [ <?> ] Type#319
    658   visible_  
    659   ldvar_  dy
    664   ldvar_  body_mass
    669   dup_  
    670   is_  NonObject
    675   [ _ ] Test#55
    680   brfalse_  28
    685   br_  29
28:
    690   mk_promise_  a
    695   br_  30
29:
    700   ldvar_  j
30:
    705   ; [[(body_mass, j)
          extract2_1_  
    706   [ <?> ] Type#324
    711   visible_  
    712   ; *(dy, [[(body_mass, j))
          mul_  
    713   [ <?> ] Type#325
    718   ldvar_  mag
    723   ; *(*(dy, [[(body_mass, j)), mag)
          mul_  
    724   [ <?> ] Type#327
    729   ; -([[(body_vy, i), *(*(dy, [[(body_mass, j)), mag))
          sub_  
    730   [ <?> ] Type#328
    735   ldvar_super_  body_vy
    740   [ <?> ] Type#329
    745   ldvar_  i
    750   ; <<-([[(body_vy, i), -([[(body_vy, i), *(*(dy, |...
          subassign2_1_  
    751   stvar_super_  body_vy
    756   ldvar_for_update_  body_vz
    761   set_shared_  
    762   pop_  
    763   ldvar_  body_vz
    768   [ <?> ] Type#331
    773   dup_  
    774   is_  NonObject
    779   [ _ ] Test#56
    784   brfalse_  31
    789   br_  32
31:
    794   mk_promise_  b
    799   br_  33
32:
    804   ldvar_  i
33:
    809   ; [[(body_vz, i)
          extract2_1_  
    810   [ <?> ] Type#334
    815   visible_  
    816   ldvar_  dz
    821   ldvar_  body_mass
    826   dup_  
    827   is_  NonObject
    832   [ _ ] Test#57
    837   brfalse_  34
    842   br_  35
34:
    847   mk_promise_  c
    852   br_  36
35:
    857   ldvar_  j
36:
    862   ; [[(body_mass, j)
          extract2_1_  
    863   [ <?> ] Type#339
    868   visible_  
    869   ; *(dz, [[(body_mass, j))
          mul_  
    870   [ <?> ] Type#340
    875   ldvar_  mag
    880   ; *(*(dz, [[(body_mass, j)), mag)
          mul_  
    881   [ <?> ] Type#342
    886   ; -([[(body_vz, i), *(*(dz, [[(body_mass, j)), mag))
          sub_  
    887   [ <?> ] Type#343
    892   ldvar_super_  body_vz
    897   [ <?> ] Type#344
    902   ldvar_  i
    907   ; <<-([[(body_vz, i), -([[(body_vz, i), *(*(dz, |...
          subassign2_1_  
    908   stvar_super_  body_vz
    913   ldvar_for_update_  body_vx
    918   set_shared_  
    919   pop_  
    920   ldvar_  body_vx
    925   dup_  
    926   is_  NonObject
    931   [ _ ] Test#58
    936   brfalse_  37
    941   br_  38
37:
    946   mk_promise_  d
    951   br_  39
38:
    956   ldvar_  j
39:
    961   ; [[(body_vx, j)
          extract2_1_  
    962   [ <?> ] Type#349
    967   visible_  
    968   ldvar_  dx
    973   ldvar_  body_mass
    978   dup_  
    979   is_  NonObject
    984   [ _ ] Test#59
    989   brfalse_  40
    994   br_  41
40:
    999   mk_promise_  e
   1004   br_  42
41:
   1009   ldvar_  i
42:
   1014   ; [[(body_mass, i)
          extract2_1_  
   1015   [ <?> ] Type#354
   1020   visible_  
   1021   ; *(dx, [[(body_mass, i))
          mul_  
   1022   [ <?> ] Type#355
   1027   ldvar_  mag
   1032   ; *(*(dx, [[(body_mass, i)), mag)
          mul_  
   1033   [ <?> ] Type#357
   1038   ; +([[(body_vx, j), *(*(dx, [[(body_mass, i)), mag))
          add_  
   1039   [ <?> ] Type#358
   1044   ldvar_super_  body_vx
   1049   [ <?> ] Type#359
   1054   ldvar_  j
   1059   ; <<-([[(body_vx, j), +([[(body_vx, j), *(*(dx, |...
          subassign2_1_  
   1060   stvar_super_  body_vx
   1065   ldvar_for_update_  body_vy
   1070   set_shared_  
   1071   pop_  
   1072   ldvar_  body_vy
   1077   dup_  
   1078   is_  NonObject
   1083   [ _ ] Test#60
   1088   brfalse_  43
   1093   br_  44
43:
   1098   mk_promise_  f
   1103   br_  45
44:
   1108   ldvar_  j
45:
   1113   ; [[(body_vy, j)
          extract2_1_  
   1114   [ <?> ] Type#364
   1119   visible_  
   1120   ldvar_  dy
   1125   ldvar_  body_mass
   1130   dup_  
   1131   is_  NonObject
   1136   [ _ ] Test#61
   1141   brfalse_  46
   1146   br_  47
46:
   1151   mk_promise_  10
   1156   br_  48
47:
   1161   ldvar_  i
48:
   1166   ; [[(body_mass, i)
          extract2_1_  
   1167   [ <?> ] Type#369
   1172   visible_  
   1173   ; *(dy, [[(body_mass, i))
          mul_  
   1174   [ <?> ] Type#370
   1179   ldvar_  mag
   1184   ; *(*(dy, [[(body_mass, i)), mag)
          mul_  
   1185   [ <?> ] Type#372
   1190   ; +([[(body_vy, j), *(*(dy, [[(body_mass, i)), mag))
          add_  
   1191   [ <?> ] Type#373
   1196   ldvar_super_  body_vy
   1201   [ <?> ] Type#374
   1206   ldvar_  j
   1211   ; <<-([[(body_vy, j), +([[(body_vy, j), *(*(dy, |...
          subassign2_1_  
   1212   stvar_super_  body_vy
   1217   ldvar_for_update_  body_vz
   1222   set_shared_  
   1223   pop_  
   1224   ldvar_  body_vz
   1229   dup_  
   1230   is_  NonObject
   1235   [ _ ] Test#62
   1240   brfalse_  49
   1245   br_  50
49:
   1250   mk_promise_  11
   1255   br_  51
50:
   1260   ldvar_  j
51:
   1265   ; [[(body_vz, j)
          extract2_1_  
   1266   [ <?> ] Type#379
   1271   visible_  
   1272   ldvar_  dz
   1277   ldvar_  body_mass
   1282   dup_  
   1283   is_  NonObject
   1288   [ _ ] Test#63
   1293   brfalse_  52
   1298   br_  53
52:
   1303   mk_promise_  12
   1308   br_  54
53:
   1313   ldvar_  i
54:
   1318   ; [[(body_mass, i)
          extract2_1_  
   1319   [ <?> ] Type#384
   1324   visible_  
   1325   ; *(dz, [[(body_mass, i))
          mul_  
   1326   [ <?> ] Type#385
   1331   ldvar_  mag
   1336   ; *(*(dz, [[(body_mass, i)), mag)
          mul_  
   1337   [ <?> ] Type#387
   1342   ; +([[(body_vz, j), *(*(dz, [[(body_mass, i)), mag))
          add_  
   1343   [ <?> ] Type#388
   1348   dup_  
   1349   set_shared_  
   1350   ldvar_super_  body_vz
   1355   [ <?> ] Type#389
   1360   ldvar_  j
   1365   ; <<-([[(body_vz, j), +([[(body_vz, j), *(*(dz, |...
          subassign2_1_  
   1366   stvar_super_  body_vz
   1371   invisible_  
   1372   ret_  

[Prom (index 23.3.0)]
0:
      0   ldvar_  i
      5   [ <?> ] Type#256
     10   ret_  

[Prom (index 23.3.1)]
0:
      0   ldvar_  j
      5   [ <?> ] Type#260
     10   ret_  

[Prom (index 23.3.2)]
0:
      0   ldvar_  i
      5   [ <?> ] Type#265
     10   ret_  

[Prom (index 23.3.3)]
0:
      0   ldvar_  j
      5   [ <?> ] Type#269
     10   ret_  

[Prom (index 23.3.4)]
0:
      0   ldvar_  i
      5   [ <?> ] Type#274
     10   ret_  

[Prom (index 23.3.5)]
0:
      0   ldvar_  j
      5   [ <?> ] Type#278
     10   ret_  

[Prom (index 23.3.6)]
0:
      0   ldvar_  dx
      5   [ <?> ] Type#282
     10   ldvar_  dx
     15   ; *(dx, dx)
          mul_  
     16   [ <?> ] Type#284
     21   ldvar_  dy
     26   [ <?> ] Type#285
     31   ldvar_  dy
     36   ; *(dy, dy)
          mul_  
     37   [ <?> ] Type#287
     42   ; +(*(dx, dx), *(dy, dy))
          add_  
     43   [ <?> ] Type#288
     48   ldvar_  dz
     53   [ <?> ] Type#289
     58   ldvar_  dz
     63   ; *(dz, dz)
          mul_  
     64   [ <?> ] Type#291
     69   ; +(+(*(dx, dx), *(dy, dy)), *(dz, dz))
          add_  
     70   [ <?> ] Type#292
     75   ret_  

[Prom (index 23.3.7)]
0:
      0   ldvar_  i
      5   [ <?> ] Type#302
     10   ret_  

[Prom (index 23.3.8)]
0:
      0   ldvar_  j
      5   [ <?> ] Type#307
     10   ret_  

[Prom (index 23.3.9)]
0:
      0   ldvar_  i
      5   [ <?> ] Type#317
     10   ret_  

[Prom (index 23.3.10)]
0:
      0   ldvar_  j
      5   [ <?> ] Type#322
     10   ret_  

[Prom (index 23.3.11)]
0:
      0   ldvar_  i
      5   [ <?> ] Type#332
     10   ret_  

[Prom (index 23.3.12)]
0:
      0   ldvar_  j
      5   [ <?> ] Type#337
     10   ret_  

[Prom (index 23.3.13)]
0:
      0   ldvar_  j
      5   [ <?> ] Type#347
     10   ret_  

[Prom (index 23.3.14)]
0:
      0   ldvar_  i
      5   [ <?> ] Type#352
     10   ret_  

[Prom (index 23.3.15)]
0:
      0   ldvar_  j
      5   [ <?> ] Type#362
     10   ret_  

[Prom (index 23.3.16)]
0:
      0   ldvar_  i
      5   [ <?> ] Type#367
     10   ret_  

[Prom (index 23.3.17)]
0:
      0   ldvar_  j
      5   [ <?> ] Type#377
     10   ret_  

[Prom (index 23.3.18)]
0:
      0   ldvar_  i
      5   [ <?> ] Type#382
     10   ret_  

[Prom (index 23.4)]
0:
      0   ldvar_  i
      5   [ <?> ] Type#395
     10   ret_  

[Prom (index 23.5)]
0:
      0   ldvar_  j
      5   [ <?> ] Type#399
     10   ret_  

[Prom (index 23.6)]
0:
      0   ldvar_  i
      5   [ <?> ] Type#404
     10   ret_  

[Prom (index 23.7)]
0:
      0   ldvar_  j
      5   [ <?> ] Type#408
     10   ret_  

[Prom (index 23.8)]
0:
      0   ldvar_  i
      5   [ <?> ] Type#413
     10   ret_  

[Prom (index 23.9)]
0:
      0   ldvar_  j
      5   [ <?> ] Type#417
     10   ret_  

[Prom (index 23.10)]
0:
      0   ldvar_  dx
      5   [ <?> ] Type#421
     10   ldvar_  dx
     15   ; *(dx, dx)
          mul_  
     16   [ <?> ] Type#423
     21   ldvar_  dy
     26   [ <?> ] Type#424
     31   ldvar_  dy
     36   ; *(dy, dy)
          mul_  
     37   [ <?> ] Type#426
     42   ; +(*(dx, dx), *(dy, dy))
          add_  
     43   [ <?> ] Type#427
     48   ldvar_  dz
     53   [ <?> ] Type#428
     58   ldvar_  dz
     63   ; *(dz, dz)
          mul_  
     64   [ <?> ] Type#430
     69   ; +(+(*(dx, dx), *(dy, dy)), *(dz, dz))
          add_  
     70   [ <?> ] Type#431
     75   ret_  

[Prom (index 23.11)]
0:
      0   ldvar_  i
      5   [ <?> ] Type#441
     10   ret_  

[Prom (index 23.12)]
0:
      0   ldvar_  j
      5   [ <?> ] Type#446
     10   ret_  

[Prom (index 23.13)]
0:
      0   ldvar_  i
      5   [ <?> ] Type#456
     10   ret_  

[Prom (index 23.14)]
0:
      0   ldvar_  j
      5   [ <?> ] Type#461
     10   ret_  

[Prom (index 23.15)]
0:
      0   ldvar_  i
      5   [ <?> ] Type#471
     10   ret_  

[Prom (index 23.16)]
0:
      0   ldvar_  j
      5   [ <?> ] Type#476
     10   ret_  

[Prom (index 23.17)]
0:
      0   ldvar_  j
      5   [ <?> ] Type#486
     10   ret_  

[Prom (index 23.18)]
0:
      0   ldvar_  i
      5   [ <?> ] Type#491
     10   ret_  

[Prom (index 23.19)]
0:
      0   ldvar_  j
      5   [ <?> ] Type#501
     10   ret_  

[Prom (index 23.20)]
0:
      0   ldvar_  i
      5   [ <?> ] Type#506
     10   ret_  

[Prom (index 23.21)]
0:
      0   ldvar_  j
      5   [ <?> ] Type#516
     10   ret_  

[Prom (index 23.22)]
0:
      0   ldvar_  i
      5   [ <?> ] Type#521
     10   ret_  

[Prom (index 23.23)]
0:
      0   ldvar_  i
      5   [ <?> ] Type#531
     10   ret_  

[Prom (index 23.24)]
0:
      0   ldvar_  j
      5   [ <?> ] Type#535
     10   ret_  

[Prom (index 23.25)]
0:
      0   ldvar_  i
      5   [ <?> ] Type#540
     10   ret_  

[Prom (index 23.26)]
0:
      0   ldvar_  j
      5   [ <?> ] Type#544
     10   ret_  

[Prom (index 23.27)]
0:
      0   ldvar_  i
      5   [ <?> ] Type#549
     10   ret_  

[Prom (index 23.28)]
0:
      0   ldvar_  j
      5   [ <?> ] Type#553
     10   ret_  

[Prom (index 23.29)]
0:
      0   ldvar_  dx
      5   [ <?> ] Type#557
     10   ldvar_  dx
     15   ; *(dx, dx)
          mul_  
     16   [ <?> ] Type#559
     21   ldvar_  dy
     26   [ <?> ] Type#560
     31   ldvar_  dy
     36   ; *(dy, dy)
          mul_  
     37   [ <?> ] Type#562
     42   ; +(*(dx, dx), *(dy, dy))
          add_  
     43   [ <?> ] Type#563
     48   ldvar_  dz
     53   [ <?> ] Type#564
     58   ldvar_  dz
     63   ; *(dz, dz)
          mul_  
     64   [ <?> ] Type#566
     69   ; +(+(*(dx, dx), *(dy, dy)), *(dz, dz))
          add_  
     70   [ <?> ] Type#567
     75   ret_  

[Prom (index 23.30)]
0:
      0   ldvar_  i
      5   [ <?> ] Type#577
     10   ret_  

[Prom (index 23.31)]
0:
      0   ldvar_  j
      5   [ <?> ] Type#582
     10   ret_  

[Prom (index 23.32)]
0:
      0   ldvar_  i
      5   [ <?> ] Type#592
     10   ret_  

[Prom (index 23.33)]
0:
      0   ldvar_  j
      5   [ <?> ] Type#597
     10   ret_  

[Prom (index 23.34)]
0:
      0   ldvar_  i
      5   [ <?> ] Type#607
     10   ret_  

[Prom (index 23.35)]
0:
      0   ldvar_  j
      5   [ <?> ] Type#612
     10   ret_  

[Prom (index 23.36)]
0:
      0   ldvar_  j
      5   [ <?> ] Type#622
     10   ret_  

[Prom (index 23.37)]
0:
      0   ldvar_  i
      5   [ <?> ] Type#627
     10   ret_  

[Prom (index 23.38)]
0:
      0   ldvar_  j
      5   [ <?> ] Type#637
     10   ret_  

[Prom (index 23.39)]
0:
      0   ldvar_  i
      5   [ <?> ] Type#642
     10   ret_  

[Prom (index 23.40)]
0:
      0   ldvar_  j
      5   [ <?> ] Type#652
     10   ret_  

[Prom (index 23.41)]
0:
      0   ldvar_  i
      5   [ <?> ] Type#657
     10   ret_  

[Prom (index 24)]
0:
      0   ldvar_  i
      5   [ <?> ] Type#668
     10   push_  1
     15   visible_  
     16   ; +(i, 1)
          add_  
     17   [ <?> ] Type#669
     22   ret_  

[Prom (index 25)]
0:
      0   ldvar_  n_bodies
      5   [ <?> ] Type#670
     10   ret_  

[Prom (index 26)]
0:
      0   ldvar_  j_from
      5   [ <?> ] Type#677
     10   ldvar_  n_bodies
     15   [ <?> ] Type#678
     20   ; :(j_from, n_bodies)
          colon_  
     21   [ <?> ] Type#679
     26   ret_  

[Prom (index 27)]
0:
      0   ldvar_  body_x
      5   [ <?> ] Type#680
     10   dup_  
     11   is_  NonObject
     16   [ _ ] Test#105
     21   brfalse_  1
     26   br_  2
1:
     31   mk_promise_  0
     36   br_  3
2:
     41   ldvar_  i
     46   [ <?> ] Type#682
3:
     51   ; [[(body_x, i)
          extract2_1_  
     52   [ <?> ] Type#683
     57   visible_  
     58   ldvar_  body_x
     63   dup_  
     64   is_  NonObject
     69   [ _ ] Test#106
     74   brfalse_  4
     79   br_  5
4:
     84   mk_promise_  1
     89   br_  6
5:
     94   ldvar_  j
     99   [ <?> ] Type#686
6:
    104   ; [[(body_x, j)
          extract2_1_  
    105   [ <?> ] Type#687
    110   visible_  
    111   ; -([[(body_x, i), [[(body_x, j))
          sub_  
    112   [ <?> ] Type#688
    117   stvar_  dx
    122   ldvar_  body_y
    127   [ <?> ] Type#689
    132   dup_  
    133   is_  NonObject
    138   [ _ ] Test#107
    143   brfalse_  7
    148   br_  8
7:
    153   mk_promise_  2
    158   br_  9
8:
    163   ldvar_  i
9:
    168   ; [[(body_y, i)
          extract2_1_  
    169   [ <?> ] Type#692
    174   visible_  
    175   ldvar_  body_y
    180   dup_  
    181   is_  NonObject
    186   [ _ ] Test#108
    191   brfalse_  10
    196   br_  11
10:
    201   mk_promise_  3
    206   br_  12
11:
    211   ldvar_  j
12:
    216   ; [[(body_y, j)
          extract2_1_  
    217   [ <?> ] Type#696
    222   visible_  
    223   ; -([[(body_y, i), [[(body_y, j))
          sub_  
    224   [ <?> ] Type#697
    229   stvar_  dy
    234   ldvar_  body_z
    239   [ <?> ] Type#698
    244   dup_  
    245   is_  NonObject
    250   [ _ ] Test#109
    255   brfalse_  13
    260   br_  14
13:
    265   mk_promise_  4
    270   br_  15
14:
    275   ldvar_  i
15:
    280   ; [[(body_z, i)
          extract2_1_  
    281   [ <?> ] Type#701
    286   visible_  
    287   ldvar_  body_z
    292   dup_  
    293   is_  NonObject
    298   [ _ ] Test#110
    303   brfalse_  16
    308   br_  17
16:
    313   mk_promise_  5
    318   br_  18
17:
    323   ldvar_  j
18:
    328   ; [[(body_z, j)
          extract2_1_  
    329   [ <?> ] Type#705
    334   visible_  
    335   ; -([[(body_z, i), [[(body_z, j))
          sub_  
    336   [ <?> ] Type#706
    341   stvar_  dz
    346   ldfun_  sqrt
    351   [ 0, <0>, valid  ] Call#8
    356   mk_promise_  6
    361   ; sqrt(+(+(*(dx, dx), *(dy, dy)), *(dz, dz)))
          call_  1
    378   [ <?> ] Type#718
    383   stvar_  distance
    388   ldvar_  dt
    393   [ <?> ] Type#719
    398   ldvar_  distance
    403   ldvar_  distance
    408   ; *(distance, distance)
          mul_  
    409   [ <?> ] Type#722
    414   ldvar_  distance
    419   ; *(*(distance, distance), distance)
          mul_  
    420   [ <?> ] Type#724
    425   visible_  
    426   ; /(dt, ((*(*(distance, distance), distance)))
          div_  
    427   [ <?> ] Type#725
    432   stvar_  mag
    437   ldvar_for_update_  body_vx
    442   set_shared_  
    443   pop_  
    444   ldvar_  body_vx
    449   [ <?> ] Type#726
    454   dup_  
    455   is_  NonObject
    460   [ _ ] Test#111
    465   brfalse_  19
    470   br_  20
19:
    475   mk_promise_  7
    480   br_  21
20:
    485   ldvar_  i
21:
    490   ; [[(body_vx, i)
          extract2_1_  
    491   [ <?> ] Type#729
    496   visible_  
    497   ldvar_  dx
    502   ldvar_  body_mass
    507   [ <?> ] Type#731
    512   dup_  
    513   is_  NonObject
    518   [ _ ] Test#112
    523   brfalse_  22
    528   br_  23
22:
    533   mk_promise_  8
    538   br_  24
23:
    543   ldvar_  j
24:
    548   ; [[(body_mass, j)
          extract2_1_  
    549   [ <?> ] Type#734
    554   visible_  
    555   ; *(dx, [[(body_mass, j))
          mul_  
    556   [ <?> ] Type#735
    561   ldvar_  mag
    566   ; *(*(dx, [[(body_mass, j)), mag)
          mul_  
    567   [ <?> ] Type#737
    572   ; -([[(body_vx, i), *(*(dx, [[(body_mass, j)), mag))
          sub_  
    573   [ <?> ] Type#738
    578   ldvar_super_  body_vx
    583   [ <?> ] Type#739
    588   ldvar_  i
    593   ; <<-([[(body_vx, i), -([[(body_vx, i), *(*(dx, |...
          subassign2_1_  
    594   stvar_super_  body_vx
    599   ldvar_for_update_  body_vy
    604   set_shared_  
    605   pop_  
    606   ldvar_  body_vy
    611   [ <?> ] Type#741
    616   dup_  
    617   is_  NonObject
    622   [ _ ] Test#113
    627   brfalse_  25
    632   br_  26
25:
    637   mk_promise_  9
    642   br_  27
26:
    647   ldvar_  i
27:
    652   ; [[(body_vy, i)
          extract2_1_  
    653   [ <?> ] Type#744
    658   visible_  
    659   ldvar_  dy
    664   ldvar_  body_mass
    669   dup_  
    670   is_  NonObject
    675   [ _ ] Test#114
    680   brfalse_  28
    685   br_  29
28:
    690   mk_promise_  a
    695   br_  30
29:
    700   ldvar_  j
30:
    705   ; [[(body_mass, j)
          extract2_1_  
    706   [ <?> ] Type#749
    711   visible_  
    712   ; *(dy, [[(body_mass, j))
          mul_  
    713   [ <?> ] Type#750
    718   ldvar_  mag
    723   ; *(*(dy, [[(body_mass, j)), mag)
          mul_  
    724   [ <?> ] Type#752
    729   ; -([[(body_vy, i), *(*(dy, [[(body_mass, j)), mag))
          sub_  
    730   [ <?> ] Type#753
    735   ldvar_super_  body_vy
    740   [ <?> ] Type#754
    745   ldvar_  i
    750   ; <<-([[(body_vy, i), -([[(body_vy, i), *(*(dy, |...
          subassign2_1_  
    751   stvar_super_  body_vy
    756   ldvar_for_update_  body_vz
    761   set_shared_  
    762   pop_  
    763   ldvar_  body_vz
    768   [ <?> ] Type#756
    773   dup_  
    774   is_  NonObject
    779   [ _ ] Test#115
    784   brfalse_  31
    789   br_  32
31:
    794   mk_promise_  b
    799   br_  33
32:
    804   ldvar_  i
33:
    809   ; [[(body_vz, i)
          extract2_1_  
    810   [ <?> ] Type#759
    815   visible_  
    816   ldvar_  dz
    821   ldvar_  body_mass
    826   dup_  
    827   is_  NonObject
    832   [ _ ] Test#116
    837   brfalse_  34
    842   br_  35
34:
    847   mk_promise_  c
    852   br_  36
35:
    857   ldvar_  j
36:
    862   ; [[(body_mass, j)
          extract2_1_  
    863   [ <?> ] Type#764
    868   visible_  
    869   ; *(dz, [[(body_mass, j))
          mul_  
    870   [ <?> ] Type#765
    875   ldvar_  mag
    880   ; *(*(dz, [[(body_mass, j)), mag)
          mul_  
    881   [ <?> ] Type#767
    886   ; -([[(body_vz, i), *(*(dz, [[(body_mass, j)), mag))
          sub_  
    887   [ <?> ] Type#768
    892   ldvar_super_  body_vz
    897   [ <?> ] Type#769
    902   ldvar_  i
    907   ; <<-([[(body_vz, i), -([[(body_vz, i), *(*(dz, |...
          subassign2_1_  
    908   stvar_super_  body_vz
    913   ldvar_for_update_  body_vx
    918   set_shared_  
    919   pop_  
    920   ldvar_  body_vx
    925   dup_  
    926   is_  NonObject
    931   [ _ ] Test#117
    936   brfalse_  37
    941   br_  38
37:
    946   mk_promise_  d
    951   br_  39
38:
    956   ldvar_  j
39:
    961   ; [[(body_vx, j)
          extract2_1_  
    962   [ <?> ] Type#774
    967   visible_  
    968   ldvar_  dx
    973   ldvar_  body_mass
    978   dup_  
    979   is_  NonObject
    984   [ _ ] Test#118
    989   brfalse_  40
    994   br_  41
40:
    999   mk_promise_  e
   1004   br_  42
41:
   1009   ldvar_  i
42:
   1014   ; [[(body_mass, i)
          extract2_1_  
   1015   [ <?> ] Type#779
   1020   visible_  
   1021   ; *(dx, [[(body_mass, i))
          mul_  
   1022   [ <?> ] Type#780
   1027   ldvar_  mag
   1032   ; *(*(dx, [[(body_mass, i)), mag)
          mul_  
   1033   [ <?> ] Type#782
   1038   ; +([[(body_vx, j), *(*(dx, [[(body_mass, i)), mag))
          add_  
   1039   [ <?> ] Type#783
   1044   ldvar_super_  body_vx
   1049   [ <?> ] Type#784
   1054   ldvar_  j
   1059   ; <<-([[(body_vx, j), +([[(body_vx, j), *(*(dx, |...
          subassign2_1_  
   1060   stvar_super_  body_vx
   1065   ldvar_for_update_  body_vy
   1070   set_shared_  
   1071   pop_  
   1072   ldvar_  body_vy
   1077   dup_  
   1078   is_  NonObject
   1083   [ _ ] Test#119
   1088   brfalse_  43
   1093   br_  44
43:
   1098   mk_promise_  f
   1103   br_  45
44:
   1108   ldvar_  j
45:
   1113   ; [[(body_vy, j)
          extract2_1_  
   1114   [ <?> ] Type#789
   1119   visible_  
   1120   ldvar_  dy
   1125   ldvar_  body_mass
   1130   dup_  
   1131   is_  NonObject
   1136   [ _ ] Test#120
   1141   brfalse_  46
   1146   br_  47
46:
   1151   mk_promise_  10
   1156   br_  48
47:
   1161   ldvar_  i
48:
   1166   ; [[(body_mass, i)
          extract2_1_  
   1167   [ <?> ] Type#794
   1172   visible_  
   1173   ; *(dy, [[(body_mass, i))
          mul_  
   1174   [ <?> ] Type#795
   1179   ldvar_  mag
   1184   ; *(*(dy, [[(body_mass, i)), mag)
          mul_  
   1185   [ <?> ] Type#797
   1190   ; +([[(body_vy, j), *(*(dy, [[(body_mass, i)), mag))
          add_  
   1191   [ <?> ] Type#798
   1196   ldvar_super_  body_vy
   1201   [ <?> ] Type#799
   1206   ldvar_  j
   1211   ; <<-([[(body_vy, j), +([[(body_vy, j), *(*(dy, |...
          subassign2_1_  
   1212   stvar_super_  body_vy
   1217   ldvar_for_update_  body_vz
   1222   set_shared_  
   1223   pop_  
   1224   ldvar_  body_vz
   1229   dup_  
   1230   is_  NonObject
   1235   [ _ ] Test#121
   1240   brfalse_  49
   1245   br_  50
49:
   1250   mk_promise_  11
   1255   br_  51
50:
   1260   ldvar_  j
51:
   1265   ; [[(body_vz, j)
          extract2_1_  
   1266   [ <?> ] Type#804
   1271   visible_  
   1272   ldvar_  dz
   1277   ldvar_  body_mass
   1282   dup_  
   1283   is_  NonObject
   1288   [ _ ] Test#122
   1293   brfalse_  52
   1298   br_  53
52:
   1303   mk_promise_  12
   1308   br_  54
53:
   1313   ldvar_  i
54:
   1318   ; [[(body_mass, i)
          extract2_1_  
   1319   [ <?> ] Type#809
   1324   visible_  
   1325   ; *(dz, [[(body_mass, i))
          mul_  
   1326   [ <?> ] Type#810
   1331   ldvar_  mag
   1336   ; *(*(dz, [[(body_mass, i)), mag)
          mul_  
   1337   [ <?> ] Type#812
   1342   ; +([[(body_vz, j), *(*(dz, [[(body_mass, i)), mag))
          add_  
   1343   [ <?> ] Type#813
   1348   dup_  
   1349   set_shared_  
   1350   ldvar_super_  body_vz
   1355   [ <?> ] Type#814
   1360   ldvar_  j
   1365   ; <<-([[(body_vz, j), +([[(body_vz, j), *(*(dz, |...
          subassign2_1_  
   1366   stvar_super_  body_vz
   1371   invisible_  
   1372   ret_  

[Prom (index 27.0)]
0:
      0   ldvar_  i
      5   [ <?> ] Type#681
     10   ret_  

[Prom (index 27.1)]
0:
      0   ldvar_  j
      5   [ <?> ] Type#685
     10   ret_  

[Prom (index 27.2)]
0:
      0   ldvar_  i
      5   [ <?> ] Type#690
     10   ret_  

[Prom (index 27.3)]
0:
      0   ldvar_  j
      5   [ <?> ] Type#694
     10   ret_  

[Prom (index 27.4)]
0:
      0   ldvar_  i
      5   [ <?> ] Type#699
     10   ret_  

[Prom (index 27.5)]
0:
      0   ldvar_  j
      5   [ <?> ] Type#703
     10   ret_  

[Prom (index 27.6)]
0:
      0   ldvar_  dx
      5   [ <?> ] Type#707
     10   ldvar_  dx
     15   ; *(dx, dx)
          mul_  
     16   [ <?> ] Type#709
     21   ldvar_  dy
     26   [ <?> ] Type#710
     31   ldvar_  dy
     36   ; *(dy, dy)
          mul_  
     37   [ <?> ] Type#712
     42   ; +(*(dx, dx), *(dy, dy))
          add_  
     43   [ <?> ] Type#713
     48   ldvar_  dz
     53   [ <?> ] Type#714
     58   ldvar_  dz
     63   ; *(dz, dz)
          mul_  
     64   [ <?> ] Type#716
     69   ; +(+(*(dx, dx), *(dy, dy)), *(dz, dz))
          add_  
     70   [ <?> ] Type#717
     75   ret_  

[Prom (index 27.7)]
0:
      0   ldvar_  i
      5   [ <?> ] Type#727
     10   ret_  

[Prom (index 27.8)]
0:
      0   ldvar_  j
      5   [ <?> ] Type#732
     10   ret_  

[Prom (index 27.9)]
0:
      0   ldvar_  i
      5   [ <?> ] Type#742
     10   ret_  

[Prom (index 27.10)]
0:
      0   ldvar_  j
      5   [ <?> ] Type#747
     10   ret_  

[Prom (index 27.11)]
0:
      0   ldvar_  i
      5   [ <?> ] Type#757
     10   ret_  

[Prom (index 27.12)]
0:
      0   ldvar_  j
      5   [ <?> ] Type#762
     10   ret_  

[Prom (index 27.13)]
0:
      0   ldvar_  j
      5   [ <?> ] Type#772
     10   ret_  

[Prom (index 27.14)]
0:
      0   ldvar_  i
      5   [ <?> ] Type#777
     10   ret_  

[Prom (index 27.15)]
0:
      0   ldvar_  j
      5   [ <?> ] Type#787
     10   ret_  

[Prom (index 27.16)]
0:
      0   ldvar_  i
      5   [ <?> ] Type#792
     10   ret_  

[Prom (index 27.17)]
0:
      0   ldvar_  j
      5   [ <?> ] Type#802
     10   ret_  

[Prom (index 27.18)]
0:
      0   ldvar_  i
      5   [ <?> ] Type#807
     10   ret_  

[Prom (index 28)]
0:
      0   ldvar_  i
      5   [ <?> ] Type#819
     10   ret_  

[Prom (index 29)]
0:
      0   ldvar_  j
      5   [ <?> ] Type#823
     10   ret_  

[Prom (index 30)]
0:
      0   ldvar_  i
      5   [ <?> ] Type#828
     10   ret_  

[Prom (index 31)]
0:
      0   ldvar_  j
      5   [ <?> ] Type#832
     10   ret_  

[Prom (index 32)]
0:
      0   ldvar_  i
      5   [ <?> ] Type#837
     10   ret_  

[Prom (index 33)]
0:
      0   ldvar_  j
      5   [ <?> ] Type#841
     10   ret_  

[Prom (index 34)]
0:
      0   ldvar_  dx
      5   [ <?> ] Type#845
     10   ldvar_  dx
     15   ; *(dx, dx)
          mul_  
     16   [ <?> ] Type#847
     21   ldvar_  dy
     26   [ <?> ] Type#848
     31   ldvar_  dy
     36   ; *(dy, dy)
          mul_  
     37   [ <?> ] Type#850
     42   ; +(*(dx, dx), *(dy, dy))
          add_  
     43   [ <?> ] Type#851
     48   ldvar_  dz
     53   [ <?> ] Type#852
     58   ldvar_  dz
     63   ; *(dz, dz)
          mul_  
     64   [ <?> ] Type#854
     69   ; +(+(*(dx, dx), *(dy, dy)), *(dz, dz))
          add_  
     70   [ <?> ] Type#855
     75   ret_  

[Prom (index 35)]
0:
      0   ldvar_  i
      5   [ <?> ] Type#876
     10   ret_  

[Prom (index 36)]
0:
      0   ldvar_  j
      5   [ <?> ] Type#881
     10   ret_  

[Prom (index 37)]
0:
      0   ldvar_  i
      5   [ <?> ] Type#891
     10   ret_  

[Prom (index 38)]
0:
      0   ldvar_  j
      5   [ <?> ] Type#896
     10   ret_  

[Prom (index 39)]
0:
      0   ldvar_  i
      5   [ <?> ] Type#906
     10   ret_  

[Prom (index 40)]
0:
      0   ldvar_  j
      5   [ <?> ] Type#911
     10   ret_  

[Prom (index 41)]
0:
      0   ldvar_  j
      5   [ <?> ] Type#921
     10   ret_  

[Prom (index 42)]
0:
      0   ldvar_  i
      5   [ <?> ] Type#926
     10   ret_  

[Prom (index 43)]
0:
      0   ldvar_  j
      5   [ <?> ] Type#936
     10   ret_  

[Prom (index 44)]
0:
      0   ldvar_  i
      5   [ <?> ] Type#941
     10   ret_  

[Prom (index 45)]
0:
      0   ldvar_  j
      5   [ <?> ] Type#951
     10   ret_  

[Prom (index 46)]
0:
      0   ldvar_  i
      5   [ <?> ] Type#956
     10   ret_  

[Prom (index 47)]
0:
      0   ldvar_  i
      5   [ <?> ] Type#966
     10   ret_  

[Prom (index 48)]
0:
      0   ldvar_  j
      5   [ <?> ] Type#970
     10   ret_  

[Prom (index 49)]
0:
      0   ldvar_  i
      5   [ <?> ] Type#975
     10   ret_  

[Prom (index 50)]
0:
      0   ldvar_  j
      5   [ <?> ] Type#979
     10   ret_  

[Prom (index 51)]
0:
      0   ldvar_  i
      5   [ <?> ] Type#984
     10   ret_  

[Prom (index 52)]
0:
      0   ldvar_  j
      5   [ <?> ] Type#988
     10   ret_  

[Prom (index 53)]
0:
      0   ldvar_  dx
      5   [ <?> ] Type#992
     10   ldvar_  dx
     15   ; *(dx, dx)
          mul_  
     16   [ <?> ] Type#994
     21   ldvar_  dy
     26   [ <?> ] Type#995
     31   ldvar_  dy
     36   ; *(dy, dy)
          mul_  
     37   [ <?> ] Type#997
     42   ; +(*(dx, dx), *(dy, dy))
          add_  
     43   [ <?> ] Type#998
     48   ldvar_  dz
     53   [ <?> ] Type#999
     58   ldvar_  dz
     63   ; *(dz, dz)
          mul_  
     64   [ <?> ] Type#1001
     69   ; +(+(*(dx, dx), *(dy, dy)), *(dz, dz))
          add_  
     70   [ <?> ] Type#1002
     75   ret_  

[Prom (index 54)]
0:
      0   ldvar_  i
      5   [ <?> ] Type#1023
     10   ret_  

[Prom (index 55)]
0:
      0   ldvar_  j
      5   [ <?> ] Type#1028
     10   ret_  

[Prom (index 56)]
0:
      0   ldvar_  i
      5   [ <?> ] Type#1038
     10   ret_  

[Prom (index 57)]
0:
      0   ldvar_  j
      5   [ <?> ] Type#1043
     10   ret_  

[Prom (index 58)]
0:
      0   ldvar_  i
      5   [ <?> ] Type#1053
     10   ret_  

[Prom (index 59)]
0:
      0   ldvar_  j
      5   [ <?> ] Type#1058
     10   ret_  

[Prom (index 60)]
0:
      0   ldvar_  j
      5   [ <?> ] Type#1068
     10   ret_  

[Prom (index 61)]
0:
      0   ldvar_  i
      5   [ <?> ] Type#1073
     10   ret_  

[Prom (index 62)]
0:
      0   ldvar_  j
      5   [ <?> ] Type#1083
     10   ret_  

[Prom (index 63)]
0:
      0   ldvar_  i
      5   [ <?> ] Type#1088
     10   ret_  

[Prom (index 64)]
0:
      0   ldvar_  j
      5   [ <?> ] Type#1098
     10   ret_  

[Prom (index 65)]
0:
      0   ldvar_  i
      5   [ <?> ] Type#1103
     10   ret_  

[Prom (index 66)]
0:
      0   push_  1
      5   visible_  
      6   ldvar_  n_bodies
     11   [ <?> ] Type#1113
     16   ; :(1, n_bodies)
          colon_  
     17   [ <?> ] Type#1114
     22   ret_  

[Prom (index 67)]
0:
      0   ldvar_for_update_  body_x
      5   set_shared_  
      6   pop_  
      7   ldvar_  body_x
     12   [ <?> ] Type#1115
     17   dup_  
     18   is_  NonObject
     23   [ _ ] Test#164
     28   brfalse_  1
     33   br_  2
1:
     38   mk_promise_  0
     43   br_  3
2:
     48   ldvar_  i
     53   [ <?> ] Type#1117
3:
     58   ; [[(body_x, i)
          extract2_1_  
     59   [ <?> ] Type#1118
     64   visible_  
     65   ldvar_  dt
     70   [ <?> ] Type#1119
     75   ldvar_  body_vx
     80   [ <?> ] Type#1120
     85   dup_  
     86   is_  NonObject
     91   [ _ ] Test#165
     96   brfalse_  4
    101   br_  5
4:
    106   mk_promise_  1
    111   br_  6
5:
    116   ldvar_  i
6:
    121   ; [[(body_vx, i)
          extract2_1_  
    122   [ <?> ] Type#1123
    127   visible_  
    128   ; *(dt, [[(body_vx, i))
          mul_  
    129   [ <?> ] Type#1124
    134   ; +([[(body_x, i), *(dt, [[(body_vx, i)))
          add_  
    135   [ <?> ] Type#1125
    140   ldvar_super_  body_x
    145   [ <?> ] Type#1126
    150   ldvar_  i
    155   ; <<-([[(body_x, i), +([[(body_x, i), *(dt, [[(b|...
          subassign2_1_  
    156   stvar_super_  body_x
    161   ldvar_for_update_  body_y
    166   set_shared_  
    167   pop_  
    168   ldvar_  body_y
    173   [ <?> ] Type#1128
    178   dup_  
    179   is_  NonObject
    184   [ _ ] Test#166
    189   brfalse_  7
    194   br_  8
7:
    199   mk_promise_  2
    204   br_  9
8:
    209   ldvar_  i
9:
    214   ; [[(body_y, i)
          extract2_1_  
    215   [ <?> ] Type#1131
    220   visible_  
    221   ldvar_  dt
    226   ldvar_  body_vy
    231   [ <?> ] Type#1133
    236   dup_  
    237   is_  NonObject
    242   [ _ ] Test#167
    247   brfalse_  10
    252   br_  11
10:
    257   mk_promise_  3
    262   br_  12
11:
    267   ldvar_  i
12:
    272   ; [[(body_vy, i)
          extract2_1_  
    273   [ <?> ] Type#1136
    278   visible_  
    279   ; *(dt, [[(body_vy, i))
          mul_  
    280   [ <?> ] Type#1137
    285   ; +([[(body_y, i), *(dt, [[(body_vy, i)))
          add_  
    286   [ <?> ] Type#1138
    291   ldvar_super_  body_y
    296   [ <?> ] Type#1139
    301   ldvar_  i
    306   ; <<-([[(body_y, i), +([[(body_y, i), *(dt, [[(b|...
          subassign2_1_  
    307   stvar_super_  body_y
    312   ldvar_for_update_  body_z
    317   set_shared_  
    318   pop_  
    319   ldvar_  body_z
    324   [ <?> ] Type#1141
    329   dup_  
    330   is_  NonObject
    335   [ _ ] Test#168
    340   brfalse_  13
    345   br_  14
13:
    350   mk_promise_  4
    355   br_  15
14:
    360   ldvar_  i
15:
    365   ; [[(body_z, i)
          extract2_1_  
    366   [ <?> ] Type#1144
    371   visible_  
    372   ldvar_  dt
    377   ldvar_  body_vz
    382   [ <?> ] Type#1146
    387   dup_  
    388   is_  NonObject
    393   [ _ ] Test#169
    398   brfalse_  16
    403   br_  17
16:
    408   mk_promise_  5
    413   br_  18
17:
    418   ldvar_  i
18:
    423   ; [[(body_vz, i)
          extract2_1_  
    424   [ <?> ] Type#1149
    429   visible_  
    430   ; *(dt, [[(body_vz, i))
          mul_  
    431   [ <?> ] Type#1150
    436   ; +([[(body_z, i), *(dt, [[(body_vz, i)))
          add_  
    437   [ <?> ] Type#1151
    442   dup_  
    443   set_shared_  
    444   ldvar_super_  body_z
    449   [ <?> ] Type#1152
    454   ldvar_  i
    459   ; <<-([[(body_z, i), +([[(body_z, i), *(dt, [[(b|...
          subassign2_1_  
    460   stvar_super_  body_z
    465   invisible_  
    466   ret_  

[Prom (index 67.0)]
0:
      0   ldvar_  i
      5   [ <?> ] Type#1116
     10   ret_  

[Prom (index 67.1)]
0:
      0   ldvar_  i
      5   [ <?> ] Type#1121
     10   ret_  

[Prom (index 67.2)]
0:
      0   ldvar_  i
      5   [ <?> ] Type#1129
     10   ret_  

[Prom (index 67.3)]
0:
      0   ldvar_  i
      5   [ <?> ] Type#1134
     10   ret_  

[Prom (index 67.4)]
0:
      0   ldvar_  i
      5   [ <?> ] Type#1142
     10   ret_  

[Prom (index 67.5)]
0:
      0   ldvar_  i
      5   [ <?> ] Type#1147
     10   ret_  

[Prom (index 68)]
0:
      0   ldvar_  i
      5   [ <?> ] Type#1158
     10   ret_  

[Prom (index 69)]
0:
      0   ldvar_  i
      5   [ <?> ] Type#1163
     10   ret_  

[Prom (index 70)]
0:
      0   ldvar_  i
      5   [ <?> ] Type#1171
     10   ret_  

[Prom (index 71)]
0:
      0   ldvar_  i
      5   [ <?> ] Type#1176
     10   ret_  

[Prom (index 72)]
0:
      0   ldvar_  i
      5   [ <?> ] Type#1184
     10   ret_  

[Prom (index 73)]
0:
      0   ldvar_  i
      5   [ <?> ] Type#1189
     10   ret_  

[Prom (index 74)]
0:
      0   ldvar_  i
      5   [ <?> ] Type#1197
     10   ret_  

[Prom (index 75)]
0:
      0   ldvar_  i
      5   [ <?> ] Type#1202
     10   ret_  

[Prom (index 76)]
0:
      0   ldvar_  i
      5   [ <?> ] Type#1210
     10   ret_  

[Prom (index 77)]
0:
      0   ldvar_  i
      5   [ <?> ] Type#1215
     10   ret_  

[Prom (index 78)]
0:
      0   ldvar_  i
      5   [ <?> ] Type#1223
     10   ret_  

[Prom (index 79)]
0:
      0   ldvar_  i
      5   [ <?> ] Type#1228
     10   ret_  

NoRecord Type#19 (dep: #15)
NoRecord Type#25 (dep: #17)
NoRecord Type#26 (dep: #21)
NoRecord Type#29 (dep: #17)
NoRecord Type#31 (dep: #27)
NoRecord Type#33 (dep: #21)
NoRecord Type#37 (dep: #17)
NoRecord Type#38 (dep: #21)
NoRecord Type#41 (dep: #17)
NoRecord Type#43 (dep: #39)
NoRecord Type#45 (dep: #21)
NoRecord Type#49 (dep: #17)
NoRecord Type#50 (dep: #21)
NoRecord Type#58 (dep: #54)
NoRecord Type#64 (dep: #56)
NoRecord Type#65 (dep: #60)
NoRecord Type#68 (dep: #56)
NoRecord Type#70 (dep: #66)
NoRecord Type#72 (dep: #60)
NoRecord Type#76 (dep: #56)
NoRecord Type#77 (dep: #60)
NoRecord Type#80 (dep: #56)
NoRecord Type#82 (dep: #78)
NoRecord Type#84 (dep: #60)
NoRecord Type#88 (dep: #56)
NoRecord Type#89 (dep: #60)
NoRecord Type#94 (dep: #90)
NoRecord Type#100 (dep: #92)
NoRecord Type#101 (dep: #96)
NoRecord Type#104 (dep: #92)
NoRecord Type#106 (dep: #102)
NoRecord Type#108 (dep: #96)
NoRecord Type#112 (dep: #92)
NoRecord Type#113 (dep: #96)
NoRecord Type#116 (dep: #92)
NoRecord Type#118 (dep: #114)
NoRecord Type#120 (dep: #96)
NoRecord Type#124 (dep: #92)
NoRecord Type#125 (dep: #96)
NoRecord Type#135 (dep: #131)
NoRecord Type#141 (dep: #133)
NoRecord Type#142 (dep: #137)
NoRecord Type#145 (dep: #133)
NoRecord Type#147 (dep: #143)
NoRecord Type#149 (dep: #137)
NoRecord Type#153 (dep: #133)
NoRecord Type#154 (dep: #137)
NoRecord Type#157 (dep: #133)
NoRecord Type#159 (dep: #155)
NoRecord Type#161 (dep: #137)
NoRecord Type#165 (dep: #133)
NoRecord Type#166 (dep: #137)
NoRecord Type#173 (dep: #169)
NoRecord Type#179 (dep: #171)
NoRecord Type#180 (dep: #175)
NoRecord Type#183 (dep: #171)
NoRecord Type#185 (dep: #181)
NoRecord Type#187 (dep: #175)
NoRecord Type#191 (dep: #171)
NoRecord Type#192 (dep: #175)
NoRecord Type#195 (dep: #171)
NoRecord Type#197 (dep: #193)
NoRecord Type#199 (dep: #175)
NoRecord Type#203 (dep: #171)
NoRecord Type#204 (dep: #175)
NoRecord Type#209 (dep: #205)
NoRecord Type#215 (dep: #207)
NoRecord Type#216 (dep: #211)
NoRecord Type#219 (dep: #207)
NoRecord Type#221 (dep: #217)
NoRecord Type#223 (dep: #211)
NoRecord Type#227 (dep: #207)
NoRecord Type#228 (dep: #211)
NoRecord Type#231 (dep: #207)
NoRecord Type#233 (dep: #229)
NoRecord Type#235 (dep: #211)
NoRecord Type#239 (dep: #207)
NoRecord Type#240 (dep: #211)
NoRecord Type#241 (dep: #9)
NoRecord Type#250 (dep: #249)
NoRecord Type#259 (dep: #255)
NoRecord Type#266 (dep: #257)
NoRecord Type#268 (dep: #264)
NoRecord Type#270 (dep: #261)
NoRecord Type#275 (dep: #257)
NoRecord Type#277 (dep: #273)
NoRecord Type#279 (dep: #261)
NoRecord Type#283 (dep: #282)
NoRecord Type#286 (dep: #285)
NoRecord Type#290 (dep: #289)
NoRecord Type#295 (dep: #293)
NoRecord Type#296 (dep: #293)
NoRecord Type#298 (dep: #293)
NoRecord Type#303 (dep: #257)
NoRecord Type#305 (dep: #263)
NoRecord Type#308 (dep: #261)
NoRecord Type#311 (dep: #300)
NoRecord Type#315 (dep: #257)
NoRecord Type#318 (dep: #257)
NoRecord Type#320 (dep: #272)
NoRecord Type#321 (dep: #306)
NoRecord Type#323 (dep: #261)
NoRecord Type#326 (dep: #300)
NoRecord Type#330 (dep: #257)
NoRecord Type#333 (dep: #257)
NoRecord Type#335 (dep: #281)
NoRecord Type#336 (dep: #306)
NoRecord Type#338 (dep: #261)
NoRecord Type#341 (dep: #300)
NoRecord Type#345 (dep: #257)
NoRecord Type#346 (dep: #301)
NoRecord Type#348 (dep: #261)
NoRecord Type#350 (dep: #263)
NoRecord Type#351 (dep: #306)
NoRecord Type#353 (dep: #257)
NoRecord Type#356 (dep: #300)
NoRecord Type#360 (dep: #261)
NoRecord Type#361 (dep: #316)
NoRecord Type#363 (dep: #261)
NoRecord Type#365 (dep: #272)
NoRecord Type#366 (dep: #306)
NoRecord Type#368 (dep: #257)
NoRecord Type#371 (dep: #300)
NoRecord Type#375 (dep: #261)
NoRecord Type#376 (dep: #331)
NoRecord Type#378 (dep: #261)
NoRecord Type#380 (dep: #281)
NoRecord Type#381 (dep: #306)
NoRecord Type#383 (dep: #257)
NoRecord Type#386 (dep: #300)
NoRecord Type#390 (dep: #261)
NoRecord Type#398 (dep: #394)
NoRecord Type#405 (dep: #396)
NoRecord Type#407 (dep: #403)
NoRecord Type#409 (dep: #400)
NoRecord Type#414 (dep: #396)
NoRecord Type#416 (dep: #412)
NoRecord Type#418 (dep: #400)
NoRecord Type#422 (dep: #421)
NoRecord Type#425 (dep: #424)
NoRecord Type#429 (dep: #428)
NoRecord Type#434 (dep: #432)
NoRecord Type#435 (dep: #432)
NoRecord Type#437 (dep: #432)
NoRecord Type#442 (dep: #396)
NoRecord Type#444 (dep: #402)
NoRecord Type#447 (dep: #400)
NoRecord Type#450 (dep: #439)
NoRecord Type#454 (dep: #396)
NoRecord Type#457 (dep: #396)
NoRecord Type#459 (dep: #411)
NoRecord Type#460 (dep: #445)
NoRecord Type#462 (dep: #400)
NoRecord Type#465 (dep: #439)
NoRecord Type#469 (dep: #396)
NoRecord Type#472 (dep: #396)
NoRecord Type#474 (dep: #420)
NoRecord Type#475 (dep: #445)
NoRecord Type#477 (dep: #400)
NoRecord Type#480 (dep: #439)
NoRecord Type#484 (dep: #396)
NoRecord Type#485 (dep: #440)
NoRecord Type#487 (dep: #400)
NoRecord Type#489 (dep: #402)
NoRecord Type#490 (dep: #445)
NoRecord Type#492 (dep: #396)
NoRecord Type#495 (dep: #439)
NoRecord Type#499 (dep: #400)
NoRecord Type#500 (dep: #455)
NoRecord Type#502 (dep: #400)
NoRecord Type#504 (dep: #411)
NoRecord Type#505 (dep: #445)
NoRecord Type#507 (dep: #396)
NoRecord Type#510 (dep: #439)
NoRecord Type#514 (dep: #400)
NoRecord Type#515 (dep: #470)
NoRecord Type#517 (dep: #400)
NoRecord Type#519 (dep: #420)
NoRecord Type#520 (dep: #445)
NoRecord Type#522 (dep: #396)
NoRecord Type#525 (dep: #439)
NoRecord Type#529 (dep: #400)
NoRecord Type#534 (dep: #530)
NoRecord Type#541 (dep: #532)
NoRecord Type#543 (dep: #539)
NoRecord Type#545 (dep: #536)
NoRecord Type#550 (dep: #532)
NoRecord Type#552 (dep: #548)
NoRecord Type#554 (dep: #536)
NoRecord Type#558 (dep: #557)
NoRecord Type#561 (dep: #560)
NoRecord Type#565 (dep: #564)
NoRecord Type#570 (dep: #568)
NoRecord Type#571 (dep: #568)
NoRecord Type#573 (dep: #568)
NoRecord Type#578 (dep: #532)
NoRecord Type#580 (dep: #538)
NoRecord Type#583 (dep: #536)
NoRecord Type#586 (dep: #575)
NoRecord Type#590 (dep: #532)
NoRecord Type#593 (dep: #532)
NoRecord Type#595 (dep: #547)
NoRecord Type#596 (dep: #581)
NoRecord Type#598 (dep: #536)
NoRecord Type#601 (dep: #575)
NoRecord Type#605 (dep: #532)
NoRecord Type#608 (dep: #532)
NoRecord Type#610 (dep: #556)
NoRecord Type#611 (dep: #581)
NoRecord Type#613 (dep: #536)
NoRecord Type#616 (dep: #575)
NoRecord Type#620 (dep: #532)
NoRecord Type#621 (dep: #576)
NoRecord Type#623 (dep: #536)
NoRecord Type#625 (dep: #538)
NoRecord Type#626 (dep: #581)
NoRecord Type#628 (dep: #532)
NoRecord Type#631 (dep: #575)
NoRecord Type#635 (dep: #536)
NoRecord Type#636 (dep: #591)
NoRecord Type#638 (dep: #536)
NoRecord Type#640 (dep: #547)
NoRecord Type#641 (dep: #581)
NoRecord Type#643 (dep: #532)
NoRecord Type#646 (dep: #575)
NoRecord Type#650 (dep: #536)
NoRecord Type#651 (dep: #606)
NoRecord Type#653 (dep: #536)
NoRecord Type#655 (dep: #556)
NoRecord Type#656 (dep: #581)
NoRecord Type#658 (dep: #532)
NoRecord Type#661 (dep: #575)
NoRecord Type#665 (dep: #536)
NoRecord Type#675 (dep: #674)
NoRecord Type#676 (dep: #673)
NoRecord Type#684 (dep: #680)
NoRecord Type#691 (dep: #682)
NoRecord Type#693 (dep: #689)
NoRecord Type#695 (dep: #686)
NoRecord Type#700 (dep: #682)
NoRecord Type#702 (dep: #698)
NoRecord Type#704 (dep: #686)
NoRecord Type#708 (dep: #707)
NoRecord Type#711 (dep: #710)
NoRecord Type#715 (dep: #714)
NoRecord Type#720 (dep: #718)
NoRecord Type#721 (dep: #718)
NoRecord Type#723 (dep: #718)
NoRecord Type#728 (dep: #682)
NoRecord Type#730 (dep: #688)
NoRecord Type#733 (dep: #686)
NoRecord Type#736 (dep: #725)
NoRecord Type#740 (dep: #682)
NoRecord Type#743 (dep: #682)
NoRecord Type#745 (dep: #697)
NoRecord Type#746 (dep: #731)
NoRecord Type#748 (dep: #686)
NoRecord Type#751 (dep: #725)
NoRecord Type#755 (dep: #682)
NoRecord Type#758 (dep: #682)
NoRecord Type#760 (dep: #706)
NoRecord Type#761 (dep: #731)
NoRecord Type#763 (dep: #686)
NoRecord Type#766 (dep: #725)
NoRecord Type#770 (dep: #682)
NoRecord Type#771 (dep: #726)
NoRecord Type#773 (dep: #686)
NoRecord Type#775 (dep: #688)
NoRecord Type#776 (dep: #731)
NoRecord Type#778 (dep: #682)
NoRecord Type#781 (dep: #725)
NoRecord Type#785 (dep: #686)
NoRecord Type#786 (dep: #741)
NoRecord Type#788 (dep: #686)
NoRecord Type#790 (dep: #697)
NoRecord Type#791 (dep: #731)
NoRecord Type#793 (dep: #682)
NoRecord Type#796 (dep: #725)
NoRecord Type#800 (dep: #686)
NoRecord Type#801 (dep: #756)
NoRecord Type#803 (dep: #686)
NoRecord Type#805 (dep: #706)
NoRecord Type#806 (dep: #731)
NoRecord Type#808 (dep: #682)
NoRecord Type#811 (dep: #725)
NoRecord Type#815 (dep: #686)
NoRecord Type#822 (dep: #818)
NoRecord Type#829 (dep: #820)
NoRecord Type#831 (dep: #827)
NoRecord Type#833 (dep: #824)
NoRecord Type#838 (dep: #820)
NoRecord Type#840 (dep: #836)
NoRecord Type#842 (dep: #824)
NoRecord Type#846 (dep: #845)
NoRecord Type#849 (dep: #848)
NoRecord Type#853 (dep: #852)
NoRecord Type#856 (dep: #826)
NoRecord Type#857 (dep: #826)
NoRecord Type#859 (dep: #835)
NoRecord Type#860 (dep: #835)
NoRecord Type#863 (dep: #844)
NoRecord Type#864 (dep: #844)
NoRecord Type#869 (dep: #867)
NoRecord Type#870 (dep: #867)
NoRecord Type#872 (dep: #867)
NoRecord Type#877 (dep: #820)
NoRecord Type#879 (dep: #826)
NoRecord Type#882 (dep: #824)
NoRecord Type#885 (dep: #874)
NoRecord Type#889 (dep: #820)
NoRecord Type#892 (dep: #820)
NoRecord Type#894 (dep: #835)
NoRecord Type#895 (dep: #880)
NoRecord Type#897 (dep: #824)
NoRecord Type#900 (dep: #874)
NoRecord Type#904 (dep: #820)
NoRecord Type#907 (dep: #820)
NoRecord Type#909 (dep: #844)
NoRecord Type#910 (dep: #880)
NoRecord Type#912 (dep: #824)
NoRecord Type#915 (dep: #874)
NoRecord Type#919 (dep: #820)
NoRecord Type#920 (dep: #875)
NoRecord Type#922 (dep: #824)
NoRecord Type#924 (dep: #826)
NoRecord Type#925 (dep: #880)
NoRecord Type#927 (dep: #820)
NoRecord Type#930 (dep: #874)
NoRecord Type#934 (dep: #824)
NoRecord Type#935 (dep: #890)
NoRecord Type#937 (dep: #824)
NoRecord Type#939 (dep: #835)
NoRecord Type#940 (dep: #880)
NoRecord Type#942 (dep: #820)
NoRecord Type#945 (dep: #874)
NoRecord Type#949 (dep: #824)
NoRecord Type#950 (dep: #905)
NoRecord Type#952 (dep: #824)
NoRecord Type#954 (dep: #844)
NoRecord Type#955 (dep: #880)
NoRecord Type#957 (dep: #820)
NoRecord Type#960 (dep: #874)
NoRecord Type#964 (dep: #824)
NoRecord Type#969 (dep: #965)
NoRecord Type#976 (dep: #967)
NoRecord Type#978 (dep: #974)
NoRecord Type#980 (dep: #971)
NoRecord Type#985 (dep: #967)
NoRecord Type#987 (dep: #983)
NoRecord Type#989 (dep: #971)
NoRecord Type#993 (dep: #992)
NoRecord Type#996 (dep: #995)
NoRecord Type#1000 (dep: #999)
NoRecord Type#1003 (dep: #973)
NoRecord Type#1004 (dep: #973)
NoRecord Type#1006 (dep: #982)
NoRecord Type#1007 (dep: #982)
NoRecord Type#1010 (dep: #991)
NoRecord Type#1011 (dep: #991)
NoRecord Type#1016 (dep: #1014)
NoRecord Type#1017 (dep: #1014)
NoRecord Type#1019 (dep: #1014)
NoRecord Type#1024 (dep: #967)
NoRecord Type#1026 (dep: #973)
NoRecord Type#1029 (dep: #971)
NoRecord Type#1032 (dep: #1021)
NoRecord Type#1036 (dep: #967)
NoRecord Type#1039 (dep: #967)
NoRecord Type#1041 (dep: #982)
NoRecord Type#1042 (dep: #1027)
NoRecord Type#1044 (dep: #971)
NoRecord Type#1047 (dep: #1021)
NoRecord Type#1051 (dep: #967)
NoRecord Type#1054 (dep: #967)
NoRecord Type#1056 (dep: #991)
NoRecord Type#1057 (dep: #1027)
NoRecord Type#1059 (dep: #971)
NoRecord Type#1062 (dep: #1021)
NoRecord Type#1066 (dep: #967)
NoRecord Type#1067 (dep: #1022)
NoRecord Type#1069 (dep: #971)
NoRecord Type#1071 (dep: #973)
NoRecord Type#1072 (dep: #1027)
NoRecord Type#1074 (dep: #967)
NoRecord Type#1077 (dep: #1021)
NoRecord Type#1081 (dep: #971)
NoRecord Type#1082 (dep: #1037)
NoRecord Type#1084 (dep: #971)
NoRecord Type#1086 (dep: #982)
NoRecord Type#1087 (dep: #1027)
NoRecord Type#1089 (dep: #967)
NoRecord Type#1092 (dep: #1021)
NoRecord Type#1096 (dep: #971)
NoRecord Type#1097 (dep: #1052)
NoRecord Type#1099 (dep: #971)
NoRecord Type#1101 (dep: #991)
NoRecord Type#1102 (dep: #1027)
NoRecord Type#1104 (dep: #967)
NoRecord Type#1107 (dep: #1021)
NoRecord Type#1111 (dep: #971)
NoRecord Type#1112 (dep: #9)
NoRecord Type#1122 (dep: #1117)
NoRecord Type#1127 (dep: #1117)
NoRecord Type#1130 (dep: #1117)
NoRecord Type#1132 (dep: #1119)
NoRecord Type#1135 (dep: #1117)
NoRecord Type#1140 (dep: #1117)
NoRecord Type#1143 (dep: #1117)
NoRecord Type#1145 (dep: #1119)
NoRecord Type#1148 (dep: #1117)
NoRecord Type#1153 (dep: #1117)
NoRecord Type#1164 (dep: #1159)
NoRecord Type#1169 (dep: #1159)
NoRecord Type#1172 (dep: #1159)
NoRecord Type#1174 (dep: #1161)
NoRecord Type#1177 (dep: #1159)
NoRecord Type#1182 (dep: #1159)
NoRecord Type#1185 (dep: #1159)
NoRecord Type#1187 (dep: #1161)
NoRecord Type#1190 (dep: #1159)
NoRecord Type#1195 (dep: #1159)
NoRecord Type#1203 (dep: #1198)
NoRecord Type#1208 (dep: #1198)
NoRecord Type#1211 (dep: #1198)
NoRecord Type#1213 (dep: #1200)
NoRecord Type#1216 (dep: #1198)
NoRecord Type#1221 (dep: #1198)
NoRecord Type#1224 (dep: #1198)
NoRecord Type#1226 (dep: #1200)
NoRecord Type#1229 (dep: #1198)
NoRecord Type#1234 (dep: #1198)
== closure 0x55c004e0eaa0 (env 0x55c0047c5fd0) ==
== dispatch table 0x55c0066b7370 ==
= version 0 (0x55c005b38e90) =
[sigature] needsEnv 
[flags]    
[stats]    invoked: 0, deopt: 0
0:
      0   push_  <blt is.object>
      5   dup_  
      6   ldvar_noforce_  is.object
     11   identical_noforce_  
     12   [ _ ] Test#0
     17   brtrue_  1
     22   pop_  
     23   ldfun_  is.object
     28   [ 0, <0>, valid  ] Call#0
     33   mk_promise_  0
     38   ; is.object(data)
          call_  1
     55   br_  2
1:
     60   ldvar_cached_  data{0}
     69   [ <?> ] Type#1
     74   ; is.object(data)
          call_  1
2:
     91   [ <?> ] Type#2
     96   ; ||(is.object(data), !(is.atomic(data)))
          aslogical_  
     97   dup_  
     98   brtrue_  5
    103   push_  <blt is.atomic>
    108   dup_  
    109   ldvar_noforce_  is.atomic
    114   identical_noforce_  
    115   [ _ ] Test#1
    120   brtrue_  3
    125   pop_  
    126   ldfun_  is.atomic
    131   [ 0, <0>, valid  ] Call#1
    136   mk_promise_  1
    141   ; is.atomic(data)
          call_  1
    158   br_  4
3:
    163   ldvar_cached_  data{0}
    172   ; is.atomic(data)
          call_  1
4:
    189   [ <?> ] Type#5
    194   ; !(is.atomic(data))
          not_  
    195   ; ||(is.object(data), !(is.atomic(data)))
          aslogical_  
    196   lgl_or_  
5:
    197   asbool_  
    198   brtrue_  6
    203   br_  7
6:
    208   ldfun_  as.vector
    213   [ 0, <0>, valid  ] Call#2
    218   mk_promise_  2
    223   ; as.vector(data)
          call_  1
    240   [ <?> ] Type#7
    245   stvar_cached_  data{0}
7:
    254   ldvar_cached_  data{0}
    263   [ <?> ] Type#8
    268   ldvar_cached_  nrow{1}
    277   [ <?> ] Type#9
    282   ldvar_cached_  ncol{2}
    291   [ <?> ] Type#10
    296   ldvar_cached_  byrow{3}
    305   [ <?> ] Type#11
    310   ldvar_cached_  dimnames{4}
    319   [ <?> ] Type#12
    324   missing_  nrow
    329   visible_  
    330   missing_  ncol
    335   visible_  
    336   call_builtin_  7 : <blt matrix>
    349   ret_  

[Prom (index 0)]
0:
      0   ldvar_  data
      5   [ <?> ] Type#0
     10   ret_  

[Prom (index 1)]
0:
      0   ldvar_  data
      5   [ <?> ] Type#3
     10   ret_  

[Prom (index 2)]
0:
      0   ldvar_  data
      5   [ <?> ] Type#6
     10   ret_  

NoRecord Type#4 (dep: #1)
-0.169089263 
nbody/nbody_naive: iterations=1 runtime: 1646636us
-0.169268067 
-0.169241027 
== closure 0x55c006558e58 (env 0x55c0047c6078) ==
== dispatch table 0x55c005603120 ==
= version 0 (0x55c005834d48) =
[sigature] needsEnv 
[flags]    
[stats]    invoked: 0, deopt: 0
0:
      0   push_  TRUE
      5   visible_  
      6   ret_  

nbody/nbody_naive: iterations=1 runtime: 1609708us
-0.16923427 
-0.16920185 
nbody/nbody_naive: iterations=1 runtime: 1542904us
-0.169031292 
-0.169012001 
nbody/nbody_naive: iterations=1 runtime: 1564878us
-0.169227801 
-0.169244158 
nbody/nbody_naive: iterations=1 runtime: 1537922us
-0.169180382 
-0.169229431 
nbody/nbody_naive: iterations=1 runtime: 1544821us
-0.169080306 
-0.169082656 
nbody/nbody_naive: iterations=1 runtime: 1540597us
-0.169290343 
-0.169258564 
nbody/nbody_naive: iterations=1 runtime: 1558665us
-0.169178397 
-0.169142466 
nbody/nbody_naive: iterations=1 runtime: 1533212us
-0.169018303 
-0.169035884 
nbody/nbody_naive: iterations=1 runtime: 1537011us
-0.169289554 
-0.169337341 
nbody/nbody_naive: iterations=1 runtime: 1539629us
-0.169225887 
-0.169233213 
nbody/nbody_naive: iterations=1 runtime: 1554268us
-0.169085163 
-0.169040725 
nbody/nbody_naive: iterations=1 runtime: 1534178us
-0.169209593 
-0.169174632 
nbody/nbody_naive: iterations=1 runtime: 1528406us
-0.169154256 
-0.169158572 
nbody/nbody_naive: iterations=1 runtime: 1543499us
nbody/nbody_naive: iterations=15; average: 1554422 us; total: 23316334us

> 
